Sr. No.,Link,Headline,Channel,Summary,Translation unavailable,Language,Date & Time,Semtiment,Likes,Comments
1,https://www.youtube.com/watch?v=U_DaHyhRlcs,Tata-Adani's entry into Missile Manufacturing! What is the Modi government's plan? Astra Missile | Defence,NavBharat Live,"- Prime Minister Narendra Modi’s government plans to invite private firms like Tata and Adani to manufacture missiles.
- This move aims to boost India's defense production, reduce dependency, and transform the nation into a major global weapons exporter.
- Collaborations between private companies and the Defense Research and Development Organisation (DRDO) are expected to accelerate technological growth and strengthen national security.","India no longer wants to be just a country that buys weapons, but wants to become a power that sells weapons to the world. In this direction, the Modi government is preparing to take a big step. There is news that the Indian government is seriously considering the entry of private companies into the sensitive defense sector like missile manufacturing. That is, in the coming time, Tata, Adani, Mahindra, Bharat Forge and many big Indian companies will not remain limited to vehicles, infrastructure or telecom, but can also make missiles. But the question is, why is the government feeling the need to do this? Are government companies not able to meet the demand for missiles? And if private companies enter the defense sector, what will India benefit from this? Let's understand in detail. Hello, my name is Tanmay and you are watching 'Nau Bharat Life'. Actually, in the last few years, India has taken steps towards self-reliance in the defense sector rapidly. In such a situation, the government's goal is that India can be included among the big defense exporters of the world. This is the reason why special focus is being given to defense production under the 'Make in India' and 'Atmanirbhar Bharat' campaigns. Meanwhile, Prime Minister Narendra Modi's recent visit to Indonesia has also created a new opportunity. Indonesia has shown interest in India's indigenous air-to-air missile 'Astra Mark-2'. This is not an ordinary missile; the Astra missile has been developed by the DRDO, that is, the Defence Research and Development Organisation. This is a Beyond Visual Range, or BVR, missile. This means it can target an enemy aircraft from such a distance that the pilot cannot even see it with his own eyes. The strike capability of the Astra Mark-2 is said to be about 180 to 200 kilometers. It can track and destroy enemy aircraft that change direction at high speed. This is the reason why many countries of the world are eyeing this missile today. But here, another big challenge is coming to the fore. Currently, the production of Astra missile is mainly done by the government company 'Bharat Dynamics Limited' or BDL. The problem is that the current production capacity is not able to meet the requirements of the Indian Army and Air Force. In such a situation, if big orders start coming from abroad, it will become necessary to increase production. This is where the role of private companies begins. According to sources, the government is now planning to include big private players in defense production. In this list, the names of Tata Group, Adani Group, Mahindra, Bharat Forge, IComm, and several other companies are coming up. These companies already have experience in heavy engineering, manufacturing, electronics, and high-tech production. The government believes that if the capacity of these companies is utilized in the defense sector, the pace of missile production can increase manifold. In fact, after Operation 'Sindoor', the world's perception of Indian weapons has suddenly changed. During this operation, there were discussions at the international level about Indian defense technology and the capability of indigenous weapons. The BrahMos missile has already made its mark in the world. Countries like the Philippines have already purchased BrahMos, and now the Astra missile is also becoming a subject of discussion in the international market. This means India has a big opportunity. If production is increased, India can take a big leap in the field of defense exports. The government believes that the participation of private companies in the defense sector will not only increase production but also increase competition, new technology will come, R&D will gain momentum, and new employment opportunities will be created. However, the defense sector is not a normal industry. It is a matter related to national security, so the government will not allow any private company to make missiles directly. Strict security standards, technical qualifications, and government surveillance will be in place for this. It is likely that in the beginning, private companies will work with government agencies and DRDO to produce, meaning the technology will be the government's and the private sector will cooperate in production. This model is already being used in many countries of the world. In countries like America, France, Britain, and Israel, a large part of defense production is in the hands of private companies. India is also now seen moving in that direction. Experts believe that if this plan is successful, India will not only fulfill the needs of its army but will also be able to record a strong presence in the global defense market. The demand for weapons is increasing rapidly across the world. Amid the Ukraine war, tension in West Asia, and the security challenges in the Indo-Pacific region, many countries want to increase their military strength. In such a situation, this can become a big economic and strategic opportunity for India. That is, in the coming time, companies like Tata, Adani, and Mahindra can play an important role not only in the business world but also in strengthening India's defense technology. And if that happens, India's defense sector can enter a new era, where India will not just buy weapons, but will move forward in the direction of becoming a superpower that sells weapons to the world. It remains to be seen when and in what form the government implements this plan. But it is certain that a big change has knocked in India's defense sector. What is your opinion about this news? Please tell us by commenting.",Hindi,12-07-2026 16:30,POSITIVE,0,0
2,https://www.youtube.com/watch?v=gZB8SHTBbfE,Modi’s Australia visit: From “chaiwala” to “flat white coffee”,Brut India,"- Prime Minister Narendra Modi addressed the Indian diaspora in Melbourne, Australia.
- He highlighted India's rapid economic growth under his leadership.
- PM Modi referenced India's strong stance against terrorism, emphasizing decisive security actions.","Hey tea-seller, greetings, how are you? Milk in the house comes from Australia, but the tea is made the Indian way. Hey tea-seller, the lentils and vegetables are from Australia, but they are seasoned with indigenous spices. I was also waiting to meet the people of Melbourne, so I thought this time I would have a flat white coffee with the people of Melbourne. This is the India that says grow more, achieve more. We are the fastest growing economy in the world. During Operation Sindoor, during Operation Sindoor, you must have seen the demo; the explosions were happening at the terrorists' hideouts, and the echoes were being heard all over the world.",Hindi,10-07-2026 13:57,POSITIVE,251,31
3,https://www.youtube.com/watch?v=oND65yahNUk,"Are you listening, Vinod! 📢📢",Indian National Congress,"Addressing ""Vinod,"" the speaker critically highlights various government failures and hypocrisies. They point out that despite 21 child deaths, the education minister remains in power. The speaker criticizes the government for not reducing petrol/diesel prices despite cheap crude oil, mixing ethanol in fuel, and a failing foreign policy. They also accuse the government of inaction on environmental issues and deaths from fake medicines, merely acknowledging them in Parliament. The speaker states the government collects high taxes but fails to control inflation, avoids responsibility for crises like Manipur or Pahalgam attacks, instead resorting to abuses in Parliament, hides martyrs' sacrifices, gives clean chits to China, and surrenders to Trump, all while remaining silent on India's insults, effectively ""destroying the country.""","Are you listening, Vinod! 21 children died, yet this education minister is sitting on his chair. Are you listening, Vinod! Your cars became scrap, yet they are mixing ethanol in petrol. Are you listening, Vinod! Crude oil became cheap, yet they didn't make your petrol and diesel cheaper. Are you listening, Vinod! Foreign policy has gone to the pits, but their laser reels are still coming today. Are you listening, Vinod! Whether trees are cut or forests are destroyed, or you get sick from pollution, they don't say a single word. Are you listening, Vinod! Many people died from fake medicines, they just keep saying 'it happened' in Parliament. Are you listening, Vinod! They will collect hefty taxes from you, but they don't control inflation. Are you listening, Vinod! Whether Manipur burns or there's an attack in Pahalgam, they don't take responsibility, but they do give abuses in Parliament. Are you listening, Vinod! They hide the martyrdom of the martyrs of Operation Sindoor and Are you listening, Vinod! I give a clean chit to China. As soon as Trump speaks, I surrender. I remain silent on India's insult. Are you seeing, Vinod, how I am destroying the country?",Hindi,10-07-2026 05:15,NEGATIVE,0,9
4,https://www.youtube.com/watch?v=Enq1PeoQpJ8,Gujarat Superfast | Today's News | Latest News | Top Headlines | Today Superfast | News18 Gujarati,News18 Gujarati,"Heavy rains and floods have severely disrupted daily life across various parts of India, including Jalgaon and Ratnagiri in Maharashtra, Reasi in Jammu & Kashmir, Tripura, Aligarh and Prayagraj in Uttar Pradesh, and Delhi-Noida. Rivers have overflowed, low-lying areas are submerged, roads resemble rivers, and water has entered homes and shops. In Tripura, over 2500 people sought shelter in relief camps. Surat is assessing the damage after floodwaters receded, with Podar Market reporting crores in losses and traders accusing authorities of negligence. Efforts are underway in Olpad's Sayan to prevent epidemics by spraying insecticides.

In Ahmedabad, a road expansion project towards the Narendra Modi Stadium is progressing. Significant action was taken against fennel adulteration in Unava. Ambaji Temple initiated a cleanliness drive after 50 years of its renovation, with a Vadodara-based company undertaking the 1 crore project free of charge. Political activity is heating up with by-elections in Manjalpur and Junagadh. Ahead of the Rath Yatra, a law and order review meeting introduced a smart tracking system for elephants. Prime Minister Modi addressed the Indian community in Melbourne, highlighting the strengthening India-Australia ties and India's development goals, including becoming the third-largest economy. Congress conducted a review meeting in Jamnagar, Dwarka, and Porbandar districts to assess the political situation.","In Jalgaon, Maharashtra, floods in the Dongra river brought the Kedarkund and Dhaval Teerth waterfalls to life. The river, a main source, took on a fierce form, with its flow heading towards Valathan Dam. Nature lovers rejoiced as the famous waterfalls flowed with immense force. In Ratnagiri district, Maharashtra, heavy rains disrupted daily life. People faced difficulties as homes in Bhingloli and Samarthnagar were waterlogged. A strong current flowed like a river on the roads, affecting vehicular traffic due to widespread waterlogging. In Reasi, Jammu and Kashmir, heavy rains caused widespread waterlogging. Scenes of rivers flowing on the roads emerged, with water entering houses and shops. Daily life was affected by waist-deep water. In Tripura, continuous rain caused reservoirs to overflow, submerging low-lying areas. Thousands were forced to leave their homes, with over 2500 people taking shelter in various relief camps set up across the state. In Aligarh, Uttar Pradesh, many areas were submerged from Wednesday due to rain. Roads turned into lakes. Vehicular traffic was disrupted as water filled up to the court premises. Locals faced great hardship due to waterlogging. In Prayagraj, Uttar Pradesh, low-lying areas were flooded after heavy rains. Locals faced difficulties as water filled the streets in Akbarpur area of Phulpur. Water is not being properly drained due to non-cleaning of sewers and drains. Heavy rain in Delhi and Uttar Pradesh. Waterlogging on roads in Noida. Roads submerged due to heavy rains. Many vehicles stuck in water. Vehicle drivers faced a difficult situation. Destruction in Surat after the water receded. Podar Market suffered losses worth crores due to waterlogging. Heavy damage in more than 200 shops. Traders claim losses of around 250 crores. Traders accuse the administration. They allege that no SMC official responded appropriately despite being informed. The responsibility of draining the water was left to the traders. Accusations that local MLA, corporator or any other responsible official did not come to help. Creek floods receded in Sayan of Olpad. Sayan Gram Panchayat sprayed 1500 kg of insecticide powder. The administration is ready to prevent an epidemic. Garbage accumulated on the roads was also removed. Flood waters receded in Surat but hardship continues. After the water receded in Parvat village, leaders rushed to take photos. They reached with tractors in knee-deep water. People criticized the politicians who appeared after the floods. Scenes of confrontation between corporators and locals. After the water receded in Parvat village, there were piles of dirt and mud everywhere. In some areas, creek water has not yet receded. Residential areas still have 5 to 7 feet of water. The situation is critical in Saniya Hemad, Kumbharia, Magob and Limbayat. Road expansion work from Janpath three roads towards Narendra Modi Stadium. TP Road will be widened to 61 meters. Mega road widening project in Sabarmati ward given momentum. No compromise will be made with the health of citizens. Strict action by Minister of State for Health Praful Panseria against those adulterating fennel in Unava Unjha. 26 tons of fennel worth Rs 19.6 lakh mixed with chemical color was seized. Approximately 50 years completed since the renovation of Ambaji Temple. Cleanliness drive started in the temple. Yellowish and black stains on marble stones will be removed. Shine will return with power wash and steam wash. The cost of cleaning the temple's marble is estimated at Rs 1 crore. A Vadodara company undertook all the work free of charge. The work will be done in three phases in the next six months. BJP ticket scramble for Manjalpur assembly by-election. Candidates' 'Rapalu' broke out during the sensus process. More than 100 contenders in the fray. Possibility of candidate announcement by July 12. By-election for one seat in Ward No. 3 of Junagadh will be held on July 28. BJP conducted the sensus process. Former corporator Abbasbhai Akram Qureshi filed his candidature. Abbas was jailed after being booked for 'Gutsi Talk'. A new chapter of friendship between Australia and India and Prime Minister Modi's mega show in Melbourne. 'Modi Modi' slogans echoed in the stadium. PM Modi addressed the Indian community and said that India-Australia relations are at a new height. PM Modi said that people living abroad are connected with India. India's 'tadka' in Australian kitchens too. 21st century India is on the path of becoming developed. India always says 'Grow More'. India will become the third largest economy. In Melbourne, PM Modi mentioned 'Operation Sindoor'. He said that the impact of attacks on terrorist hideouts echoed throughout the world. Today, from Jeep to Ship and Chip manufacturing, India is developing a new ecosystem. Harsh Sanghavi in action mode before Rath Yatra. A high-level meeting was held under the chairmanship of the Deputy Chief Minister. Detailed review of the law and order situation. For the first time in history, 'Gajrakshak Smart Tracking System' for elephants. 'Pratiraksha App' will be used for verification of other truck operators. Appointment of chairmen of remaining committees in Rajkot District Panchayat. District Panchayat President's clarification on the discussion of drinking during the training class in Sasan Gir area. He called it a conspiracy of opponents and rejected the allegations made against him. He said I was not in any alleged condition. Congress review meeting held in Jamnagar. State Congress President Amit Chavda and Mukul Wasnik among other leaders were present. Political situation of Jamnagar, Dwarka, Porbandar districts was reviewed. Organizational changes will be made as per requirement after the review. BJP's effort to reach the minority community in Narmada district is more active. Through the organization, various schemes...",Gujarati,10-07-2026 00:30,NEGATIVE,11,0
5,https://www.youtube.com/watch?v=_ySNsIsmxuw,Today's 12 PM Top News Headlines | 09 July 2026 | US-Iran War| PM Modi | Rahul | News 24,News 24,"Heavy rainfall caused landslides and cloudbursts in J&K, Himachal, and Uttarakhand, leading to significant damage in states like Mumbai, Delhi NCR. TMC faced a setback as three former Rajya Sabha MPs joined the BJP. In Melbourne, PM Modi held a successful mega show, where he announced that during 'Operation Sindoor,' explosions at terrorist hideouts were heard globally, highlighting India's proactive steps against terrorism.","Heavy rainfall wreaked havoc from mountainous to plain regions, causing landslides and cloudburst destruction in Jammu and Kashmir, Himachal, and Uttarakhand. Heavy damage from floods and rain occurred in many states, including Mumbai, Delhi NCR. TMC suffered another setback as three former Rajya Sabha MPs — Sushmita Dev, Prakash Chik Baraik, and Sukhendu Sekhar Roy — joined BJP. They were presented with BJP scarves in the presence of Bengal BJP President Samik Bhattacharya. PM Modi held a mega show at a stadium in Melbourne, drawing a massive crowd. PM Modi stated that during 'Operation Sindoor,' explosions at terrorist hideouts resonated, and the world heard it. America...",Hindi,09-07-2026 19:19,POSITIVE,0,0
6,https://www.youtube.com/watch?v=RgF6qer2rBM,Indonesia Will Buy BrahMos Missile! Big Defence Deal for India from PM Modi's Visit,Nitipath,"During PM Narendra Modi's visit to Indonesia, discussions centered on a BrahMos supersonic cruise missile deal. India and Indonesia signed 20 agreements, under which India will supply additional BrahMos missile units to Indonesia, making it the third buyer after the Philippines and Vietnam. Indonesia also plans to acquire India's indigenous 'Astra' air-to-air missile. India is now exporting over 15 types of weapons and defense equipment globally, including BrahMos, Akash, Pinaka, Astra, patrol vessels, and artillery systems. This continuous growth in defense exports is establishing India as a reliable supplier in the global defense industry, rather than just a buyer.","During Prime Minister Narendra Modi's visit to Indonesia, the most discussed topic is the deal for BrahMos supersonic cruise missiles. Between India and Indonesia, 20 important agreements were signed, under which India will provide additional units of BrahMos missiles to Indonesia. So now, after the Philippines and Vietnam, Indonesia has also become the third country to buy India's BrahMos missile. And not only that, Indonesia has also decided to buy the indigenous air-to-air missile named 'Astra', which was used by India in 'Operation Sindoor'. This means that if you look at India's defense exports today, our country has started exporting more than 15 types of weapons and defense equipment to many countries around the world. These include BrahMos missile, Akash Air Defense System, Pinaka Rocket System, as well as Astra missile, patrol vessels, artillery systems, military vehicles, and many other defense equipment. In the last few years, India has been continuously setting new records in its defense exports. This means that India is now not just a country that buys defense equipment, but has started building its new strong identity as a reliable supplier in the global defense industry. So what would you like to say about this new flight of India? Do send us your opinion in writing. Jai Hind.",Hindi,08-07-2026 08:09,POSITIVE,42,0
7,https://www.youtube.com/watch?v=XumS1uD4ZSk,Have the Three Armed Forces Snubbed Rajnath Singh? A Rebellion Over Agniveer!,Bolta Hindustan,"In 2022, the Modi government launched the Agnipath (Agniveer) scheme as a major reform for the armed forces, but it faced immediate opposition from Rahul Gandhi, other politicians, and ex-military personnel who advocated for a permanent army, warning of harm to national security and military ethos. The government, however, proceeded with the scheme. Now, all three branches of the armed forces – Army, Navy, and Air Force – are collectively demanding that the Agniveer system be discontinued, specifically challenging the provision of retaining only 25% of Agniveers after four years of service. They propose increasing this retention to at least 50%, with the Navy aiming for 75%, arguing that four years is insufficient to train expert soldiers, especially in technical fields. The current system leads to poor returns on training investment as 75% of trained personnel leave. Lessons from Operation Sindoor highlighted the need for experienced personnel and to address a shortage of 1.8 lakh soldiers. The government's reluctance stems from a desire to avoid pension costs, prioritizing weapon procurement over soldier benefits. The proposal is currently under discussion in the Ministry of Defence, and the government is now considering welfare measures for martyred or disabled Agniveers, echoing earlier opposition concerns. The armed forces assert that national defense cannot be compromised and a permanent, highly trained force is essential.","In 2022, the government, the Modi government, launched a very major scheme called Agniveer. It was stated to be a huge reform in the army. The opposition and Rahul Gandhi opposed it, saying, 'Withdraw it, the country needs a permanent army, not a contractual one.' Many former military personnel also opposed it, stating that it would hurt the fundamental spirit of the army and harm the nation. But the government said, 'Modi ji does things after careful consideration.' Its implementation began in 2022. The government did not listen to the opposition, experts, or ex-army personnel. Now, the army itself has bluntly told the government: 'We don't want more Agniveers; this Agniveer system will not work anymore.' The Air Force, Navy, and Army are all saying, 'End this four-year system, it cannot continue now.' Under the Agniveer scheme, only 25% of Agniveers who completed four years of service would get permanent jobs. Now, the Army, Navy, and Air Force are collectively saying in one voice that this 25% system will not work; increase it. 'Let the army work as an army should. This contractual-based army system cannot work in India. Increase the 25%.' According to an Indian Express report, the difficulties faced by the army during Operation Sindoor last year made them realize that Agniveer sounds good, it might be Modi ji's dream, but it's not right for the army. All three armed forces want this 25% to be increased. The Navy wants it to be 75%, while the Army and Air Force want a target of at least 50%. This is a bone of contention for the government because they don't want to pay pensions. They say they have money to buy weapons but not to give pensions to soldiers. This proposal has not been finalized yet; discussions are ongoing in the Ministry of Defence. The three armed forces want to increase it because you cannot make any soldier an expert in four years. In many technical jobs in the Navy, it takes more than three years just to learn basic operations. If 75% of trained soldiers leave, the return on training investment is low. The army needs soldiers for a longer duration after their training. The lesson from Operation Sindoor is that Agniveers should be given more time so that they become experienced. The 25% limit must be removed. There is also a shortage of soldiers, approximately 1.8 lakh soldiers are needed. This will only happen when the 25% clause is removed. Besides increasing retention, the government might consider lifelong financial assistance for the families of martyred Agniveers, free treatment for disabled Agniveers, and medical cover. This means the government is now willing to accept many of the objections raised by Rahul Gandhi, which it previously rejected, because the army is saying in unison: 'We don't want Agniveers; we want more permanent, trained army personnel.' They should be vigilant and be able to capture their enemy in the blink of an eye. It should not be that someone we trained for four years retired after four years. That means the number of retirees will be high, and trained people will keep retiring. New people will come, they will also be trained, and they will retire. Who will you get work from? When the training period itself is so long. When technology is advanced and there is no shortcut to understanding that technology, you have to give it time. Now the government is realizing, perhaps it will understand, because the file is still pending in the Ministry of Defence, what the army wants. What is the need of this country? The army is saying that compromise with the country's defense and security will not work anymore.",Hindi,07-07-2026 15:14,NEGATIVE,497,53
8,https://www.youtube.com/watch?v=CTkePweoMZY,NIA charge sheet LeT as conspirator in Pahalgam terror attack! | Ayyanathan.K | The Rooster News,THE ROOSTER NEWS ,"The NIA charge sheet states that Pakistan-based LeT and its front organization, TRF, planned last year's Pahalgam terror attack, naming LeT chief Hafiz Saeed as the prime accused. Operatives Faisal Jatt, Habib Tahir, and Hamza Afghani were killed, and local facilitators were also charged. India responded with 'Operation Sindoor,' destroying nine terrorist camps in Pakistan and PoK, killing Hafiz Saeed's family (though he escaped). Despite this, the speaker notes, the US did not condemn LeT but instead stopped Operation Sindoor and later awarded Pakistan's Army Chief. The speaker criticizes the Modi-Trump friendship as deceptive, arguing that India's foreign policy is weak, as evidenced by its silence on the Iran war and support for the US-Israel attack. The clip concludes with a call for media to serve the public and a brief advertisement.","The NIA's charge sheet names Faisal Jatt alias Suleiman Shah, Habib Tahir alias Jibran, and Hamza Afghani as those shot dead after the Pahalgam terror attack that killed 20 tourists. Local individuals Parvez Ahmed and Bashir Ahmed Jodhar, who provided accommodation to these terrorists, are also included. The NIA has filed a charge sheet stating that Lashkar-e-Taiba (LeT) and The Resistance Front (TRF), both Pakistan-based, planned and executed the April 22 Kashmir Pahalgam terrorist attack. LeT chief Mohammed Hafiz Saeed is named as the primary accused, and TRF is identified as an LeT 'front organization.' In retaliation, PM Modi delegated responsibility to India's armed forces. 'Operation Sindoor' saw the Indian Air Force and Army destroy nine terrorist camps, five in Pakistan-occupied Kashmir and four in Pakistan. Hafiz Saeed's family was killed in this operation, though he escaped. The bodies of the deceased were reportedly given state honors in Rawalpindi by Pakistani President and PM. Despite these facts in the NIA charge sheet, the US did not condemn LeT or Pakistan. Instead, America reportedly pressured India and Pakistan to cease hostilities, stopping Operation Sindoor within three days. Subsequently, President Trump invited the Pakistan Army Chief to the White House and awarded him. The speaker questions the sincerity of statements by Trump calling Modi 'my friend' and Modi calling Trump 'India's friend,' considering this incident. The Modi government's continued claim of good relations with the US and maintenance of that friendship, despite the US honoring Pakistan's army chief, is seen as regrettable. The speaker states that this diplomatic stance led to India's silence on the Iran war and its support for the US-Israel attack on Iran, demonstrating a weak foreign policy. The NIA charge sheet further details the involvement of the named terrorists and local facilitators. The clip concludes with a call for media to serve the public and a brief advertisement for Ma Naturals.",Tamil,06-07-2026 15:30,NEGATIVE,23,0
9,https://www.youtube.com/watch?v=4N1Rr1Go2uE,NIA's Charge Sheet on Pahalgam Attack | #pahalgamattack #jammukashmirnews #operationsindoor #pakistannews,Bharat 24 - Vision Of New India ,"The NIA has filed a charge sheet in the Pahalgam attack, naming Hafiz Saeed as the main accused. The investigative agency has also filed a supplementary charge sheet against the terrorist mastermind Hafiz Saeed, who is based in Pakistan. In the charge sheet submitted to a special NIA court in Jammu and Kashmir, Hafiz Saeed has been individually charged and identified as the chief founder of Lashkar-e-Taiba and its proxy organization, The Resistance Front (TRF).","And big news is coming that the NIA has filed a charge sheet in the Pahalgam attack case. The special thing is that in its charge sheet, the NIA has made Hafiz Saeed the main accused, meaning Hafiz Saeed is behind the attack that took place. The NIA, investigating the Pahalgam terrorist attack, has submitted its charge sheet, and taking a big step in this matter, a supplementary charge sheet has been filed against the terrorist mastermind Hafiz Saeed, who is sitting in Pakistan. And in this charge sheet filed in the special NIA court of Jammu and Kashmir, Hafiz Saeed has been personally named as an accused and has been nominated as the chief founder of Lashkar-e-Taiba and its proxy organization, The Resistance Front (TRF).",Hindi,06-07-2026 11:20,POSITIVE,1,0
10,https://www.youtube.com/watch?v=GbYkt8G7XjU,"Netanyahu trapped Modi, Congress launched an offensive, America showed Modi his place!",4PM,"US VP JD Vance reportedly told Israeli PM Netanyahu that Israel's only ally is America. Netanyahu responded, asserting India is with him, emphasizing the strength India's 1.4 billion people bring. The report highlights Congress's anger, noting America's explicit support for Israel, contrasting it with the US's historical reluctance to openly declare ""we stand with India"" on various issues. This led Netanyahu to publicly acknowledge India as his ally when faced with perceived global isolation. The text concludes by mentioning an upcoming statement from Congress's Jairam Ramesh.","Welcome, friends, to 4 PM News Network. I am Rashi Zaheer with you. The statement India was longing to hear did come out of America's mouth, but it wasn't for India and Modi; it was for Israel. Congress has also become enraged. The point is that their Vice President, JD Vance, taunted Israel, specifically Netanyahu, by saying that he has no ally other than America. Netanyahu responded, saying that India is with him. And there's no doubt that when a country of 1.4 billion people like India sides with someone, that side often gains strength. It's a different matter that most of Netanyahu's fans, whether on Facebook or Instagram, have been seen celebrating with Netanyahu over Gaza. But that's not the main point, friends, that's not the real news. The news is that the statement from Congress reveals that America has never openly been able to say, until now, whether it's the issue of Pahalgam or Sindoor or anything else, that ""we stand with India."" But it is speaking for Israel, and Israel said, ""No, I am not isolated; India stands with me."" Friends, I'll show you that JD Vance said Israel, meaning Netanyahu, should understand that an ally like America is with them. When Israel became isolated globally, if there are two countries to stand with it, one is India and the other is America. However, America spoke for Israel but never for India. Congress's anger was justified. A statement from Congress's Jairam Ramesh...",Hindi,06-07-2026 10:25,POSITIVE,344,12
11,https://www.youtube.com/watch?v=QaOzidTUJ68,"Who After Modi on BJP's Chair? Abhay Dubey's Big Analysis on Yogi, Amit Shah, and Internal Equations!",4PM,"The speaker, Abhay Dubey, critically analyzes the Modi government's leadership, asserting that despite 'Godi media' propaganda, a full majority wasn't secured last time, and the path to 2029 is fraught with challenges. He cites failures like 'Operation Sindoor', yielding to the US, Rahul Gandhi's 'Surrender Prime Minister' remark, economic failures, unemployment, and discontent among youth and the middle class. Issues such as passport denials due to voter list removals are also highlighted.

Comparing Modi to a 'proven' old car, the speaker argues that newer leaders like Devendra Fadnavis, Amit Shah, and Yogi Adityanath are nationally 'unproven'. Modi demonstrated an ability to garner support even against party and RSS wishes, a challenge for these emerging leaders. Amidst cabinet reshuffle speculations, ministers like Dharmendra Pradhan and Nirmala Sitharaman are criticized for incompetence. Shaktikanta Das is mentioned as a potential Finance Minister, with doubts raised about his expertise.

Regarding alleged corruption in the Ram Mandir construction, the speaker claims that Nripendra Mishra, chairman of the Trust's construction committee, awarded major contracts to Larsen & Toubro and Tata, while a 40% commission issue persists at the local level involving RSS-affiliated contractors. It's alleged that Mishra aims to shift control of the Ram Mandir from the RSS to the PMO. The silence of both Modi and the RSS on these matters is termed a calculated strategy, with ""drama"" of anti-corruption raids and Yogi Adityanath's empty boasts being used to whitewash the corruption.","Abhay ji, the wave and current that should have been under Modi's leadership wasn't there; even last time, despite 'Godi media' propaganda, a full majority wasn't achieved. Continuous incidents, failure in 'Operation Sindoor', kneeling before America, Rahul Gandhi calling him 'Surrender Prime Minister', economic failure, unemployment, and dissatisfaction among the youth and middle class. Is the path to 2029 easy? Even if state elections were won, they are happy about 2.7 million votes being cut, but a former editor explained how a passport couldn't be made because a name was removed from the voter list. Such situations exist across the country. Will Modi remain so powerful until 2029? Using a car analogy: there are new shiny cars (new leaders), but they are not 'field-proven' or 'road-proven'. Their true nature will be known only after a year. On the other hand, there is an old, established car (Modi) whose strengths and weaknesses are all known, and who has proven himself. Narendra Modi has proven himself. Among the leaders named, bringing any of them forward carries an unforeseeable risk. Everyone knows what Modi is and what he isn't. If elections are fought based on him, arrangements and hedging can be done. No one knows the national level qualities of leaders like Devendra Fadnavis, Amit Shah, or Yogi Adityanath. Their image is either that of a regional leader or slightly more. If the RSS favors Fadnavis, that's one thing, but they cannot make voters stand for him by their will. Modi gained support even within the party and against the RSS's wishes, and Rajnath Singh couldn't stop him. He also created enthusiasm among voters. Such thought or process is not for these leaders now. They will have to prove their popularity inside and outside the BJP, which Modi has already done. BJP workers might have more attraction towards Amit Shah. Regarding cabinet changes, Dharmendra Pradhan, the Finance Minister, and the Foreign Minister have embarrassed Modi ji. Modi often removes those he congratulates (example of Manohar Lal Khattar). Dharmendra Pradhan's birthday wishes and talk of his contribution to education are currently being considered sarcastic. The BJP must be receiving news of student dissatisfaction, so removing him would reduce that dissatisfaction. Nirmala Sitharaman's presence or absence is irrelevant; she is incompetent. Shaktikanta Das's name is coming up for the Finance Minister post; while RBI Governor, he only followed the government's word and showed no independent expertise. Previous governors (Raghuram Rajan, Urjit Patel) were independent. Das's tenure played a large role in the rupee's decline. As Finance Minister, it doesn't seem he will add any significant value. This is not about the arrest of Champat Rai, but what is the victory that Nripendra Mishra, who is the chairman of the construction committee, the chairman of the trust. He is the chairman of the construction committee. And in the construction committee, Nripendra Mishra has done this that he has given the construction contract to Larsen & Toubro and a company of Tata. Well, both those companies are very reputed and big. The talk of 40% commission that is coming is at the local level for the supply, etc., which is the supplier, meaning mostly RSS people. They are RSS contractors, and this matter of commission is going on with them. So the big construction work, the big work, whose responsibility was Nripendra Mishra's. As far as my information goes, he gave the contract to these two, and he believes that no harm can come to these two. And because of that, no harm can come to me. So Nripendra Mishra has largely secured his position in this way. And we should understand this because he is very... I mean, today when no one is raising questions about him, that is also one reason. I believe questions should be raised, I agree with you on this. Whatever is happening there, it's not that, and the way Nripendra Mishra came there and attacked Champat Rai & Company and said that this is dacoity. At the same time, he also said that their loyalty is beyond doubt, but their supervision was faulty, so he admitted the fault. So in this way, I think that he wants to take the entire reins of the Ram Mandir from the hands of the RSS and give it to the hands of the PMO. And he is separately working on this entire plan. I think this is his goal, he wants to achieve this goal. He wants to do this work by taking advantage of this opportunity, and all this work will not happen by criticizing the RSS and openly clashing with the RSS. That's why everyone is silent. Modi ji is silent separately. The RSS is silent separately. Everything is being said after much thought and deliberation. This work is being done very cleverly, and a long rope is being given in this matter. Everything is being dramatized. Raids are being conducted on the homes of eight people. A complete scene is being created that there is a tremendous action against corruption. All this is happening. On the other hand, Yogi Adityanath is boasting idly, boasting even though he has done nothing. He made an FIR, but it was not even registered, he has not even registered an FIR. The whole matter is going on like this; this in itself is a case study of how corruption is whitewashed. It is visible right in front. Look, whitewashing is happening in front of everyone, and no one is saying anything.",Hindi,05-07-2026 03:45,NEGATIVE,715,46
12,https://www.youtube.com/watch?v=k4ibL8nnw14,Why does Narendra Modi have so much love for China?,Indian National Congress,"This clip criticizes the Modi government's policy towards China, highlighting its perceived hypocrisy. The speaker points out that the government granted concessions to Chinese companies in critical power projects despite China's illegal occupation of Indian territory, support for Pakistan, and the martyrdom of 20 Indian soldiers in Galwan. The speaker questions why the government is opening doors for Chinese businesses after years of anti-China rhetoric and app bans. He labels this a ""strange policy,"" arguing that if Chinese investment was previously considered wrong, it cannot suddenly be right. The speaker demands answers from Prime Minister Modi, stating that the public's memory is not weak and that answering questions is the government's responsibility, especially concerning its policy and intent towards China.","In India's highly sensitive, critical power projects, the Modi government gave huge concessions to four Chinese companies. To whom? China. The same China that is illegally occupying our lands from Ladakh to Arunachal. But Narendra Modi offers coconut water to Xi Jinping. The same China that takes Pakistan's side everywhere, provides it with weapons in Operation Sindoor, and Narendra Modi swings Xi Jinping on a swing. The same China against whom our 20 soldiers were martyred in Galwan, but Narendra Modi gives a clean chit saying, 'no one has entered, no one has occupied.' The same China about whom there was rhetoric and politics for years, whose apps were banned, and who left no stone unturned in showing hostility towards us. Today, the Modi government stands with open doors for the companies of that very China. Boycott in speeches, trade in papers, hey, do you have any faith, religion, or integrity? Wow! On stage, show a red eye in speeches, and in files, lay out a red carpet saying, 'Welcome my friend, welcome.' This is a strange policy. If China was such a big threat, why this softness now? If Chinese investment was wrong before, how did it become right now? Modi ji, the public's memory is not as weak as you think. I will not twist your ear, I will catch it straight and hold it tight. What is it, sir, asking questions is the habit of democracy, and answering is the government's responsibility. Because the question is not just about China, but about the government's policy and intent. Narendra Modi, answer.",Hindi,04-07-2026 13:30,NEGATIVE,0,3
13,https://www.youtube.com/watch?v=nhJU1XO8FwU,"Modi government favors China! Despite trade deficit, under what compulsion is it opening the door? #shortvideo",4PM,"The video questions the Modi government's compulsion to open doors for four Chinese companies in critical power projects. This is despite China's adversarial stance, maintaining a presence from Ladakh to Arunachal Pradesh, and supplying arms to Pakistan. It highlights India's increasing dependence on China despite a $112 billion trade deficit, arguing that such actions contradict the vision of a self-reliant and developed India.","After all, what is the compulsion of the Modi government in front of China? That the government is opening doors for four Chinese companies for critical power projects. For that China, which is keeping a close eye from Ladakh to Arunachal Pradesh. Which always remains a shadow of Pakistan on every platform. Which was supplying weapons and technology to Pakistan against us in Operation Sindoor. Now, the Modi government has given permission to those same four Chinese companies to bid for projects launched in the power sector. It is not understandable what is the compulsion of the Modi government. Despite a trade deficit of 112 billion dollars, we are becoming more dependent on China. Talk and promises are made about 'Atmanirbhar Bharat' (self-reliant India), but if this attitude continues, big dreams like 'Atmanirbhar Bharat' and 'Viksit Bharat' (developed India) will prove hollow.",Hindi,04-07-2026 08:34,NEGATIVE,207,1
14,https://www.youtube.com/watch?v=ezh7GgczLvg,"BJP only does politics of development, Narottam Mishra's taunt on Congress in Datia! MP News",NavBharat Live,"The speaker contrasts Datia's past struggles with water, potholes, and gang wars, with the peace and development brought by the current government. He asserts that the BJP dismantled networks of Naxalites, dacoits, and SIMI across Madhya Pradesh and won the public's trust. Praising Prime Minister Narendra Modi as a global leader, the speaker highlights significant national changes under his leadership: Pakistan now begs instead of demanding Kashmir, the tricolor is proudly hoisted in Kashmir, and strong actions like surgical strikes have been taken. He also notes improved railway security and counter-terrorism efforts. The speaker, committed to Datia's welfare, declares his selfless service and aims to dedicate his best to the region. He urges the public to support the Bharatiya Janata Party in the upcoming elections to restore Datia's halted development.","So our Datia was struggling with challenges. There was no water supply for drinking in Datia. Pits were dug in front of people's houses and containers were kept at doors. Datia was identified by potholes and goons. Gang wars used to happen here. Such was the situation of Datia. Electricity used to come sometimes. Now it goes sometimes, this change we have brought. That was an era when people couldn't sleep in their fields at night, fearing that a gang of dacoits might come. 20 years ago, in such troubles, Datia was given to us as a legacy by these people. But we changed it, today we have established an era of peace here in Datia, and no gang of dacoits now roams in this area. Not just here, but across Madhya Pradesh, whether it was Naxalites, dacoits, or SIMI's network, we dismantled all networks. By working, the Bharatiya Janata Party tried to win the hearts of the people of Datia, the people of Madhya Pradesh. Friends, today the Bharatiya Janata Party has a leader like Honorable Narendra Modi ji. Now compare them, from the top. Where is Narendra Modi and where is Rahul Gandhi? Where is 'Ram-Ram' and where is 'Tain-Tain'? There is no comparison. Modi ji is a global leader, a world leader. He was such a leader that when he was in charge of Madhya Pradesh, we used to see the image of Gujarat's Chief Minister in him. And when he became the Chief Minister of Gujarat, we started seeing the image of the country's Prime Minister in him. And when he became the Prime Minister of the country, we started seeing the image of a world leader in him, and today if there is any most popular leader in the world, it is with the Bharatiya Janata Party. Imagine India before Modi ji came, and India after Modi ji came. Just as I am making you imagine Datia before I came and Datia after I came. Just imagine, before Modi ji came, Pakistan used to demand Kashmir from us. And after Modi ji came, the situation is that today Pakistan is begging with a bowl, this situation has been created by Modi ji. Before Modi ji came, we couldn't hoist the tricolor flag in Lal Chowk, Kashmir. After Modi ji came, forget about the tricolor in Lal Chowk, Kashmir, Modi ji hoisted the tricolor on the moon, you all have seen this. Before Modi ji came, Pakistani soldiers used to come and cut off the heads of our soldiers, it used to cause pain and sorrow. But after Modi ji came, if a bullet came from Pakistan's side, then a shell went from our side, a shell of surgical strike, a shell of air strike, a shell of Operation Sindoor. Today, Pakistan does not have the courage to even glare at India. This change has been brought within the country. In India, if you went to railway stations before Modi ji came, announcements used to be made at stations that do not touch any unclaimed item, it might contain a bomb. After Modi ji came, terrorists were confined to their places, no terrorist has the courage now; in Operation Sindoor, terrorists were killed by entering their homes after the Kashmir incident. This work has been done. My friends, we had given such respect to Datia that if a car with Datia's number plate was roaming somewhere in Madhya Pradesh and the police caught it and saw the number, knowing it was from Datia, no one dared to stop it. Any officer or employee stopping any person from Datia in Indore, Jabalpur, Bhopal, Gwalior, and that person says that I am from Datia, that much introduction was enough, they wouldn't ask for name or address, they would directly tell them to go home. We gave that respect to Datia in front of all of you. I have served wholeheartedly, my Gurjar community brothers, I have served Datia wholeheartedly. Served wholeheartedly. And I want to do the same service, that's why I am also praying to you. I have everything given by God. It is sufficient, it is abundant. There is no hunger like these so-called leaders who are roaming in front of you. I just want to give the best of my life to Datia, I want to give it to you, I want to dedicate it at your feet. This is it. This is it, and that's why I am praying to you that there are only 20-25 days left. Not many days, not even a full month. For these months, give it to Datia. Give it to the coming generation. Give it to the coming youth. For whom we were beautifying Datia. Imagine, if we hadn't lost in the elections two and a half years ago, if the Bharatiya Janata Party hadn't lost, where would we be? And where we would be, where would our Datia be? Then think about this in your mind. That the rapidly progressing development of Datia was stopped by this person. And that's why I am requesting you to support the Bharatiya Janata Party to bring this development back on track.",Hindi,04-07-2026 04:04,POSITIVE,5,0
15,https://www.youtube.com/watch?v=QjLGGK1Brao,Op Sindoor transformation of Indian Military continues,The Tribune,"The Ministry of Defence, through the Defence Acquisition Council chaired by Rajnath Singh, approved several key military upgrades. These include a counter-UAV electronic warfare system for the Indian Army to disable enemy drones, and a high-altitude pseudo-satellite (HAPS) for the Air Force, offering persistent surveillance and pinpoint targeting. Other significant approvals are jet-based Kamikaze drones for self-destructing attacks, a medium-range surface-to-air missile system, the VSHORADS for very short-range missile defense, and enhanced armor protection for tanks. These decisions aim to transform and strengthen India's military, incorporating lessons learned from past operations and the 2020-2024 stand-off with China.","Today, the Ministry of Defence took two important decisions, which further cements the transformation and the change in the Indian military being carried out post-Operation Sindoor and also post the lessons India learnt during the military stand-off with China, the four-year long stand-off from 2020 to 2024. The decisions of the Ministry of Defence were taken by the Defence Acquisition Council, chaired by Defence Minister Rajnath Singh. These are two very important decisions which I'll bring you. First is a counter-UAV system for the Indian Army. This counter-UAV system will be based on an electronic warfare system, means that the this electronic warfare counter-UAV system will disable enemy drones trying to fly in or enemy small quadcopters or the drones which will be carrying small amount of payload. So this will be a kind of a disabler. This will be in addition to the guns, anti-drone guns and anti-drone weapons which are existing in the arsenal of the Indian Army. The second decision is about a high-altitude pseudo satellite. This will be for the Air Force. This pseudo satellite is actually like a plane. It has got fixed wings, it flies in the air, takes off from a runway and remain geostationary at a particular spot for a few weeks. It is powered by solar panels which are on the wings of the HAPS or the HAPS as it's being called by the military. These solar panels power the power this pseudo satellite for months. It can provide consistent, consistent and persistent surveillance and reconnaissance, provide pinpoint targeting of the enemy positions and also enemy planes. This is not the first time that the high-altitude pseudo satellite has been okayed. There have been tranches of the HAPS being cleared in the past also. The Indian Army already has signed a contract with a Bengaluru based company for providing these satellite based persistent surveillance systems. The Indian Air Force is also getting it. The Indian Air Force will naturally marry the data from these high-altitude pseudo satellites into its own combat system which is called the IA triple CS and also use the data and the imagery and the videos for telling pilots where to attack and what is the nearest target to be hit. The third part of the DAC today, I beg your pardon, was about jet based Kamikaze drones. Now these jet based Kamikaze drones means there will be normal Kamikaze drones which will be powered by a jet engine. A Kamikaze drone is a drone which goes at a target and self-destructs. Kamikaze is a World War II word used by the Japanese forces for suicidal pilots in other words. So Kamikaze drone will go and hit the target and destroy itself. It is like a flying bomb or a missile. Also, the DAC okayed further a medium range surface to air missile system for the Indian Army. A very short range missile system called VSHORADS. This VSHORADS actually is used as a tactical weapon to counter enemy missiles at a very close range, 4 kilometers, 5 kilometers, right when say for example India and Pakistan in an eyeball to eyeball contact, something is launched from across the border, the VSHORADS will one of the weapons being used for bringing down the incoming missile or the threat. The the DAC also okayed a new system for the Army which is called an armor protection for the tanks. Now this is a protection unit for the tanks which is a technical name for the the the Ministry of Defense has told us, which will come up for the tanks Indian Army has a wide arsenal of tanks which are being added and there are further these are basically improvements over existing warfare structures. As Operation Sindoor has taught us and the standoff with China taught us during 20 to 2024. This story will keep on updating with me is tribune photographer Manas Ranjan Bhoy.",English,03-07-2026 15:59,POSITIVE,12,0
16,https://www.youtube.com/watch?v=lb22IZUUdnE,Modi Cabinet Reshuffle: Who will Modi drop from the Cabinet? | Smriti and Anurag's return?,DESH NEETI,"This video focuses on the impending Modi Cabinet reshuffle, asserting that the BJP government is under immense pressure due to widespread public anger, opposition attacks, and serious allegations. These allegations include the NEET paper leak, embezzlement of donations in the Ram Janmabhoomi temple, and a controversy involving Rajnath Singh. Demands for the resignation of several ministers, including Education Minister Dharmendra Pradhan, have intensified. Prime Minister Modi is reportedly in ""action mode,"" holding high-level meetings with secretaries and chief ministers to address the declining reputation. Sources suggest that many underperforming ministers are likely to be dropped in the next cabinet meeting. The government is attempting to deflect criticism by highlighting ""Ease of Doing Business"" but is reportedly dissatisfied with the current 7.8% GDP growth. With upcoming state elections, the BJP cannot afford to delay the reshuffle, with September 5th being a likely date. The party aims to introduce new faces, potentially including Smriti Irani, Anurag Thakur, Raghav Chadha, and Sayani Ghosh, to manage the crisis and salvage its image.","""Thank you, Tata, bye-bye"" is about to happen to many stalwarts of the Modi Cabinet. In this video, I will tell you whose leaf will be cut among the BJP stalwarts in the next meeting and who will become the new face in the Modi Cabinet. Will Smriti Irani and Anurag Thakur get a big responsibility along with Raghav Chadha and Sayani Ghosh? From paper leaks to allegations of major scams, will the BJP government, surrounded on all sides, be able to save its reputation by sacrificing ministers? This question is constantly being discussed on social media. We will discuss in this video whose leaf is going to be cut from the Modi Cabinet and which new faces will be brought forward to suppress the opposition's attacks. The big blot of NEET paper leak, the uproar of CBSE OSM, and the serious allegations of embezzlement of donations in the Shri Ram Janmabhoomi temple, along with the dispute over Rajnath Singh's false statement about soldiers in Parliament, have left the Modi government surrounded by crises and serious allegations from all sides these days. The opposition is constantly aggressive, and the demand for the resignation of several big ministers, including Education Minister Dharmendra Pradhan, has intensified. Amidst widespread pressure, returning from international tours, the Prime Minister appeared completely in ""action mode."" A meeting was held with the secretaries of all ministries of the country, this meeting lasted for four hours, and it is being linked to this pressure and the eagerness for the upcoming cabinet reshuffle. Amidst the growing public anger and sharp attacks from the opposition, it has become a compulsion for the government party to change everything – its conduct, character, and face. According to sources in the BJP high command, the next cabinet meeting is going to be the last for many existing ministers. Ministers whose departments have shown serious negligence or who are not performing on the ground, i.e., whose performance on the ground has been low, may be told ""Thank you, Tata, bye-bye"" and sidelined to curb the anti-government wave. In this high-level meeting with the secretaries, the PM's anger was also clearly visible, according to sources. Due to ""babu raj"" (bureaucratic red tape) and red tape in the country, the lack of investment and the complication of the common man's life have become a major headache for the government. To hide its failures, the government is now making big claims about ""Ease of Doing Business"" and ""Ease of Living"" in a hurry. Before bringing in new ministers, PM Modi has also tried to tighten the bureaucracy. He also held meetings with his cabinet and discussed with several chief ministers to somehow salvage the declining reputation. On one hand, the government is beating the drum of being the world's fastest-growing economy, but on the other hand, the reality is that PM Modi himself is not satisfied with the current 7.8% GDP growth. To hide failures on the economic front, a new narrative of double-digit growth is now being set. Meanwhile, on the defense front, preparations are being made for several big changes in the name of rectifying many shortcomings that emerged after Operation Sindoor. It is clear from this that this is not possible with the old team, so the exercise of finding scapegoats has started within the BJP. Given the upcoming elections in states like UP, Punjab, Uttarakhand, Goa, and Gujarat, the BJP cannot risk delaying this reshuffle. After two central ministers were not sent to the Rajya Sabha again and Pankaj Chaudhary was made the UP BJP president, the vacancy in the cabinet is clear. Discussions are intense whether firebrand leaders like Smriti Irani and Anurag Thakur can be given big responsibilities again for damage control. Questions are also being raised whether Raghav Chadha, who came as an MP with the Aam Aadmi Party, and Sayani Ghosh, who broke away from TMC and became a part of the NDA, can also get some big responsibility. This means that immediately after the monsoon session, September 5th is considered the most credible date for this reshuffle, according to the information currently coming to light. While the BJP will field new pawns to save its sinking ship, what is your opinion on all this, which faces should be included and which faces should be removed? Please also openly share your opinion in the comment box, like the video, share it, and for every news related to the country and the world, subscribe to Desh Neeti.",Hindi,03-07-2026 15:30,NEGATIVE,3,0
17,https://www.youtube.com/watch?v=ORpqppw_MT0,"PM Modi's Indonesia Visit, Key Talks on Defense and Mining Cooperation | India Indonesia",ET Now Swadesh,"Prime Minister Narendra Modi will visit Indonesia from July 6-8, focusing on defense and mining cooperation. India has experience selling BrahMos missiles (developed with Russia) and building Scorpene submarines, with Indonesia now starting to build two such submarines, paving the way for potential collaboration. Both navies can also cooperate for Indian Ocean security. In mining, Indonesia holds 60% of the world's nickel, crucial for industries, and India can source it from Indonesia. Furthermore, India and Indonesia can collaborate on rare earth elements, reducing reliance on China and benefiting both nations. Following this visit, the PM will also travel to Australia and New Zealand.","Prime Minister Narendra Modi will be on a visit to Indonesia from July 6 to 8. During this trip, special emphasis will be placed on defense and mining cooperation. Our colleague Shinjoy Chowdhury is giving the full report. Prime Minister Narendra Modi is going to Indonesia on the 6th, and will stay until the 8th. After that, he will go to Australia and New Zealand. But in Indonesia, there will be a lot of discussion in two areas. One is defense, self-defense, and the other is mining. Now, many things are coming up in defense. One is the BrahMos missile. India has sold the BrahMos missile to only one country, the Philippines. That was a $375 million deal. So you can understand how big a deal it can be with Indonesia. And India made this BrahMos missile with Russia, developed it. They used it very successfully in the Sindoor Operation. Everyone remembers this. Besides BrahMos, there's another very important point. This is the Scorpene submarine that France designed. Six Scorpene submarines were built in Mumbai. Mazagon Dock built them. These submarines are currently in the Indian Navy. But the experience of building submarines is not something every country has. But India has it. Now, Indonesia is going to build two of these Scorpene submarines. They are starting to build them. There can be talks about this. An agreement about this can happen between India and Indonesia. The third point is this: for the security of the Indian Ocean, the Indian Navy and the Indonesian Navy can work together. Apart from these three points, look at mining. Economic issues are very important. The first thing is nickel. Indonesia has 60% of the world's nickel. This nickel is used for making stainless steel, for making engines, for your iPhone, for computers, for electric vehicles, for everything. India can get some of this nickel from Indonesia. The second point is rare earth, which also has a very high value right now. For rare earth, India and Indonesia can work together. With the availability of this rare earth, in Indonesia or in India, the supply chain of rare earth will become very strong, because right now, most of the rare earth is with China. So if India and Indonesia work together and rare earth becomes available in Indonesia or India, then it will be very beneficial for India and Indonesia. After that, the Prime Minister will go to Australia and then to New Zealand.",Hindi,03-07-2026 14:30,POSITIVE,2,0
18,https://www.youtube.com/watch?v=mdx3lvkgrSo,Will Rajnath be dismissed? Are several ministers of the Modi government certain to go? | Operation Sindoor | BJP | Congress,DESH NEETI,"The report questions Defense Minister Rajnath Singh's earlier statement denying any casualties in ""Operation Sindoor."" Official figures reveal six soldiers (five army, one air force) were martyred, contradicting the minister. The opposition alleges the government lied and has filed a privilege motion against Rajnath Singh with the Lok Sabha Speaker. Additionally, Congress and other opposition parties have approached the Supreme Court regarding alleged rigging of 35 lakh votes in Bengal elections, leading to 27 lakh voters being disenfranchised. The BJP is reportedly preparing to pass the delimitation bill in the monsoon session, claiming a two-thirds majority, but the opposition disputes this, stating the government lacks adequate support. This situation sets the stage for a major political confrontation between the opposition (INDIA alliance) and the NDA in the upcoming monsoon session.","In which operation have our brave soldiers been harmed? The answer to that is no. Only a 14-second video in the House, and Modi-Shah's double-engine government has received its biggest blow yet. Did Defense Minister Rajnath Singh make a false statement in Parliament, or did he lie? Was there rigging with 35 lakh voters in the Bengal elections? And has Amit Shah's number game on the delimitation bill failed? Hello friends, I am Akhil. In this special report on Desh Neeti, let's find answers to all these questions. In fact, a 14-second video of Defense Minister Rajnath Singh inside Parliament went viral very quickly on social media. When did it go viral? When the government made public the names of six martyrs. That is, officially, the names of six martyrs came out. In this video, when he was asked in the House about Operation Sindoor, he answered in the negative. He himself said in that video that if the opposition wants to ask, they should ask if any soldier was harmed, to which the answer is no. Not a single soldier was harmed, nor did any soldier get even a scratch. If you want to ask a question, then ask this: in which operation have our brave soldiers been harmed? The answer to that is no. But now, official figures have raised questions on these claims. According to government figures, during Operation Sindoor, six brave soldiers were martyred. This included five army personnel and one air force personnel. The direct accusation of the opposition is that on one hand, the Defense Minister was lying in the House, and on the other hand, Home Minister Amit Shah was thumping the table, and the rest of the cabinet ministers were laughing. The opposition has now surrounded the government from all sides over this alleged insult to the martyrs. Regarding this entire matter, Congress has also submitted a notice of breach of privilege against Defense Minister Rajnath Singh to Lok Sabha Speaker Om Birla. If the Speaker accepts this notice in the monsoon session, then Rajnath Singh will have to clarify the situation before the House. The opposition claims that this notice could increase the difficulties for the Defense Minister, and BJP's narrative of nationalism could come into a defensive position on this issue, meaning it could weaken. And this situation could also prove heavy for Rajnath Singh because he had clearly stated that. But now, the names of six soldiers have come forward. And this dispute is not limited to Parliament only. Just before the monsoon session, the opposition India alliance is completely on the offensive. 23 opposition parties, including Aam Aadmi Party and DMK, have directly submitted a complaint letter to the Chief Justice of India, Surya Kant. In this letter, it has been alleged that irregularities were committed in the Bengal elections through SIR, and to directly benefit BJP, 35 lakh votes were cut. These were the same votes against which allegations were being made in SIR. Due to this, 27 lakh voters were deprived of their rights. The opposition has demanded immediate action from the Supreme Court against the Election Commission and Chief Election Commissioner Gyanesh Kumar in this matter. Along with this, Congress leader Adhir Ranjan Chowdhury has also filed a petition in the Supreme Court against holding Bengal elections on incomplete voter lists and against keeping 27 lakh applications pending. Amidst this heavy political pressure, news is also coming from sources that BJP is preparing to pass the delimitation bill in this monsoon session, and they are claiming a two-thirds majority. Efforts are being made to gather that. But the opposition camp says that despite all efforts, the government has only managed to gather the support of 318 MPs. This is also when politics of breaking parties has been done. Whereas for special provisions of constitutional amendment requiring a two-thirds majority, the figure of 360 is necessary. In such a situation, BJP seems to be getting caught in its own 'Chakravyuh' (labyrinth) in passing this bill. On one hand, the sword of breach of privilege hangs over Rajnath Singh. On the other hand, regarding the Bengal elections, the Election Commission is under the scanner of the Supreme Court. Not just the Election Commission, the Election Commissioner is also under the scanner of the Supreme Court. In such a situation, who will win this battle between India vs NDA in the monsoon session? And what is your opinion on this whole report? Please tell us both these things in the comment box. Share this video as much as possible, like it, and don't forget to subscribe to Desh Neeti. See you in the next video. Thank you.",Hindi,03-07-2026 13:30,NEGATIVE,38,0
19,https://www.youtube.com/watch?v=kSODPfKztn4,Jay Shah Didn't Spare Operation Sindoor Either!,The Public India,"This analysis criticizes the complete control of ICC and BCCI by Jay Shah, son of Amit Shah, claiming that India-Pakistan cricket matches are being arranged purely for financial gain. The speaker emphasizes that Pakistan is a major threat to India, yet our foreign policy has failed to manage it effectively. They point out that Pakistan is leveraging its dual relationships with both America and China, creating a win-win situation for itself. Meanwhile, the Indian leadership's primary focus is on ""bring goods, bring money,"" leading BCCI and cricket officials to exploit the India-Pakistan rivalry for huge profits. Suspicion is cast on the Asia Cup's match schedule, suggesting it's designed to ensure multiple India-Pakistan encounters. The speaker fears potential manipulation or match-fixing due to the enormous betting and money involved, especially if Pakistan wins the final. The content concludes with sarcastic remarks about Jay Shah's (non-existent) cricket skills, Hindi, and English proficiency, questioning his role and transparency.",Translation unavailable,Hindi,03-07-2026 00:30,NEGATIVE,49,3
20,https://www.youtube.com/watch?v=ZY_EC8S_YJo,"Will action be taken against Rajnath Singh? Complaint filed, matter reached Om Birla, lies proved costly",Kumkum Binwal,"Congress MP K.C. Venugopal has moved a privilege motion against Defence Minister Rajnath Singh for allegedly ""lying"" in the Lok Sabha. Venugopal claims that after Operation Sindoor, Rajnath Singh stated no soldiers suffered damage, but the government recently admitted that six brave soldiers made the ultimate sacrifice. The names of these martyrs were disclosed one and a half months after the operation's first anniversary. K.C. Venugopal has written to Speaker Om Birla, demanding action. This issue concerns national security and transparency, with the opposition calling it a serious matter of either the Defence Minister's lack of knowledge or deliberate misinformation.","Can action be taken against Rajnath Singh for lying in Parliament? How has a motion for breach of privilege been brought against Rajnath Singh? What did Rajnath Singh say in the Lok Sabha, after which a written complaint has been filed against him? Congress MP K.C. Venugopal has submitted a written complaint against Rajnath Singh, alleging that he lied in Parliament. After Operation Sindoor, Rajnath Singh had stated in Parliament, ""If you want to ask, ask how many of our soldiers suffered damage,"" and answered ""no."" He had said that no soldier suffered damage, and there was no loss of life. However, just a few days ago, the government for the first time officially admitted that six brave soldiers made the ultimate sacrifice. The government itself released the names of these martyrs for the first time, including Subedar Major Pawan Kumar, Rifleman Sunil Kumar (Vir Chakra recipient), Lance Dinesh Kumar, Aviation Technician Moot Murali Nayak, Havildar Sunil Kumar Singh, and Sergeant Surendra Kumar (Air Force Medal recipient). These names were released after the first anniversary of Operation Sindoor had already passed. The government disclosed all this one and a half months later. K.C. Venugopal has written a letter to Om Birla, stating that Rajnath Singh lied on July 28, 2025, which constitutes a breach of privilege. He has demanded action against Rajnath Singh. Now, it is up to Speaker Om Birla's discretion whether to accept or reject the motion. If accepted, it could lead to a direct discussion in the House or be sent to a Privilege Committee, potentially resulting in a reprimand or punishment. This is a matter of national security, and the opposition alleges that either the Defence Minister was unaware (which is serious) or he knew and deliberately lied (which is even more serious). Why the government concealed the names of martyrs, especially after the operation's anniversary, is a very serious issue.",Hindi,02-07-2026 13:00,NEGATIVE,1806,148
21,https://www.youtube.com/watch?v=8MhiWnNWK7Q,Rajkot Murder Case: Facebook friendship became the cause of death | Shapar-Veraval,India News Gujarat,"A shocking murder case has emerged from Rajkot, stemming from a social media friendship. In Shapar-Veraval, a young man, identifying as a woman on Facebook and Instagram (using names like Nisha Kumar and Poonam), formed a relationship with another young man named Piyush. After three years, a dead body was found near Maskhat Phatak, initially thought to be female, but later identified as male (Chandan Kumar) in the postmortem. Chandan Kumar had lived with Piyush in Hyderabad for three months, and they even performed a symbolic marriage by applying sindoor. However, Piyush eventually discovered that Chandan was male, leading to a dispute. The deceased (Chandan Kumar) relentlessly followed Piyush across various locations, including Bhiwadi, Rajasthan. Eventually, during a confrontation in Sapar, Piyush murdered Chandan Kumar by hitting him twice on the head with a stone. The accused, Piyush, has been arrested and has confessed to the crime. Preliminary investigation suggests the deceased was involved in gay activities and disguised himself as a woman, wearing female clothing and makeup.","Namaskar, I am Harsh Athvandi, welcome to News Gujarat. We will look at the news in detail, talking live from the newsroom. The biggest news is coming from Rajkot, a shocking case has emerged from social media. Let us tell you that news of a murder is coming to light. An incident has come to light where a friendship formed on social media resulted in murder. Let us tell you that in the rural area of Shapar-Veraval, a relationship was formed with a young man after identifying as a young woman on Facebook and Instagram, but this dispute, which had been going on for three years with the other person, has come to light. Approximately 4 km away from there, in the vicinity of Veraval village, near Maskhat Phatak, there is an auto and ring factory. Next to the railway track, a dead body was found. Initially, looking at the dead body, it seemed to be a female's dead body. Later, when its postmortem was done, it was found to be male; it was a man's dead body and he had head injuries. Initially, an AD (Accidental Death) was filed at the police station, then this AD was converted into murder, and after checking the surrounding CCTV footage, the accused was apprehended. The name of the accused is Piyush, and Piyush is a resident of Ghazipur, UP. The story is that the accused Piyush used to work in Hyderabad, preparing aluminum windows. During this, he met a person named Chandan Kumar through a Facebook ID. A request came to him from a Facebook ID named Chandan Kumar. In another Facebook ID, the name Nisha Kumar was written, and there was an Instagram ID named Poonam. All three had the same photo, and he received requests and messages. Initially, he couldn't understand if it was a man or a woman. Then they started talking. Later, Nisha Kumar or Poonam went to Hyderabad to meet him. They stayed together in one room for three months. Then they thought of getting married, so they applied sindoor (vermilion) on each other's heads in the room, and both got married. And this person, who used to introduce herself as a female or a lady, had said that ""we have a belief in Vaishno Devi, so we won't get married until then."" So he made him wait for three months, then after applying sindoor, both got married. After the marriage, the accused realized that this was not a woman but a man. After that, a quarrel broke out between them, and then he left Hyderabad and went to his village. Then, the deceased followed him to his village and went to his home. Going to his home, he created a dispute there as well. Annoyed by this, the accused moved from there to Bhiwadi, Rajasthan, and started working there. But this person (the deceased) followed him to Bhiwadi as well. So, leaving Bhiwadi, he came to Sapar again, and the deceased followed him to Sapar. When he came here, a quarrel broke out between the two. And the deceased had the name of the accused Piyush tattooed on his hand. So, his identity was also established through that. After that, a quarrel broke out between the two here, and he was killed by hitting him twice on the head with a stone. Currently, the accused has been arrested. The accused has confessed to his crime. The postmortem has been done, and the family members of the deceased have been informed. They are on their way and are coming here, and the rest of the further investigation is ongoing. Sir, they stayed together for three months, so didn't he realize if it was a man or a woman? He didn't realize. His younger brother once saw him shaving, and the deceased had also put a blade on his hand. So then, his younger brother got scared and didn't say anything. Sir, have homosexual relationships or anything like that come to light? It can be said. Further inquiry is ongoing. Sir, was he gay or was there any gay activity that came to light in the primary investigation? According to what the accused said, the deceased was a man involved in gay activities. Sir, did he wear women's clothes for money? Not for money. All the photos on his social media handle are in women's clothes. He does makeup like a woman, keeps long hair like a woman, and wears two or three jeans together so that his physique looks like a woman's. No, there was no demand for money. He was very attached to the accused and didn't want the accused to leave. So the deceased continuously followed him for one year. Annoyed by this, a quarrel broke out between the two, and in the quarrel, he was killed by hitting him on the head. Sir, they stayed together for three months, so were there any physical relationships, or did anything like that come to light? Until the marriage happened, he referred to Vaishno Devi, the goddess, and refused, saying that until then, we should not think about physical relationships, marriage, or love. After the marriage happened, he realized that this was not a woman but a man. Next, let's talk about Surat.",Gujarati,02-07-2026 06:39,NEUTRAL,0,0
22,https://www.youtube.com/watch?v=ls9rC3VywuI,"BJP attacks NC, PDP & Mirwaiz | Sunil Sharma targets Leaders over a Letter to Modi & Shahbaz Sharif",News18 Urdu,"The speaker strongly condemns the advocacy for talks with Pakistan by Farooq Abdullah and Mufti, calling it a strange irony. He states that at a time when Jammu & Kashmir is moving towards peace and prosperity, with terrorism and separatism almost eradicated, promoting Pakistan's narrative and calling for dialogue is reprehensible. He highlights the bravery and sacrifice of the Indian Army, asserting that such statements are unbecoming of these leaders. The speaker emphasizes that these calls are neither timely nor are the circumstances suitable. He believes future generations will not forgive them and suggests that these leaders should instead focus on local issues like electricity, water, roads, and healthcare, rather than advocating for Pakistan. He concludes that such matters fall under the jurisdiction of the Indian government and constitutional bodies, not theirs.","How do you see it? Once again, Farooq Abdullah and Mufti have said that there should be talks with Pakistan. What do you say? It's a very strange irony that today it's becoming evident, it's emerging that some people, whether they are from other parts of India or from Kashmir, have written a letter to the Prime Ministers of India and Pakistan, appealing for talks. I believe this is a very concerning and sensitive issue. Where on one hand there is peace today, where on one hand Jammu and Kashmir is moving towards prosperity. Separatism has been buried, where terrorism, which was almost nearing its end, is now being brought up again. And to revive that discourse, to talk about Pakistan again, it seems very strange. And those people... it doesn't suit those people to say such things because it's neither the need of the hour nor are the circumstances such that these people are advocating for talks with Pakistan. Just last year, Operation Sindoor was completed, in which the bravery and valor of the Indian Army were witnessed by the whole world. For the protection of their homeland, our brave soldiers have worked in such a way and given a befitting reply to Pakistan. I feel that today, by throwing mud (attempting to defame), they try to say ""talks"". This is a very reprehensible subject and needs to be deeply investigated. On one hand, where law and order are completely under control, the youth here want employment, prosperity, and peace. Instead of talking, instead of writing that letter, they want to spread Pakistan's narrative and discourse here again. I believe that even future generations will not forgive them. Especially Farooq Abdullah Sahab, who bears a great responsibility of the government. And the government here has to provide electricity (but there's a cry for it), there's a cry for water, there are no roads here, there are no doctors in hospitals. Instead of writing this letter to the Government of India saying ""give us some funding, give us some projects,"" they repeatedly champion Pakistan's cause. This will prove costly for them, and at this moment, there should be no demand for this. Neither is this their domain, nor is it their jurisdiction. This is the Government of India's responsibility and that of constitutional bodies.",Hindi,02-07-2026 06:25,POSITIVE,5,0
23,https://www.youtube.com/watch?v=sxATWOJyQ9M,BJP Losing Ground in UP: How Will They Win Next Elections? RSS Tension,The Public India,"The political landscape in Uttar Pradesh is turbulent ahead of the early 2027 assembly elections, with the BJP's key electoral strength, the Ram Temple, now becoming a liability. A significant theft at the Ayodhya Ram Temple has become a widespread topic of discussion. While some devotees downplay it as a minor incident, Samajwadi Party's Ram Gopal Yadav alleges it's a multi-crore scam exceeding 2000 crore rupees, with unaccounted donations of gold, silver, and diamonds. The speaker notes that ordinary citizens feel cheated, believing not only they but also Lord Ram himself have been defrauded. Consequently, temple offerings have plummeted by 90%.

Prime Minister Narendra Modi has remained silent on the issue, occupied with a busy schedule including diplomatic engagements (Japan PM's visit) and upcoming domestic and international travels (Jodhpur, Indonesia, Australia, New Zealand). The speaker questions if Modi was unaware or will address the matter during his upcoming public appearances.

The upcoming Monsoon Session, starting July 20th, will see the Congress party aggressively challenging the BJP government on the Ram Temple issue. A major point of contention will be a Privilege Motion against Defense Minister Rajnath Singh. He is accused of misleading Parliament regarding 'Operation Sindoor,' where he initially claimed no soldiers were martyred, a statement later contradicted by the government confirming six casualties. The speaker explains that this constitutes a 'breach of privilege' under Article 105, potentially leading to warnings or even imprisonment. However, the speaker expresses skepticism about severe action or resignation, citing a perceived lack of ethics and accountability within the BJP government, drawing parallels to previous controversies involving ministers like Hardeep Puri and Dharmendra Pradhan. The speaker suggests that the Ram Temple theft might have connections to higher authorities, implying that it couldn't have been carried out by a few employees alone, and linking it to alleged RSS/BJP efforts to control the temple trust to avoid financial scrutiny.","Hello, I am Dhananjay Kumar, and welcome to The Public India. A lot is happening in Uttar Pradesh, primarily due to the assembly elections scheduled for early 2027. The BJP's biggest weapon, the Ram Temple, seems to have backfired. Ram, the Ram Temple, and Lord Ram himself appear to be standing against the BJP. The theft that occurred at the Ram Temple in Ayodhya is a widespread topic of discussion across villages, public squares, and cities of Uttar Pradesh. Some devotees are downplaying it, saying, 'It's not a major theft, just minor incidents happen where many people are present. Did Modi Ji steal it?' On the other hand, Ram Gopal Yadav of the Samajwadi Party alleges it's a theft case exceeding 2000 crore rupees, with no proper accounting for the vast donations of gold, silver, diamonds, and more. Even ordinary citizens, not directly involved in politics – though everyone is indirectly involved – those who are not directly in politics, who vote and live their lives, also feel cheated. They feel not only they but also Lord Ram was cheated in his name. That's why offerings at the Ram Temple have significantly decreased; it's said to have dropped by 90%. This will go against the BJP. However, Narendra Modi is not saying anything yet; he hasn't spoken so far. Yesterday, I also asked if Narendra Modi Ji was unaware? People are saying he knew everything. Let's see when Narendra Modi speaks; he has to speak, he will have to speak. But currently, he is busy. From July 1st to July 3rd, Japan's PM Sunay Takaichi is visiting India. Modi Ji is busy there. Then, on July 4th, the PM will go to Jodhpur, Rajasthan, for some function. After that, from July 6th to July 11th, he will travel to Indonesia, Australia, and New Zealand. This means he will embark on travels again from July 6th. It's possible he might say something on July 4th when he goes to Jodhpur, Rajasthan. But what he will say remains to be seen. Regarding the Monsoon Session, it is said to start from July 20th. The Monsoon Session will last for at least three weeks, and in this session, the Congress has prepared to corner the BJP government not only on the temple issue but also on another major sticking point: Rajnath Singh. Rajnath Singh lied in Parliament, stating that no soldier was martyred during Operation Sindoor. Later, the government itself confirmed that six of our soldiers were martyred. Obviously, this means Rajnath Singh lied in Parliament. Now, Congress is bringing a Privilege Motion against him. Under Article 105 of the Constitution, this motion provides that if a minister gives a false statement or attempts to mislead Parliament, a Privilege Motion can be brought against them. This is called a Breach of Privilege, which violates the rights given to a minister. A minister is granted the freedom to speak, but they must speak the truth, not falsehoods. If they speak falsely, action will be taken against them. The process for bringing a motion first requires a notice, which is said to have been given. After the notice, the Speaker will approve it. Then, a Privilege Committee will be tasked with investigating whether the allegations are true. If found true, there are provisions for punishment ranging from a warning to imprisonment. This imprisonment is not for a long term but could last as long as the session continues, meaning Rajnath Singh could be imprisoned until the Monsoon Session concludes. However, this is unlikely because it's a BJP government. Rajnath Singh himself once said that there are no resignations in a BJP government. We have seen this recently with the controversy surrounding Hardeep Puri, the uproar over the Epstein files, the paper leak controversy involving Dharmendra Pradhan, and now the uproar over Rajnath Singh's alleged lie. But resignations don't happen, obviously. Because the matter of resignations is about ethics. Does the BJP have ethics? They talk about ethics, purity, religion, culture, tradition, Indianness, Vedas, Puranas – they carry all these on their heads. But the essence of all this, ethics, is missing. 'Ram in the mouth, a dagger in the side.' The theft of money from the Ram Temple is proven. Even the SIT is demanding it, which is why eight people have been arrested, and money and other items have been recovered. But for such a large-scale incident, it's impossible that only a few employees would be involved. Clearly, its roots are connected to higher authorities, and the higher-ups have instructed it because the 'shops' above – many people are also asking who built the Ram Temple. And the RSS, BJP are also trying to maintain their control over the Trust. And control means we won't give an account to anyone. We will give whatever account we want. We will show and incur whatever legal or illegal expenses we want. Who are you to question us? All these things have already been said by prominent leaders. But what Narendra Modi Ji will say, time will tell. However, it clearly seems that the threads of this theft are connected somewhere to the highest office. Because everyone is questioning how Narendra Modi Ji was unaware, who uses drones...",Hindi,02-07-2026 01:30,NEGATIVE,98,28
24,https://www.youtube.com/watch?v=nwQ7bmfwDM4,How were the names of the martyrs of Operation Sindoor hidden 😡😡,Indian National Congress,"The speaker accuses Defence Minister Rajnath Singh and the government of misleading and lying to Parliament. He claims that the government mentioned only six names in a notice, while more names should have been included. Considering this a clear case of privilege, the speaker states he has moved a privilege motion against Rajnath Singh.","Hey minister, Mr. honourable parliament, they're not deceiving your facts. They're not lying to the parliament. In this, Rajnath Singh ji, Defence Minister only. For that nobody in this. Nobody. But the government only mentioned six names now. I mentioned all the names in the notice. Completely misleading the parliament. Completely lying to the parliament. Is it a clear case of privilege? That's why I moved a privilege motion against Rajnath Singh ji. Let's think about...",English,01-07-2026 06:00,NEGATIVE,0,4
25,https://www.youtube.com/watch?v=iICd4Yzsnjw,Former soldier lambasted everyone from the Prime Minister to the Defence Minister! | Rohit Chaudhary | Rajnath Singh,Indian National Congress,"The speaker accuses Defence Minister Rajnath Singh of insulting Operation Sindoor martyrs, lying in Parliament about no casualties, and ignoring their sacrifice. He highlights that while Singh denied casualties, six martyrs' names are inscribed on the War Memorial. The speaker criticizes the BJP for a lack of accountability and for engaging in lies and deceit, referencing a 2014 statement by Singh. An emotional appeal from the mother of a martyred soldier, Surender Moga, is played, where she expresses deep anger and sorrow over the minister's perceived insensitivity and the lack of respect for her son's sacrifice. The speaker concludes by questioning the whereabouts of four additional missing names from the War Memorial, emphasizing the alleged cover-up.","You are seeing this backdrop. It shows that Rajnath Singh, the Defence Minister, has insulted the martyrs of Operation Sindoor and ignored them. He lied in Parliament, stating that no soldier was harmed. A few days ago, six names of Operation Sindoor martyrs were inscribed on the War Memorial. You can see how Rajnath Singh ji lied in Parliament, the biggest temple of democracy, in front of the entire country. Similarly, a British PM lied in such a temple and had to resign. In 2014, Rajnath Singh ji had stated that there are no resignations in BJP. He was right; in BJP, there's no responsibility, no accountability, no responsibility, only lies and deceit. This has become evident to us in 12 years. Friends, we want to refresh your memories regarding Operation Sindoor. On July 28, 2025 (likely an incorrect date), 78 days after the ceasefire, Rajnath Singh ji gave this statement in Parliament during a debate on Operation Sindoor. Listen. If you have to ask a question, then ask: were any of our brave soldiers harmed in this operation? The answer is no, no harm came to our soldiers. But in Operation Sindoor, 10 of our jawans were martyred. Rajnath Singh ji stated in Parliament that none of our jawans or soldiers were harmed. Next video. This was the July 28 video. On August 4, when the mother of martyred Air Force soldier Surender Moga (Rajasthan) heard Rajnath Singh ji's statement, listen to her response. (Woman's voice) ""My son went to the army, yet I didn't do this. No one can cut off his tongue, not even the Defence Minister. Take me to him, I will cut off his tongue. He doesn't even have the sense to speak, who made him Defence Minister? My son gave his life for the country, yet he is not getting respect. When will the certificate come? Finally, he has rubbed salt into our wounds. We are already burning, and he is burning us more. Such a big minister, speaking such words, doesn't feel any shame."" This is a list of six jawans whose names were inscribed on the National War Memorial and the War Memorial at India Gate a few days ago. Even today, four names are missing. We ask: where are the names of those four other brave martyrs?",Hindi,30-06-2026 07:30,NEGATIVE,0,9
26,https://www.youtube.com/watch?v=Q6RlXJY4QXY,The Biggest Question | “BJP lied inside Parliament..”,News 24,"The speaker alleges that the martyrdom of Operation Sindoor soldiers was concealed, and lies were spoken inside Parliament.","They were soldiers of Operation Sindoor, their martyrdom was also kept hidden. Lies were spoken inside Parliament.",Hindi,29-06-2026 19:05,NEGATIVE,8,0
27,https://www.youtube.com/watch?v=xGPYO7ZQSEs,The Biggest Question | What did the Congress spokesperson say on the paper leak case?,News 24,"The speaker accused of hiding the martyrdom of 'Operation Sindoor' soldiers and lying in Parliament, demanding Rajnath Singh's resignation. He further alleged a central minister took ₹99 lakh for cucumber farming and Mohan Yadav usurped 168 acres of land through planned schemes, misusing his Chief Minister's position. A serious accusation was made that ministers are colluding with the paper leak mafia, stating that if the mafia isn't apprehended, then the government and BJP members are involved.","The soldiers of Operation Sindoor, their martyrdom was also hidden. Lies were spoken inside Parliament, so Rajnath Singh should also resign. One of their central ministers took 99 lakh rupees of public's tax money for his cucumber farming. Mohan Yadav has usurped 168 acres of land, and he bought land wherever roads were to be built, all under a planned scheme. So, misuse of their Chief Minister's post. They can do this. Their ministers can take taxpayer's money. Their ministers, in collaboration with the paper leak mafia - this is my accusation, I am making a big accusation. If the paper leak mafia is not being caught, then the government is involved in it. People of the government, people of BJP are also involved. Dheerendra Munna, answer.",Hindi,29-06-2026 19:03,NEGATIVE,6,0
28,https://www.youtube.com/watch?v=dIc3h0OUhnU,The Biggest Question | 'The martyrdom of Operation Sindoor soldiers was also hidden',News 24,"The martyrdom of soldiers involved in Operation Sindoor was allegedly concealed, and false information was presented within the Parliament.","The soldiers of Operation Sindoor, their martyrdom was also hidden. Lies were told inside the Parliament.",Hindi,29-06-2026 19:02,NEGATIVE,7,0
29,https://www.youtube.com/watch?v=nh9HeVUhag8,"News School: Talking Eye-to-Eye with a 'Superpower', Warmly Shaking Hands with Seychelles!",ET Now Swadesh,"Amidst global turmoil (Iran-US, Russia-Ukraine tensions), India and China emerge as the only rapidly growing superpowers unentangled in wars. Notably, India's economic pace under PM Modi is extraordinary, with the world recognizing it as a ""growth engine."" China also acknowledges the necessity of maintaining good relations with India. A new India now operates on its own terms, displaying splendid diplomacy in a changing geopolitical landscape.

PM Modi's state visit to Seychelles underscores its critical importance as a friendly nation in the Indian Ocean due to its strategic and geographical location, vital for sea lines of communication (SLOCs) and global trade. Seychelles serves as a strategic partner for India to counter China's escalating economic and military influence in the Indian Ocean. India is actively strengthening its military and diplomatic ties with Seychelles, aligning with its 'Ocean Vision' for a stronger India contributing to global stability.

Modi's foreign policy is rooted in mutual trust, caution, and decisive action in national interest, unswayed by external pressure. His clear principle is 'keep moving forward,' asserting that India's foreign policy will not be dictated. While China discusses normalizing relations and progress in border talks, its history of deception precludes blind trust. China, resentful of India's growing power, is attempting to encircle India through agreements with Bangladesh, such as those concerning the Teesta River and Mongla Port. The agreement with China for Mongla Port's development on land previously allocated for an Indian Economic Zone is a strategic concern, as it could grant China access near India's ""Chicken Neck."" Modi's 'Ocean Vision' is strategically addressing these challenges, with China implicitly at its core.","Currently, there is an incredible uproar in the world. While there has been an initiative for peace in the Iran-America conflict, Trump threatens Iran every other day. Meanwhile, Russia has given a very serious warning to America regarding providing military aid to Ukraine. A very serious warning. This means the war-like tension has not yet ended. Amidst the world's current tensions, PM Modi has embarked on a three-day state visit to Seychelles with his 'friendship formula'. I will tell you what special things will happen there, but first, understand that when two of the world's top five superpowers, America and Russia, are entangled in different wars, and Europe's economy is in bad shape, then the world's only two superpowers on 'our side' are 'us' and China. These are countries that are not only far from war but are also growing at a rapid pace. One is us, India, and the other is China. And even within this, the economic pace of Modi's India is truly amazing. The world is saying that if it wants to pick up speed, it must follow Modi's growth engine. China also understands this. Whether it wants to or not, it will have to maintain relations with India. It will not achieve anything by spoiling them. It will gain nothing. New India now knows how to respond, operates on its own terms, and that is why, in changing geopolitics, what splendid chapter of diplomacy is Modi's India writing? The answers to all these questions are in today's extra class. 'My dreams, my resolve, on my heart and tongue, just wait and see, the signs on the heights are only of Hindustan.' With this resolve, PM Modi is on a visit to another friendly nation, Seychelles. Seychelles, a small African country with a population of less than 1.5 lakh. But strategically and as a friend of India, it is equally important. What makes it important is its strategic and geographical location. Seychelles is located in that part of the Indian Ocean from where the world's busiest maritime trade routes, i.e., Sea Lines of Communication, pass. Global trade, oil, and gas supplies take place from here. The second special reason is a strategic partner to counter China. In recent years, China's economic and military influence on the African coasts in the Indian Ocean region has increased rapidly. India is continuously strengthening its military and diplomatic relations with Seychelles to balance Chinese dominance in this region. The third is India's Ocean Vision. The stronger the world's largest democracy, the more it will empower the world. It will contribute to increasing global stability. PM Modi is drawing a long line for India's future, and on the parameter of trust, he appears far ahead of Trump. PM Modi has received many international awards, which were given for his contribution to sustainable economic development, global cooperation, and environmental protection. ""We believe that our shared future must be shaped collectively, inclusively and fairly. This belief guided India's efforts during our G20 presidency. It was in this spirit that we worked to place the priorities of the Global South at the center of international discussions."" Even during periods of war, the world has seen that Modi's policy is one of mutual trust. Modi has always been cautious and balanced diplomatically. No pressure works on him when it comes to national interest. Trump has also understood that Modi does not back down from taking daring steps for the country's interest. PM Modi's policy is clear: do not stop in one place, keep flowing like water. No one will dictate India's foreign policy. Modi's formula is: do not stop, keep moving forward. India cannot blindly trust China. If China tries to encircle India by collaborating with Bangladesh and Pakistan, then India's strategy is also strong. Diplomacy is the art by which a nation protects its interests not with swords, but with words, patience, and strategy. Modi's policy appears most accurate and effective. Trump imposed illegal tariffs, Modi found alternatives. Pakistan hatched a terrorist conspiracy, was taught a lesson with 'Operation Sindoor'. Lies were told about Rafale, India showed patience, the truth came out. Modi stuck to his terms. China is normalizing relations with India, progress has been made in talks to reduce border tensions. But China's history is full of deception and deceit, so can China be trusted? Bangladesh has joined hands with China for the Teesta River and Mongla Port. Is China using Bangladesh as a pawn to put pressure on India? It is tense about its growing grip. China is irritated by India's growing power and increasing influence in South Asia. So, is this why China has tried to bring Bangladesh into its fold? So that China's reach extends to India's strategically important Chicken Neck. Mongla Port has also been a very important port for India. Now, according to the agreement between Bangladesh and China, Mongla Port will be developed with China's help on 110 acres of land in Bagerhat. Earlier, this land was given for the Indian Economic Zone. But in October 2025, the interim government of Mohammed Yunus withdrew its hands. Now China has very cleverly made an agreement with Tarique Rahman regarding Mongla Port. Additionally, Bangladesh has also signed an agreement with China Road and Bridge Cooperation. Modi is engaged in some more strategic preparations with his Ocean Vision. Obviously, China is also at the center somewhere. The positive results of which will come to light with time. China also knows that the global trust that Modi and India have...",Hindi,29-06-2026 17:17,POSITIVE,8,0
30,https://www.youtube.com/watch?v=cCcjtYxUdkI,Martyrs' families will not forgive them,Indian National Congress,"On May 14th, the Congress Party Working Committee decided to organize 'Jai Hind' assemblies and press conferences nationwide. These events, involving the ex-servicemen department, aim to fully honor and express gratitude for the bravery and valor of Indian soldiers during 'Operation Sindoor'. This initiative reflects the Congress Party's ideology.","The Congress Party Working Committee called a meeting on May 14th, in which it was decided that 'Jai Hind' assemblies would be held across the country and press conferences would be conducted. The ex-servicemen department, along with others, will also participate. These assemblies will be held to fully honor and express gratitude for the bravery, valor, and courage shown by our country's soldiers during 'Operation Sindoor'. So friends, this is the ideology of the Congress Party.",Hindi,29-06-2026 14:15,POSITIVE,0,7
31,https://www.youtube.com/watch?v=XSsp8RnEeyI,Modi govt. chose to hide the sacrifice of our brave soldiers to protect their own image.,Indian Youth Congress,"The Indian government has publicly released the names of six brave soldiers who achieved martyrdom in Operation Sindoor, having made the supreme sacrifice for the nation. The commentary then directly addresses the Prime Minister, asserting that the nation, its image, and its armed forces are superior to his personal image or political considerations, urging him to grasp this with humility and dignity.","Was there any harm to our brave soldiers in this operation? The answer is no. The Indian government has made public the names of the brave soldiers of the country who attained martyrdom in Operation Sindoor. The government has shared the names of six soldiers who made the supreme sacrifice for the country. To the Prime Minister, the nation is above your image, above your politics. The forces are above your PR. Have the humility to understand that. Have the dignity to understand that.",Hindi,29-06-2026 12:01,NEGATIVE,260,9
32,https://www.youtube.com/watch?v=VlRT7JgXXsM,🚨Why Is Congress Demanding Rajnath Singh Resignation🚨 #shorts,Politics Broadcast,"The speaker alleges that Rajnath Singh disrespected the martyrs of Operation Sindoor by denying any casualties in Parliament, despite evidence suggesting otherwise. They claim Singh previously held a press conference on May 11, 2025, where names of casualties were mentioned. The speaker challenges Singh's statement in Parliament, questioning if he or others were lying, and demands either an apology or his resignation for misleading the house about military personnel's harm.","that Rajnath Singh has insulted the martyrs of Operation Sindoor, ignored them. He lied in Parliament. He said that no soldier was harmed. A misconception is being spread by you all. They are saying that on May 11, 2025, he held a press conference where these people's names were included. Please tell us, if their names were among them, or if some people were martyred, then why did Rajnath Singh ji say on the floor of the House that no soldier was harmed? Either they were lying, or Rajnath Singh was lying. Either they will apologize, or Rajnath will resign.",Hindi,29-06-2026 11:30,NEGATIVE,15612,246
33,https://www.youtube.com/watch?v=ByVb-oSMsPw,EXCLUSIVE Interview of Abhay Dubey: Rajnath's lie in Parliament - What did Abhay Dubey say? | Rajnath,DESH NEETI,"The speaker expresses deep regret that the Prime Minister and Defence Minister have not disclosed the losses incurred by India, including aircraft shot down, during 'Operation Sindoor'. Rahul Gandhi and the Congress party have consistently raised this question. The speaker claims the entire world knows how China and Pakistan collaborated to harm India in this operation, freezing radar systems and isolating the country, while other nations possess advanced satellite constellations. The revelation is deemed shameful, and if the government is prepared to lie in Parliament, it raises concerns about what else is being concealed from the public.","This is a very unfortunate matter. Rahul Gandhi ji, the Congress party, the entire country was continuously asking the Prime Minister and the Defence Minister to tell what loss India finally incurred in this Operation Sindoor? How many of our aircraft were shot down? It is an unfortunate thing. The entire world knows. You see, Europe has its constellation, Glonas, Galileo for Russia, GPS for America, and Baidu for China. They found out everything with their constellations, their satellites, but only the citizens of India did not know what happened to us. The whole world was saying how China, in collusion with Pakistan, tried to harm us in India's Operation Sindoor. All our systems were frozen by radar, and we were completely in isolation. And the revelation made today is shameful. It means if the government is ready to lie even in Parliament, then one can understand what all must be hidden from this country.",Hindi,29-06-2026 11:20,NEGATIVE,97,1
34,https://www.youtube.com/watch?v=1lOngi7iS7k,"Rajnath's Lie on Operation Sindoor, Abhay Dubey Postmortems CM Yogi's Removal from Power!",DESH NEETI,"The clip begins with a discussion of Rajnath Singh's statement regarding Operation Sindoor, where he initially denied any soldier casualties. The speaker highlights that a year later, the government released the names of six martyrs, raising questions about a lie told in Parliament. Rahul Gandhi and the Congress also questioned the losses and downed aircraft during Operation Sindoor. The speaker points out that international satellite systems (Europe's Glonass, Galileo, Russia's, America's GPS, China's Beidou) tracked everything, implying the world knew the truth, but Indian citizens were kept in the dark about how China, in collaboration with Pakistan, tried to harm India, freezing systems and isolating them. This is labelled as shameful. Later, the discussion shifts to Mohan Yadav's land dealing case in Madhya Pradesh. Akhilesh Yadav, while defending Yadav, also implicated CM Yogi in similar land transactions (300-600 acres). The speaker perceives this as an internal BJP political conspiracy to remove Yogi Adityanath. Brijbhushan Sharan Singh also questioned who in power provided information to Akhilesh. The segment concludes by stating that those who conspired against the public are destined for removal, framing the issue as one of corruption, not caste, as thousands of crores of corruption occurred under the patronage of power while the public suffered.","Rajnath Singh's statement. He is saying in Parliament that if you want to ask a question, then ask how many soldiers were harmed, and the answer is no, no, no. Not a single soldier was harmed. And now, when more than a year has passed since Operation Sindoor, the government itself releases the names of those six martyrs whose names are printed in the War Memorial. Everywhere, there is a discussion about those six names, which we just discussed with you. So why is this? Why is a lie being told in Parliament after all? This is a very unfortunate thing. Continuously, Rahul Gandhi ji, the Congress party, the whole country was asking the question that the Prime Minister of the country, the Defense Minister, please tell us, what loss did India ultimately suffer in this Operation Sindoor? How many of our aircraft were shot down? It is an unfortunate thing. The whole world knows. You see, the constellation that Europe has, is Glonass, Galileo, Russia has, Russia has, America has GPS, and China has Beidou. They tracked everything with their constellations and satellites. But only the citizens of India didn't know what happened to us. The whole world was saying how China, in collaboration with Pakistan, tried to harm us in India's Operation Sindoor. All our systems were frozen by their radar, and we were completely in isolation. And today, this revelation is a shameful thing. It means if the government is ready to lie even in Parliament, then it can be understood what all is being hidden from this country. Yes. Sir, now see, since you come from Indore, that's why the big political upheaval that emerged from Madhya Pradesh, the case of Mohan Yadav's land purchase and sale. On this, sir, a new turn has come that instead of cornering him, Akhilesh Yadav defended him. But in that, he made a big statement that CM Yogi has also bought and sold about 300 to 600 acres of land. So this is a political conspiracy within the BJP itself to remove these Chief Ministers, he mentioned three Chief Ministers, and ultimately a political atmosphere is being created to remove Yogi Adityanath. Also, Brijbhushan Sharan Singh also said that who gave the 'masala' (ammunition/information) to Akhilesh Yadav? It was given by people sitting in power. So, how true is this, and do you think that such a political conspiracy is being hatched to remove Yogi Adityanath because a similar dispute was seen in 2022 as well? Look, those who conspired against the people of the country and the state, their removal is certain. Whether the Bharatiya Janata Party removes them or the public itself will remove them in the elections. But Akhilesh Yadav ji, this question is not about caste, it is about land. I have never seen an OBC person so deeply involved in such severe corruption, that under the patronage of his own power, you did work worth thousands of crores, and the youth and public of the country are struggling, while you are earning thousands of crores of rupees. So this question is directly about corruption. It has nothing to do with OBC or caste.",Hindi,29-06-2026 11:00,NEGATIVE,0,0
35,https://www.youtube.com/watch?v=dbGIgGg_2U8,"Defence Minister Rajnath Singh has insulted the martyrs of 'Operation Sindoor', he has ignored them.",Indian Youth Congress,"The video accuses Defence Minister Rajnath Singh of insulting the martyrs of 'Operation Sindoor' and lying in Parliament. The speaker claims Rajnath Singh stated that no soldiers were harmed in the operation, whereas 10 soldiers were martyred. Initially, six names of martyrs were inscribed on the War Memorial, but now four names are missing. The video also features an emotional statement from the mother of a martyred soldier, Surender Moga, who condemns the minister's statement, asserting her son gave his life for the country but receives no respect. The speaker alleges that BJP is characterized by lies and deceit.","You are seeing this backdrop. What is visible in this backdrop is that Rajnath Singh, the Defence Minister, has insulted the martyrs of Operation Sindoor; he has ignored them. He lied in Parliament and said that no soldier was harmed. And also a few days ago, on the War Memorial, the names of six martyrs of Operation Sindoor were inscribed. So you can see how Rajnath Singh ji lied in front of the entire country, inside the Parliament, which is the biggest temple of our democracy. And inside such a temple, a Prime Minister of the British Government had lied a couple of years ago, and he had to resign. And here I also want to remind you that in 2014, Rajnath Singh ji had given a statement and said that there are no resignations in BJP. He was right. In BJP, neither responsibility is taken, nor is there accountability, nor is there responsibility; there is only lies and deceit. We have seen this in 12 years. So friends, we want to refresh your memories related to Operation Sindoor. First, on July 28, 2025, it had been 78 days since the ceasefire. After that, he gave this statement in Parliament when there was a debate about Operation Sindoor. Listen. And if you have to ask a question, then ask this: was there any loss to our brave soldiers in this operation? And its answer is no. There was no harm to our soldiers. In this Operation Sindoor, we have this list. Our 10 brave soldiers were martyred. But Rajnath Singh ji said this, said in Parliament, spoke in Parliament that none of our brave soldiers were harmed. Thank you. Next video. This was the video of July 28. This is from August 4. A jawan of our Air Force who was martyred, Surender Moga, was from Rajasthan's Balsamand. So when his mother heard Rajnath Singh ji's statement, what was her response? Listen. I lost my son, yet they say that the Defence Minister cannot even cut his tongue. Take me there, I will cut his tongue. Who made him the Defence Minister? My son gave his life for the country, yet he is not getting any respect. They tell us to wait, they say a certificate will come. Now, it's like they've poured poison on us, poured salt on our wounds. We are already burning inside. What kind of minister is he, saying such things? He feels no shame speaking such things. He has no shame on his face. Thank you. This is the list of six jawans whose names were inscribed on the site of the National War Memorial, and also on the War Memorial built at India Gate, a few days ago. Even today, those four names are missing. We ask the question: where are the names of those four other brave soldiers who were martyred?",Hindi,29-06-2026 10:12,NEGATIVE,25,4
36,https://www.youtube.com/watch?v=dMadXUHhMbE,Rajnath Singh Faces Jail Over Parliament Martyrdom Lies?,The Public India,"The issue of 'Operation Sindoor' martyrs is a heated topic nationwide, with questions being raised about Defense Minister Rajnath Singh's statement in Parliament. Singh had claimed no casualties in the operation, but the War Memorial website now lists six soldiers, contradicting his assertion. This has led to accusations that Singh deliberately misled Parliament, withheld information, or outright lied, constituting contempt of Parliament and a breach of privilege. The speaker highlights the historical precedent of Indira Gandhi, who in 1978 was expelled from Lok Sabha and imprisoned in Tihar Jail by a majority vote for similar parliamentary misconduct, though she was later released and the resolution against her rescinded in 1981. Consequently, major opposition parties, including Congress, are preparing to move a privilege motion against Rajnath Singh in the upcoming parliamentary session, arguing he misled the House on July 28, 2025.","Friends, at this moment, the issue of martyrs of Operation Sindoor is heated across the country. Questions are being raised about Defense Minister Rajnath Singh's statement in Parliament. Rajnath Singh had claimed in Parliament that none of our soldiers suffered any casualties in Operation Sindoor. And now, since the names of six soldiers have appeared on the War Memorial website, many kinds of questions are being raised about his statement. The very first question is: Did the Defense Minister deliberately mislead the House? Did Rajnath Singh hide information despite knowing it? Did Rajnath Singh tell a blatant lie despite knowing everything? And is Rajnath Singh's statement contempt of Parliament? Is lying in Parliament a violation of parliamentary privileges? And can Rajnath Singh be punished for his actions? What does the constitution say about this? This resolution against Indira Gandhi was passed by a majority in the Lok Sabha. On December 19, 1978, a total of 279 MPs in the Lok S...",Hindi,29-06-2026 08:30,NEGATIVE,1408,227
37,https://www.youtube.com/watch?v=X1UBTo2EmCs,"Country's anger over Rajnath's statement, people were hurt",The Public India,"The speaker criticizes the BJP government for its handling of casualties from the ""Off-Sindoor"" operation between May 7-10, 2025. The Congress party honored the martyrs from May 16-31, holding 'Jai Hind' rallies to respect soldiers and their families, emphasizing this as a national culture where citizens spontaneously gather to pay respects. However, the speaker states that while the BJP government tries to capitalize on military achievements for votes, it took 78 days for Defence Minister Rajnath Singh to make a statement in Parliament on July 28, denying any casualties, which was factually incorrect. The speaker, aware of the minute-by-minute details, asserts that approximately 10 soldiers were martyred. The ""incompetent"" government failed to acknowledge these sacrifices, disrespecting the army's ethos which considers fallen soldiers a matter of pride.","Our people who were martyred in Off-Sindoor, between May 7 and May 10, 2025. After that, our Congress party called a meeting of the Congress Working Committee on May 16, and paid homage to the actions of the army, the achievements made by the soldiers, and the sacrifices they made. And from May 21 to May 31, we held 'Jai Hind' rallies across the country to honor the soldiers, to honor their families, and to honor the martyrs. This is our culture. Citizens of our country, anywhere, as it was mentioned, a large number of soldiers come from the Bhind, Morena, Gwalior division. So, the area I come from, that is also a big area of soldiers from Haryana. So, every citizen of our country, if the mortal remains of any martyr arrive, thousands and lakhs of people voluntarily gather because they are emotionally and sentimentally attached to them. They may not be able to contribute on the border, but by participating in their final journey, they definitely want to pay tribute, saying that ""I am also a part of this martyr's family."" So, this is our culture. Unfortunately, this BJP government, they try to take advantage of the achievements of the military. They try to ask for votes. But it's very surprising that it takes 78 days. On May 10, Off-Sindoor ended, and on July 28, in Parliament, Rajnath Singh ji gives a statement that no soldier suffered any loss. We had expressed our anger over this matter across the country the very next day, the ex-servicemen across the country, because we knew, we were watching the details of the operation minute by minute, second by second, checking what was happening and what was not happening. Our comrades who are fighting on the front lines, many people from our families are fighting, so we were gathering information about them, we knew that approximately 10 of our soldiers had been martyred. And this government, this incompetent government, did not acknowledge them. The army has a principle that if any soldier sacrifices or is martyred in the army, the battalion considers it its pride. The honor of the battalion and the formation, we consider them heroes and follow them, believing that one day we too will be useful for our country. This is our thought, an ethos of the army.",Hindi,28-06-2026 19:15,NEGATIVE,1,0
38,https://www.youtube.com/watch?v=e0s5Fg4TWso,Why did Rajnath Singh lie in Parliament?,The Public India,"The speaker accuses Defence Minister Rajnath Singh of lying in Parliament about the casualties of Indian soldiers and civilians following an operation that ended on May 10th. Despite the DGMO's earlier admission of casualties, Rajnath Singh claimed no soldiers were martyred and no one was harmed. The speaker terms this denial as 'treason' and 'betrayal.' He also references National Security Advisor Ajit Doval, who reportedly challenged the New York Times' report of casualties in Poonch and Rajouri by stating that 'not even a pane of glass was broken.' The speaker highlights that six army personnel (five army, one air force), eight paramilitary personnel, and 21 civilians were martyred, questioning if their lives are considered less valuable than a window pane.","The war ended on May 10th. After that, there was no need to hide any such fact. More importantly, now let's turn to the army, Anand ji. The DGMO had already admitted it in May. Then how did Defence Minister Rajnath Singh say in Parliament on July 28th that no soldier of ours was martyred, and no one suffered any loss? We have already shown that video to the country. This is not just contempt of Parliament. This is not a breach of privilege. Rather, it is purely treason. This is betrayal of the country that the government does not acknowledge the names and martyrdom of those who sacrificed their lives for the country in its Parliament. Let's add the name of another gentleman, National Security Advisor Ajit Doval. In July 2025, two months after Operation Sindoor ended, he was saying at the IIT Madras convocation that our glass, not even a pane of glass of our window was broken. He challenged the New York Times, which had claimed and published news with pictures, that people were killed in cross-border firing in Poonch and Rajouri sectors. Ajit Doval was challenging the New York Times by name, saying, 'Show us one picture, one photo, where even a pane of our window was broken.' Anand sir, there were six army personnel, five from the army and one from the air force. Besides this, eight paramilitary forces personnel were also martyred. 21 civilians were martyred. One should ask Ajit Doval, 'Are our soldiers, our paramilitary forces personnel, and our citizens less valuable than a window pane?'",Hindi,28-06-2026 18:45,NEGATIVE,52,6
39,https://www.youtube.com/watch?v=TLGr584uk88,PM Modi is at the forefront of lying,The Public India,"The clip discusses 'Operation Sindoor', a retaliatory operation by India after 26 people were killed by Pakistani terrorists in Kashmir. A ceasefire followed on May 10th, which the speaker alleges Pakistan initiated, with Donald Trump claiming he orchestrated it by scolding both nations. The speaker criticizes the Indian Prime Minister for not protesting these claims on an international platform. A major point of contention is the government's failure to officially acknowledge the six Indian soldiers martyred in 'Operation Sindoor'. Their names (Subedar Major Pawan Kumar, Rifleman Sunil Kumar, Lance Naik Dinesh Kumar, Agniveer Mool Murli Nayak, Havildar Sunil Kumar Singh, and Air Force Sergeant Surendra Kumar) were reportedly not released by the government but surfaced from the War Memorial at India Gate. The speaker condemns the government's perceived ingratitude and neglect towards these martyrs, whose ultimate sacrifice was for national defense.","26 people were killed in the valley by terrorists from Pakistan who entered Pahalgam in Kashmir. And in response, on May 7th, in Modi Ji's style, by entering their home, we caused destruction there through 'Operation Sindoor', as Modi Ji used to say about PoK. On May 10th, a ceasefire happened. Here, it was said when the ceasefire occurred, the first thing was that Pakistan initiated it, and Pakistan, meaning, said, ""Don't kill us, don't kill us."" Attempts were made to say such things here. But from then until now, from May 10-12th until now, I guess people have forgotten the count. People remembered the count up to 80-90 times, 85 times, 86 times, more than 100 times. When Donald Trump meets (him), when he gets a chance, he says that ""I arranged this ceasefire and I scolded both (India and Pakistan)."" He also says that he scolded Pakistan and also scolded India. ""If you don't behave properly, then what all will we do."" And that's why people in India, out of fear, we did this. From our side, not once did Modi Ji go there and tell His Excellency, ""Why are you making a mockery out of it?"" (He said 'His Excellency' six times, so he could have said it once more). He could have said something. No resistance was registered until now. I am saying this because today when I opened the newspaper in the morning, I hadn't seen the news yesterday. I am traveling, I am out in Kerala, so I am not able to watch the news that closely. So it was found that in 'Operation Sindoor', the list of five army personnel and one Indian Air Force personnel has now officially come out, and where did the list come from? The six people who were martyred in 'Operation Sindoor' at the War Memorial at India Gate, that's where the news came from. I feel that before doing anything else, it is important to name those martyrs because they are martyrs. Their, what do you call it, not even their names have been taken until today. This country is so ungrateful and so, what should I call it? The names of those who sacrificed their lives for us, their names haven't been taken till date. The names also came from another source. Subedar Major Pawan Kumar, Rifleman Sunil Kumar, Lance Naik Dinesh Kumar, Agniveer Mool Murli Nayak, Havildar Sunil Kumar Singh, and Air Force Sergeant Surendra Kumar. These six people did not give their lives for guarding their home, or for their farm, or for their land. They gave their lives for our protection. And this country is so ungrateful and so... sometimes I feel, what kind of government is this? This government hasn't even acknowledged till today that these people sacrificed their lives for us.",Hindi,28-06-2026 17:45,NEGATIVE,118,8
40,https://www.youtube.com/watch?v=ZDPQmblnrZs,Will BJP Govt Take Responsibility for 22 Deaths Amid India's Crisis?,The Public India,"The speaker strongly criticizes the government for allegedly lying about military casualties. He questions why the government is concealing the truth about soldiers martyred while defending the country, stating that such sacrifices should be celebrated, not hidden. He points out a discrepancy between Defence Minister Rajnath Singh's statement in Parliament that no soldiers were killed and the reality of numerous casualties, including 21 civilians in Poonch and Rajouri, 24 in Pahalgam, five paramilitary forces, and six jawans later revealed to be martyred in Operation Sindoor. The speaker emphasizes that the nation deserves to know the truth about the sacrifices made and the losses incurred, accusing the government of treating the public with disrespect and running its 'shop on lies.' He warns that public opinion, based on observation and facts, will eventually expose the truth and bring down their arrogance.","Jaleel Sahab, I am coming to you. Jaleel Sahab, please tell me one thing, because you are sitting there, and I clearly remember when I went to Kashmir after that. You also took me to show that place. You had said that these planes that crashed, as Dr. Rakesh Pathak is saying, the people of Kashmir already know. If you find and bring them, photos will also come out. Everyone knows. Who are you lying to? Why are you lying? Are you lying because you want to show something else outside? Brother, there's an army. If there have been casualties, acknowledge it. And they became martyrs while defending the country. This is a matter of celebration. This is not like stealing from a Ram Mandir, that someone was jumping over a wall at night, or taking someone's money and their foot slipped and they committed theft. That's when it would be. This is not like some Asaram Bapu type of thing. The country will be proud, and as long as these people are there, we will all be proud that these people sacrificed their lives for the security of our country. Jaleel Sahab, I'm asking you about this because the people of Kashmir were most affected by this conflict, and still are, Jaleel Sahab. Yes, whatever has come out regarding the martyrdom of these six jawans today, first of all, heartfelt tribute to them. Whatever needed to be said about this, all the speakers before me have meticulously discussed the necessary points. And now, I am sitting at ground zero. I would like to recreate this entire scenario. On April 22nd, here, the attack in Pahalgam happened, and 20 people were killed in it. And after that, this series began, expecting that some action would take place here. So, when the discussion of action came up, on May 7th, Operation Sindoor began, about which there was an अनुमान (estimate/prediction), but nobody knew when it would happen or how the revenge for the Pahalgam incident would be taken. That night, on the night of May 7th, at 1:23 AM, the windows of my house completely shook. The entire house shook. And at that very moment, I used my sources to try and find out what had happened. And within 4 minutes, I came to know that an airplane had crashed just 4 kilometers from my house, about which Dr. Rakesh had spoken. He said Pampore is a very large area, but the precise area is named Panthachowk. Where this plane crashed in the courtyard of a very large mosque and in the surrounding areas, and it caught fire. So, after that, I called Atamjit because in those days, I used to have intense discussions with Atamjit Singh about the consequences, about the Pahalgam attack. So I involved him, and perhaps among my contacts, all my media friends with whom I interact and communicate, Atamjit was the first to know about the beginning of Operation Sindoor. So the first thing is that no plane crashed. They are now saying that 36 Rafales have been counted by the Indian Air Force. But the plane that crashed... So now, when we are acknowledging that at that time, Rajnath Singh stated in Parliament that 'nobody was harmed, nobody was killed among the army.' So now, after one year, that is, 13 months later, on July 28th, he stated in 2025 that 'no jawan of ours has been harmed.' And after that, our National Security Advisor's statement that 'not even a glass broke.' But the glass didn't break, yet 21 civilians were killed in the Poonch and Rajouri areas, and Uri was completely destroyed. The Uri area, all the border areas, were destroyed. 21 there, 22 in Pahalgam, 24 in Pahalgam, and 21 in Rajouri. And about five paramilitary forces, Rakesh ji just spoke. And besides that, now these six people. In total, we have lost 58 people, and with how much shamelessness, on the floor of Parliament, under oath, you are lying and celebrating the success of Operation Sindoor, after losing 58 people. And that lie comes out after a year, that our six jawans were martyred, and one of them was an air technician. And it was not stated whether any of our equipment was destroyed along with the air technician. Where he was shot down, it is necessary that he was attacked there by some rocket or missile, and our jawan was martyred after being caught in its crosshairs. Was there anything in it, as Pakistan claims, that we destroyed an S-defense system in Adampur or at some other base? Is there no connection between our air technician and that? There are many things that are still behind the curtain and it is very important for us that they come out. Now, when Rajnath Singh is mentioned, either as a Defence Minister, he is so incompetent that he didn't know, he was unaware, or he chose to lie. And under oath, on the floor of Parliament, he is saying this, without ascertaining things, or after ascertaining them, it comes under the category of a lie. So, when, even now, regarding this, the things I have said, or we all have said, or Colonel Sahab also said, about the losses we incurred, our army officers have already stated on several occasions what kind of losses we have suffered. Is it now necessary for those things to come out as well? And if, after one year or 13 months, the matter of six jawans being martyred has come forward, how much more time will it take for it to be known how much overall loss we suffered in Operation Sindoor and what kind of damage we inflicted on our enemy? So now, you know that these people are answerable to the nation in this regard. What these people have done, the insult they have subjected these martyrs to, it is an insult to their dignity. They deserve respect. Their families deserved, their families were deserving of respect. And there are also other things that the nation, our community, should have known how many of our jawans have lost their lives in our security. So, these kinds of things, their shop runs on lies, and they always win elections due to vote rigging or some other reason. So they think, 'What is the need to tell us the truth? Let us keep the nation in good humor.' Keep them happy by telling them lies. And they will be happy with that. As you just said, someone in your comment box is raising such questions. There are also people whose constituency it is, they trust their every word, every lie. But they should remember that the entire country is not filled with such people. There are wise people here, there are people with eyes here, who see, observe, and based on all these things that happen or all these developments that happen, they form a viewpoint, they form an opinion, and one day, this very opinion will sink them, and all their arrogance based on their power, and on the basis of which they have suppressed the nation under a heap of lies, one day, all this will end, and all these things will come out. Yes.",Hindi,28-06-2026 15:30,NEGATIVE,33,1
41,https://www.youtube.com/watch?v=nj8iFptwoG8,"Before Jalyatra, Darshan of Jagannath | Gujarat | TV9Gujarati",TV9 Gujarati,"The video describes a visit to the Jagannath Temple in Jamalpur, where devotees gather for the darshan of Lord Jagannath, Balbhadraji, and Subhadraji before the upcoming Jalyatra (water procession) and Rathyatra (chariot festival). The speaker recounts their spiritual journey, including bowing to Lord Dattatreya, visiting Ram Darbar, and offering prayers to Hanumanji. They also made an offering of moong beans and jaggery after having darshan of Radhakrishna. Paying homage to Narsinhdasji Maharaj, who initiated the Rathyatra in Ahmedabad, the visitors proceed to view the temple's main spire. The description includes the decorated pots for the Jalyatra and the prepared chariots for the Rathyatra, noting that the first invitation for the procession is traditionally extended to Sarju Haathi (an elephant). The experience concludes with a joyful exclamation of ""Jai Jagannath!""","We reached Jamalpur to have darshan of Lord Jagannath. As soon as we entered the premises, an amazing feeling began. We moved straight towards the sanctum sanctorum. We had darshan from afar and simultaneously exclaimed, ""Jai Jagannath!"" However, a large number of devotees have gathered here to have darshan of the Lord. Why not? The Lord is going to his uncle's house. Who would miss the opportunity to have darshan of his form before that? Here you can also have darshan of Balbhadraji, Subhadraji, and Jagannathji. Besides them, we also had other darshans. For instance, first, we had darshan of Lord Dattatreya. Along with getting a glimpse of the Lord from afar, we reached the place exactly to the left of the sanctum sanctorum, where darshan of Ram Darbar is being offered. We bowed to Lord Shri Ram, bowed to Mataji, and from afar, we paid obeisance to Hanumanji in his sindoori form. After all, there was a Hanuman temple here first. However, while having darshan of Radhakrishna, we remembered that we had brought mug (moong beans) and jaggery with us. So, let's go straight to make an offering here. Before that, we bowed to Garudji and then, bowing our heads before Narsinhdasji Maharaj, we paid our respects. After all, he was the one who started the Rathyatra in Ahmedabad. As soon as we took the Lord's name, we reached the main premises of the temple, where we are having darshan of the main spire of the temple from afar. Darshan of the spire means darshan of the Lord. And in this precinct, pots have also been decorated because water will be brought through these pots for the Jalyatra. Here we offered mug and jaggery, and then we came out of the premises and reached the spot where the Lord's chariots are ready. These are the same chariots in which, on the occasion of Rathyatra, the Lord himself will come forward to give darshan. And yes, the first invitation is to Sarju Haathi, and as a symbol of that, we reached to have darshan of Gajraj. And with that, the heart swelled with joy and exclaimed, ""Jai Jagannath!""",Gujarati,28-06-2026 15:25,POSITIVE,0,2
42,https://www.youtube.com/watch?v=5qPNYDP0GrY,"Operation Sindoor: 6 Martyrs' Names Revealed, Rajnath Singh Accused of Betrayal",The Public India,"Dr. Rakesh discusses the central government's delayed official release of six soldiers' names, martyred in 'Operation Sindoor' 13 months prior, now added to the National War Memorial's 'Roll of Honour.' He expresses shame and sorrow over the nation's treatment, highlighting that soldiers' primary motivation is recognition for their ultimate sacrifice. He criticizes the political focus on elections, arguing that denying this acknowledgment is a profound sin, worse than treason, for which he sees no fitting punishment given the leadership's priorities.","Were our brave soldiers harmed in this operation? The answer is no. For the first time, the central government has officially released the names of six Indian soldiers martyred during 'Operation Sindoor'. Roughly 13 months later, these brave soldiers' names were added to the 'Roll of Honour' on the National War Memorial's website in New Delhi. I, Dr. Rakesh, am discussing this because Dr. Rakesh is also traveling abroad, and I felt this was such an emotional matter. What can we say about our country today? We can only say that we are ashamed that this nation treated these six martyrs in such a manner. And Dr. Rakesh, let me clarify, I am not a soldier, but there's a unique motivation to join the army. Ask someone to cut off a finger for ₹10,000 or ₹20,000 – see how many would agree. Even those with nothing to eat might not be willing. I say this because the underlying spirit probably stems from the expectation of being acknowledged. Their village, family, and community would point to them: 'Look, he's a martyr's son.' If you snatch away that recognition, it's a sin worse than treason, and I don't know what its punishment will be. But punishment... these people (politicians) only care about elections. I, Dr. Rakesh Pathak, am commenting on this as we conduct this program with sadness and shame.",Hindi,28-06-2026 14:30,POSITIVE,366,44
43,https://www.youtube.com/watch?v=TcvGyntLtnw,Operation Sindoor: Modi-Rajnath greatly insulted the bravehearts who sacrificed for the country!,DESH NEETI,"The video criticizes the Narendra Modi government for allegedly denying and insulting the supreme sacrifice of six brave soldiers during 'Operation Sindoor', naming each one. The speaker recalls that the government initially refused to acknowledge their martyrdom but has now been forced to admit it. It is also claimed that then-Defense Minister Rajnath Singh falsely stated in Parliament in July 2025 (likely a date error by the speaker, as the event would be historical) that there were no casualties. The speaker argues this constitutes contempt of Parliament, a breach of parliamentary privilege, and a profound insult to the martyrs' sacrifice, labeling it as the Modi government's true nature.","Subedar Major Pawan Kumar, Rifleman Sunil Kumar, Lance Naik Dinesh Kumar, Aviation Technician Murli Nayak, Havildar Sunil Kumar Singh, and Sergeant Surendra Kumar. These were the six brave soldiers of this country who sacrificed their lives in the defense of this nation during Operation Sindoor. And it was Narendra Modi's government that denied the sacrifice of these six brave men, their supreme sacrifice. Now the government has admitted that these six brave soldiers were martyred during Operation Sindoor, but I also remember that day, July 2025, when Rajnath Singh, while serving as Defense Minister, stood in Parliament and said that not a single soldier had sacrificed their life, there was not even a slight loss. This was a deliberate attempt to mislead the Parliament. A lie was told in Parliament, and a minister told that lie. This is not just contempt of Parliament, it's not just a breach of parliamentary privileges; it is, in fact, an insult to the supreme sacrifice of our brave soldiers, a mockery of their martyrdom. This sin of making them anonymous was committed by this government. And what its punishment should be, you decide. But the reality is that repeatedly making a mockery of their martyrdom, disrespecting their sacrifice, this is the reality of the Modi government. Our six brave soldiers were martyred during Operation Sindoor, which the government is now forced to admit after much denial, about which the government told a blatant lie in Parliament.",Hindi,28-06-2026 06:39,NEGATIVE,17,1
44,https://www.youtube.com/watch?v=qRIs06mH_dg,Operation Sindoor: Modi-Rajnath greatly insulted the bravehearts who sacrificed for the country!,DESH NEETI,"During Operation Sindoor, six bravehearts including Subedar Major Pawan Kumar, Rifleman Sunil Kumar, Lance Naik Dinesh Kumar, Aviation Technician Murli Nayak, Havildar Sunil Kumar Singh, and Sergeant Surendra Kumar, made the supreme sacrifice for the country. The speaker alleges that the Narendra Modi government initially denied these sacrifices but has now admitted them. The speaker references July 2025 when then-Defense Minister Rajnath Singh stated in Parliament that no casualties occurred, which is described as deliberately misleading Parliament. This is deemed an insult and mockery of the martyrs' sacrifice, presented as the true nature of the Modi government.","Subedar Major Pawan Kumar, Rifleman Sunil Kumar, Lance Naik Dinesh Kumar, Aviation Technician Murli Nayak, Havildar Sunil Kumar Singh, and Sergeant Surendra Kumar. These are the six bravehearts of this country who sacrificed their lives in the defense of this country during Operation Sindoor. And it was Narendra Modi's government that worked to deny the sacrifice of these six bravehearts, their supreme sacrifice. Now the government has admitted that these six bravehearts were martyred during Operation Sindoor. But I also remember that day, July 2025, when Rajnath Singh, as Defense Minister, stood in Parliament and said that not a single soldier had sacrificed their life, not even a slight loss had occurred. This was a deliberate attempt to mislead Parliament. If you want to ask a question, ask this: 'Were our brave soldiers harmed in this operation?' The answer is no. A lie was told in Parliament, and a minister told a lie. This is not just contempt of Parliament, not just a breach of parliamentary privileges, it is actually an insult to the supreme sacrifice of our bravehearts, their martyrdom, it is a mockery of it. This sin of making them anonymous was committed by this government. And what is its punishment, you decide. But the reality is that repeatedly making a mockery of their martyrdom, disrespecting their sacrifice, this is the reality of the Modi government. During Operation Sindoor, our six bravehearts were martyred, which the government has now had to admit, about which the government told a blatant lie in Parliament.",Hindi,28-06-2026 06:38,NEGATIVE,0,0
45,https://www.youtube.com/watch?v=52dECvLnNw8,Supriya Shrinate cornered the Modi government on the issue of martyrdom of jawans in Operation Sindoor,Ajit Anjum,"A Congress leader, Supriya Shrinate, criticized the Narendra Modi government over the martyrdom of six soldiers during 'Operation Sindoor', including Subedar Major Pawan Kumar, Rifleman Sunil Kumar, Lance Naik Dinesh Kumar, Aviation Technician Murli Naik, Havildar Sunil Kumar Singh, and Sergeant Surendra Kumar. She alleged that the government initially denied their supreme sacrifice. The leader recalled that in July 2025, then Defense Minister Rajnath Singh falsely stated in Parliament that no soldiers were harmed. She condemned this as a deliberate attempt to mislead Parliament, a blatant lie, and an insult to the martyrs' sacrifice, accusing the government of making them anonymous. She concluded by stating that the government has now been forced to admit the martyrdom, contradicting its previous false statements in Parliament.","Subedar Major Pawan Kumar, Rifleman Sunil Kumar, Lance Naik Dinesh Kumar, Aviation Technician Murli Naik, Havildar Sunil Kumar Singh, and Sergeant Surendra Kumar. These are the six bravehearts of this country who sacrificed their lives in the defense of this country during Operation Sindoor. And denying the sacrifice of these six bravehearts, denying their supreme sacrifice, was done by the Narendra Modi government. Now the government has admitted that these six bravehearts were martyred during Operation Sindoor. But I also remember that day, July 2025, when then Defense Minister Rajnath Singh stood in Parliament and said that not a single jawan, not a single soldier had sacrificed his life, there was no damage whatsoever. This was a deliberate attempt to mislead Parliament. A lie was spoken in Parliament, and a minister spoke that lie. This is not just contempt of Parliament; it is not just a breach of parliamentary privileges. This is, in fact, an insult, a mockery of the supreme sacrifice, the martyrdom of our bravehearts. This sin of making them anonymous was committed by this government, and what its punishment should be, you decide. But the reality is that repeatedly mocking their martyrdom, disrespecting their sacrifice – this is the reality of the Modi government. Six of our bravehearts were martyred during Operation Sindoor, which the government has now had to grudgingly admit, regarding which the government had told a blatant lie in Parliament.",Hindi,28-06-2026 05:50,NEGATIVE,128,4
46,https://www.youtube.com/watch?v=09CPi2Hv4Gk,"6 Soldiers Martyred, A Lie in Parliament | Modi Government's Biggest Deception",Indian National Congress,"The Narendra Modi government is accused of denying the martyrdom of six soldiers for PR. Defense Minister Rajnath Singh allegedly lied in Parliament, stating no casualties occurred during 'Operation Sindoor', thereby insulting the martyrs. The speaker calls for Narendra Modi to be ashamed.","Narendra Modi denied the martyrdom of soldiers for his PR. Subedar Major Pawan Kumar, Rifleman Sunil Kumar, Lance Naik Dinesh Kumar, Aviation Technician Murali Naik, Havildar Sunil Kumar Singh, Sergeant Surendra Kumar. During 'Operation Sindoor', six of our soldiers were martyred. But the country's Defense Minister Rajnath Singh lied in Parliament, stating that no casualties occurred. This is not only contempt of the house but also an insult to those martyrs whose sacrifice the Modi government denied to save its image. Narendra Modi should be ashamed.",Hindi,28-06-2026 04:45,NEGATIVE,0,28
47,https://www.youtube.com/watch?v=yQh1eLGhbjA,New revelation shamed the entire country,Sakshi Joshi,"The speaker accuses Defense Minister Rajnath Singh of lying in Parliament about the martyrdom of soldiers in 'Operation Sindoor'. Last July, the minister stated no soldiers were martyred, but now the government admits six soldiers died in the operation. The speaker questions this contradiction and asks if the minister knowingly lied in Parliament. They also list the names of the six martyred soldiers: Subedar Major Pawan Kumar, Rifleman Sunil Kumar, Lance Naik Dinesh Kumar, Aviation Technician Mood Murali Naik, Havildar Sunil Kumar Singh, and Sergeant Surendra Kumar, calling it a great injustice to the nation.","If those who call the country's Parliament the temple of democracy go there and lie, then what kind of patriotism is this? Today the government is admitting and saying that six of our brave soldiers, six soldiers, were martyred in Operation Sindoor. But if you remember, last year in July, the country's Defense Minister went to Parliament and said that there was no martyrdom. No soldier died. Let me first take you back to 2014, let's start from there and then tell you what the country's Defense Minister said. Because in 2014, everyone saw this picture, when the entire country, bowing down to Parliament, thought, ""What a Prime Minister the country has got!"" He was seen respecting Parliament in this way. And right there, the Defense Minister of their own government, Rajnath Singh, was thumping the table, and the entire government seemed to acknowledge this one year ago: that no soldier lost their life in Operation Sindoor. So how are you admitting today that six soldiers died? And if six soldiers died, and this is the truth, this is fact, then you lied in Parliament. And if you lied in Parliament, then was that table-thumping for the martyrdom of those six soldiers? This incident is from July 28, 2025, when the Defense Minister came to the Lok Sabha, and naturally, the opposition started asking him questions about Operation Sindoor. So, regarding the questions they had on Operation Sindoor, what questions should have been asked, the Defense Minister, puffing out his chest, started saying, ""If you want to ask a question, then ask if any of our brave soldiers were harmed in this operation."" His answer was, ""No."" ""If you want to ask a question, then ask if any of our brave soldiers were harmed in this operation. So its answer is, 'No'."" As soon as this was heard, people from the ruling party were seen thumping tables and clapping. Did the Defense Minister not know, or did he know and lied in Parliament? And because a great injustice was done to those six heroes, and the country is finding out a year later, it is very important for you all to know their names. Subedar Major Pawan Kumar, who was from Headquarters 10 Infantry Brigade. Rifleman Sunil Kumar, Vir Chakra. 4 Jammu Kashmir Light Infantry. Lance Naik Dinesh Kumar, 5 Field Regiment. Aviation Technician Mood Murali Naik. 851 Light Regiment. Havildar Sunil Kumar Singh, 237 Field Workshop Company. Sergeant Surendra Kumar, Vayu Medal, 39 Wing.",Hindi,28-06-2026 03:40,NEGATIVE,240,11
48,https://www.youtube.com/watch?v=6kXlfg0eVXI,"Rajnath Singh caught by his statement in Parliament, even devotees can't find an answer || Ashok Kumar Pandey",The Credible History,"A year after Operation Sindoor, the government acknowledged six martyrs and added their names to the Roll of Honour. The speaker questions why the government, including Defense Minister Rajnath Singh, Home Minister Amit Shah, and Prime Minister Narendra Modi, initially stated in Parliament that no soldier was killed, and why they did not pay tribute to these martyrs when the news was already circulating in the media and Congress had offered condolences. The speaker alleges that the government only sought political gain from Operation Sindoor, similar to how it handled Pulwama during an election period. He notes that while Modi's photos were displayed, the martyrs' photos were not. The speaker believes the government feared that acknowledging these deaths would bring disgrace and damage its image.","One year after Operation Sindoor, the government acknowledged that six people were martyred. Their names were added to the Roll of Honour, officially registering them as martyrs. You know that news. When this news came out in newspapers, we asked why the government took a year to acknowledge it. Then the entire troll army came out and started saying, 'Oh, it was known at that time itself.' Priyanka Gandhi had posted about these six martyrs and paid tribute. And they are saying that everyone knew. My question is very straightforward: if Scroll was publishing this news in May, then why was Defense Minister Rajnath Singh saying in Parliament in July that not a single one of our soldiers was killed? My direct question is, Congress was paying tribute, Congress is not the government. Why was the government not paying tribute? Why did Rajnath Singh ji not pay tribute to these six martyrs? He was the Defense Minister. Why has the Bharatiya Janata Party, which politicizes the army's name, not paid tribute to these six martyrs yet? Why did Amit Shah ji, who is the Home Minister, not pay tribute to these six martyrs? Why did Narendra Modi, who is the Prime Minister of the country, not pay tribute to these six martyrs? Was Operation Sindoor merely meant to gain political advantage? Big photos of Modi ji were to be put on petrol pumps, why were the photos of these martyrs not put up? Modi ji did not go to fight. These martyrs were martyred fighting against Pakistan. Why were their photos not put up? Why did no statement come from the government saying that Rajnath Singh ji said something wrong in Parliament? In fact, six people were killed. Congress knew it, we also knew it, but back then, a year ago, when we were saying that our people were martyred, these BJP supporters and sanghi trolls came and said that 'they are lying, they are defaming the country.' In fact, they reach the battleground, but from fighting, they only want political gain. Let me tell you that when Pulwama happened, these people went to the home of every martyr. The body of every martyr was taken out in a procession because there were elections in the country. But in Operation Sindoor, when our six people were killed, neither was there any procession for them, nor was there any big news about them, nor did any political leader from the Bharatiya Janata Party or minister go to their homes. Why? Because they felt that it would bring disgrace to the country if people knew that our people were killed in Operation Sindoor. The same thing happened with the case of planes crashing; they kept denying it, and army officers confirmed that planes had crashed. The image they try to build, that image breaks just like that. Their 'insects' (derogatory term for supporters) come and post Congress's statements saying that everyone knew beforehand. As if it was the Congress government, they don't think why BJP did not pay tribute. You think and tell me.",Hindi,28-06-2026 03:30,NEGATIVE,43,1
49,https://www.youtube.com/watch?v=xYH4ECUNEGk,Why did Supriya Shrinate lash out at the government over the naming of 6 martyrs in Operation Sindoor?,News 24,"The speaker names six soldiers martyred during 'Operation Sindoor' (Subedar Major Pawan Kumar, Rifleman Sunil Kumar, Lance Naik Dinesh Kumar, Aviation Technician Murli Nayak, Havildar Sunil Kumar Singh, and Sergeant Surendra Kumar). The speaker criticizes the Narendra Modi government for initially denying these sacrifices and then admitting them. She recalls that in July 2025 (likely a slip of the tongue for an earlier year), then Defense Minister Rajnath Singh stated in Parliament that no soldier had died during the operation, accusing the government of deliberately misleading Parliament and insulting the martyrs' supreme sacrifice. She describes this act of making the martyrs anonymous as a 'sin' committed by the government, stating that repeatedly mocking and disrespecting their martyrdom is the reality of the Modi government.","Subedar Major Pawan Kumar, Rifleman Sunil Kumar, Lance Naik Dinesh Kumar, Aviation Technician Murli Nayak, Havildar Sunil Kumar Singh, and Sergeant Surendra Kumar. These were the six bravehearts of this country who sacrificed their lives in the defense of this nation during Operation Sindoor. And it was Narendra Modi's government that denied the sacrifice, the supreme martyrdom, of these six bravehearts. Now the government has admitted that these six bravehearts were martyred during Operation Sindoor, but I also remember that day, July 2025, when Rajnath Singh, while being the Defense Minister, stood in Parliament and said that not a single soldier had sacrificed their life, not even a slight loss had occurred. This was a deliberate attempt to mislead Parliament. A lie was told in Parliament, and a minister told a lie. This is not just contempt of Parliament, it's not just a breach of parliamentary privileges, it is actually an insult to the supreme sacrifice of our bravehearts, it is making a mockery of it. This government committed the sin of making them anonymous. And what its punishment is, you decide. But the reality is that repeatedly mocking their martyrdom, disrespecting their sacrifice, this is the reality of the Modi government. During Operation Sindoor, our six bravehearts were martyred, which the government has now had to grudgingly admit, regarding which the government had told a blatant lie in Parliament.",Hindi,27-06-2026 16:18,NEGATIVE,42,2
50,https://www.youtube.com/watch?v=_e4DmWroUb8,Is Indian Express after Modi? Uncovered a big scam in the office.,Bolta Hindustan,"Indian Express has exposed alleged corruption by Union Minister of State for Agriculture, Bhagirath Choudhary. The report claims Choudhary, who cultivates cucumbers, applied for and received a 99 lakh rupee subsidy for his farming project from a scheme under his own ministry. The total budget for this scheme was 1.99 crore, benefiting 467 farmers, with the largest portion reportedly going to the minister. Although the final approval came from a committee he wasn't directly part of, he serves as an ex-officio Vice President of the National Horticulture Board which oversees the scheme. The issue is further highlighted by the fact that his previous application for the same subsidy was rejected before he became a minister, but it was approved within 14 days of him taking office. Critics, including the Congress Party, allege this is a clear case of misuse of power and public funds, demanding his resignation and an investigation into the corruption.","Brother, Indian Express is dropping bomb after bomb on the BJP government. Before this, it exposed the corruption of the Madhya Pradesh Chief Minister, detailing how he acquired a large amount of land around road projects. And now, it reveals how a Union Minister of State for Agriculture pocketed millions of rupees in subsidy from his own department. These ministers now consider the government's treasury and their own pockets to be one and the same, diverting money from government schemes into their personal accounts. What is this whole story, and how beneficial will this expose by Indian Express be for the Modi government? I am going to explain that to you in this video. There's a minister, Minister of State for Agriculture, Bhagirath Choudhary. A report has come out about him, published in Indian Express. This report from Indian Express states that the minister cultivates cucumbers and applied for a subsidy related to this cucumber farming. He then had a subsidy of 99 lakh rupees deposited into his own pocket. Up to this point, everything seems clear. The minister did farming, specifically of the crop for which subsidy was available, and the subsidy was quickly approved, with 99 lakh rupees reaching his pocket. People are alleging that this is a case of misuse of office, but the matter is something else entirely. Under this scheme, the total budget allocated was 1 crore 99 lakh rupees. In the year 2025-26, only 467 farmers received benefits from this scheme, and one of them was our Union Minister of State for Agriculture, Bhagirath Choudhary. And the largest chunk of that went into the minister's pocket. Only 60 farmers received a subsidy of over 50 lakh rupees. Our minister was also among them. And nearly half of the entire budget went into the minister's bank account. On paper, you won't see any problem, that money was taken directly on paper, money was taken in white, no bribe, nothing. But where does the problem begin? What does this Indian Express report reveal? First, let me explain it to you briefly. What did Indian Express publish? The Union Minister of State Agriculture Bhagirath Choudhary received 99.03 lakh crore subsidy for commercial cucumber farming project under the scheme run by his ministry he serves in. While the final approval was granted by an NHB project approval committee that does not include him, Choudhary is an ex-officio Vice President of the NHB board that oversees the functioning. The project worth 1.99 crore was amongst 467 approved under the scheme in 2025. This is the whole matter that I just explained. Out of a budget of nearly 2 crore, almost 1 crore went to the minister himself. But where do the problems begin? This has been explained by the Congress Party. A major corruption case involving Modi government minister Bhagirath Choudhary has come to light. Minister of State for Agriculture Bhagirath took a subsidy of 99 lakh rupees from his own ministry for cucumber farming. He acquired the land just a few months after becoming a minister. Bhagirath applied for the subsidy in April 2025 and received approval within just 14 days. Here's the problem. As soon as one becomes a minister, they apply for a subsidy, and within 14 days, the subsidy is also received. Furthermore, the Indian Express report also states that the minister had applied for the same subsidy in 2018. At that time, he was not a minister. Then, his subsidy was rejected. But as soon as he became a minister, this subsidy was accepted, and what's more, it was accepted by the same board of which he has been the Vice President, an ex-officio member. This is a very significant point. What's next? This is a direct case of misuse of office, a case of looting public money after becoming a minister. Narendra Modi has given his ministers a free hand; the message is clear, 'Eat yourselves, feed me too, and loot as much as you can.' After this revelation, Bhagirath Choudhary has no right to remain in his post. His resignation should be taken, and his corruption should be investigated. Brother, ministers don't resign; he is still a Minister of State. Protests have been going on for the past 8 days demanding Dharmendra Pradhan's resignation, but Dharmendra Pradhan remains unaffected. What guarantee is there that these allegations will move him? Let me tell you more of the story. This Indian Express report not only exposes Bhagirath Choudhary's corruption but also reveals that there are other people who are fully utilizing their positions. Look at this graphic from Indian Express. There is a senior IAS officer from the Rajasthan cadre whose mother, wife, sons, and family members directly benefited from this scheme. Wow, brother! This is called the cream of power; the more you lick from it, the less it seems. What minister, what official, what bureaucrat, everyone gets something on their plate. If the government has launched a scheme, it has to be consumed, right? Now, let's move on. What is journalist and columnist Avesh Tiwari writing? After the Ram Janmabhoomi Chanda scam, the Simhastha scam, and then the Operation Sindoor scam, now presented is the Marubhumi scam. PM Modi's very dear Union Minister of State for Agriculture, Bhagirath Choudhary, took a subsidy of 1 crore rupees from a government scheme running under his own ministry. According to Indian Express, the National Horticulture Board that approved this scheme includes the Union Minister of State for Agriculture as its ex-officio Vice President. Congratulations, this is where the game is. In official language, 'Sabka Saath, Sabka Vikas' (Together with all, Development for all). Narendra Modi has said it, so it has to be done. Now, whether it's any minister or any bureaucrat. Modi ji has said it, so the word must be followed. What are your thoughts about this entire news story and this new 'bomb' from Indian Express? Please tell us in the comment section. To keep watching more such news, please subscribe to Bolta Hindustan. Thank you very much.",Hindi,27-06-2026 16:10,NEGATIVE,201,16
51,https://www.youtube.com/watch?v=haDjQGgpSsQ,"Exclusive: From Ram Mandir Scam to Paper Leak, Abhay Dubey Exposed Modi-Yogi! | Rajnath",DESH NEETI,"During a discussion on 'Desh Neeti', Congress leader Abhay Dubey leveled severe accusations against the Modi-Yogi government. He began by stating that rulers whose subjects suffer are destined for hell, applying this to current leaders, and called the present 'undeclared emergency' worse than previous ones.

Dubey alleged that funds for the Ram Mandir were collected from 15 countries without official permission and subsequently embezzled, with the government failing to provide any clarity. He reinterpreted the BJP's old slogan, 'Ram Lalla hum aayenge' (Ram Lalla, we will come), to imply 'chanda hum hi churayenge' (we will steal the donations), labeling the ruling party as 'fake devotees of Ram' and 'donation thieves'.

He highlighted Defence Minister Rajnath Singh's alleged lie in Parliament regarding no soldier casualties in 'Operation Sindoor', pointing out that the government later released the names of six martyrs. Dubey asserted that the entire world knew about India's losses, but its own citizens were kept in the dark, claiming China and Pakistan collaborated to freeze India's systems.

Addressing the land purchase allegations against Madhya Pradesh CM Mohan Yadav, Dubey dismissed it as a caste issue, firmly labelling it as a direct case of corruption. Regarding Akhilesh Yadav's accusations against CM Yogi Adityanath concerning similar land deals, Dubey stated that those who conspire against the public are bound to be removed, either by their party or through elections. He rejected speculations of an internal BJP conspiracy to remove Yogi, emphasizing the issue as purely one of corruption.","Even if Lord Ram, the ideal man, had ruled in a way that caused his subjects sorrow, he would be deemed an heir to hell. Any king whose reign forces the people to suffer is an heir to hell. Therefore, these people at the pinnacle of power are heirs to hell. Was the previous Emergency such a grave challenge, or is the current 'undeclared emergency,' as the Congress terms it, even worse? Despite not having official permission, they collected donations from at least 15 countries. They embezzled those donations, yet the government has failed to clarify anything about it. So, regarding this major issue, is a loss for them certain in 2027, perhaps against someone like Yogi? It's unfortunate if the government is bent on lying even within the Parliament. The whole world knows they've committed this scam. Is there also an internal conflict brewing among them because of this? In the 80s and 90s, the slogan was 'Ram Lalla, we will come.' The true, underlying slogan was 'Ram Lalla, we will come, and we will steal the donations.' Namaskar, welcome everyone to Desh Neeti, and today with us is Abhay Dubey ji. He is a Congress leader and a good orator, one of those spokespersons who started his political journey from Indore and was also given responsibility in Delhi, and his statements often become a topic of discussion. From political corridors to social media, he always gives such bold statements on some issue or another, asking direct questions to the government that become a subject of discussion. Anyway, today he is present on the Desh Neeti platform. He has come here to talk to us. Sir, first of all, thank you very much for giving us your time. Thank you. Sir, I had many questions to begin with, I was even confused about which question to start with. But today, look, one statement is most discussed – Rajnath Singh's statement in Parliament, where he says that if you want to ask questions, ask how many soldiers were lost, and his answer is no, no, no, not a single soldier was lost. And now, more than a year has passed since Operation Sindoor, and the government itself releases the names of those six martyrs whose names are printed at the Veer Memorial. Everywhere, there is discussion about their six names, we just discussed this with you, so why is this happening? Why is a lie being told in Parliament? This is a very unfortunate thing. Rahul Gandhi ji, the Congress party, the whole country was continuously asking questions: Prime Minister ji, Defense Minister ji, please tell us what loss India has finally suffered in this Operation Sindoor? How many of our aircraft were shot down? It's unfortunate. The whole world knows. Look, Europe has Constellation, Russia has GLONASS, Galileo, America has GPS, and China has Beidou. They have found out everything with their constellations, with these satellites. But only the citizens of India did not know what happened to us. The whole world was saying how China, in collaboration with Pakistan, tried to harm India's Operation Sindoor. Our entire systems were frozen by radar, and we were completely isolated. And today, this revelation is shameful. It means, if the government is bent on lying even in Parliament, what else must be hidden from this country? This can be understood. Sir, now since you come from Indore, that's why I want to talk about the big political upheaval that has come from Madhya Pradesh, the Mohan Yadav land purchase and sale case. On this, sir, a new turn has come that Akhilesh Yadav, instead of cornering him, defended him. But in doing so, he made a big statement that CM Yogi has also bought and sold land close to 300 to 600 acres. So this is a political conspiracy within the BJP itself to remove these chief ministers, he mentioned three chief ministers, and finally, a political atmosphere is being created to remove Yogi Adityanath. Also, Brijbhushan Sharan Singh also said that, well, who gave Akhilesh Yadav the 'masala' (information)? People sitting in power gave it. So how true is this and do you think that such a political conspiracy is being hatched to remove Yogi Adityanath, because a similar dispute was seen in 2022 as well. Look, those who have conspired with the people of the country and the state, their removal is certain. Whether the Bharatiya Janata Party removes them or the public itself removes them in the elections. But Akhilesh Yadav ji, this question is not about caste, it is about land. I have never seen an OBC person so deeply involved in such severe corruption that he has done work worth thousands of crores under the patronage of his own government. And the youth and public of the country and state are suffering, and you are earning thousands of crores of rupees. So this question is directly about corruption. It has nothing to do with OBC or caste. Sir, a controversy about Ram Mandir has gained a lot of momentum, and the government side is saying that they had nothing else, so they caught the issue of Ram Mandir. Yogi Adityanath is giving statements like 'doodh ka doodh, pani ka pani' (everything will become clear). But now that the SIT report has also come, eight arrests have been made, resignations have also happened. But the government is not able to clarify anything about it. So, after all, in this big matter, is it certain that Yogi Adityanath will suffer losses in 2027? Look, what was the foundation of the Bharatiya Janata Party? What was their slogan? In the 80s and 90s, they gave the slogan 'Ram Lalla hum aayenge' (Ram Lalla, we will come). The real slogan was 'Ram Lalla hum aayenge aur chanda hum hi churayenge' (Ram Lalla, we will come and we will steal the donations). These are fake devotees of Ram. These are donation thieves.",Hindi,27-06-2026 16:00,NEGATIVE,7,1
52,https://www.youtube.com/watch?v=tvVQRc8WwtE,Amit Shah kept banging the table.. Rajnath humiliated him to his face! #shorts #short,4PM,"The clip criticizes the Indian government, accusing the Defense Minister, Rajnath Singh, of shamelessly lying in Parliament about casualties in 'Operation Sindoor,' claiming no soldiers were harmed while six were martyred. It alleges that Home Minister Amit Shah attempted to mitigate the situation, and the Prime Minister, Narendra Modi, went on a foreign trip amidst the controversy, implying indifference to the soldiers' sacrifice.","Poor Amit Shah kept banging the table, but Rajnath Singh didn't even leave him presentable. So, we will tell you how this double embarrassment is currently unfolding, but first, listen to the statement. If you want to ask a question, then ask this: 'Has there been any harm to our brave soldiers in this operation?' And the answer is 'No.' So, you heard it. It is said that not even a scratch was sustained by any soldier in Operation Sindoor. But the truth is now out in the world. Six soldiers were martyred. But still, shamelessly, the Defense Minister lied in a full house. The Home Minister saved the table, and the Prime Minister of the country, in the name of '56 inches', puffed out his chest and went on a foreign trip.",Hindi,27-06-2026 15:30,NEGATIVE,87,2
53,https://www.youtube.com/watch?v=tb9AScz2TTE,"6 Jawans Martyred, Rajnath Singh Said “No Harm” — Modi Govt Exposed | Operation Sindoor",Indian National Congress,"The video alleges that six Indian soldiers were martyred in 'Operation Sindoor', a fact the government initially denied, claiming 'no loss'. The names of these brave men are now public. The speaker criticizes the Modi government, including PM Modi, Amit Shah, and Rajnath Singh, for allegedly concealing this truth and lying in Parliament. The video asserts this isn't an isolated incident, referencing the Galwan clash where 20 soldiers were martyred and Modi supposedly gave China a 'clean chit', and the Pulwama attack where 40 soldiers died and their names were allegedly used for votes. The core argument is that the government prioritizes its image and ""Vishwaguru"" narrative over accountability and the truth regarding soldiers' sacrifices.","If you want to ask a question, ask this: 'Did our brave soldiers suffer any damage in this operation?' The answer to that is 'No'. That wasn't just a false claim, it was an attempt to erase the sacrifice of our soldiers. But the truth has finally come out. Six Indian soldiers were martyred in Operation Sindoor, and now even their names are in the public domain. These are the brave men the government never acknowledged. Subedar Major Pawan Kumar, Headquarters 10 Infantry Brigade. Rifleman Sunil Kumar, 4th Battalion Jammu and Kashmir Light Infantry Regiment. Lance Naik Dinesh Kumar, 5 Field Regiment. Agnivur Mood Murali Nayak, 851 Light Regiment. Havildar Sunil Kumar Singh, 237 Field Workshop. Sergeant Surendra Kumar, 39 Wing Indian Air Force. Six families paid the price. The country was told there was no loss. Now Narendra Modi, Amit Shah and Rajnath Singh must answer. Why was this truth hidden from the nation? Why did the government lie in Parliament? And this is not the first time the Modi government has lied to protect its own image. Galwan, 20 soldiers were martyred and Modi gave a clean chit to China. Pulwama, 40 soldiers were martyred and their names were used for votes. Years later, the core questions still remain unanswered. The sad reality is for the Modi government, image comes first, accountability comes later if at all. And anything that damages the Vishwaguru narrative is pushed under the carpet.",English,27-06-2026 15:30,NEGATIVE,0,22
54,https://www.youtube.com/watch?v=p_ph4aPkXVQ,Limit of shamelessness! 😳😳,Indian National Congress,"The central government officially disclosed the names of six Indian soldiers martyred during Operation Sindoor. These names were added to the Roll of Honour on the National War Memorial website in New Delhi, 13 months after the operation. Initially, the report states that no harm occurred to brave soldiers in 'the operation', then focuses on the martyred soldiers of 'Operation Sindoor'.","Was there any harm to our brave soldiers in the operation? The answer is no. For the first time, the central government has officially made public the names of six Indian soldiers martyred during Operation Sindoor. About 13 months later, the names of these brave soldiers were included in the Roll of Honour on the website of the National War Memorial in New Delhi.",Hindi,27-06-2026 13:45,POSITIVE,0,53
55,https://www.youtube.com/watch?v=zST-fgotWVo,"6 soldiers martyred in Operation Sindoor, while Modi government lied in Parliament, Supriya Shrinate enraged.",Indian National Congress,"The speaker names six bravehearts martyred in Operation Sindoor and accuses the Modi government of initially denying their sacrifice. She highlights that in July 2025, then Defense Minister Rajnath Singh stated in Parliament that there were no casualties, despite the government now admitting to the martyrdoms. The speaker labels this a deliberate act of misleading Parliament, a lie, and an insult to the bravehearts' supreme sacrifice, demanding accountability. She concludes that mocking martyrs and disrespecting their sacrifice is the true nature of the Modi government, which blatantly lied in Parliament about these deaths.","Subedar Major Pawan Kumar, Rifleman Sunil Kumar, Lance Naik Dinesh Kumar, Aviation Technician Murli Naik, Havildar Sunil Kumar Singh, and Sergeant Surendra Kumar. These were the six bravehearts of this country who sacrificed their lives in the defense of this country during Operation Sindoor. And the act of denying the sacrifice of these six bravehearts, their supreme sacrifice, was done by Narendra Modi's government. Now the government has admitted that these six bravehearts were martyred during Operation Sindoor, but I also remember that day, July 2025, when then Defense Minister Rajnath Singh stood in Parliament and said that not a single jawan, not a single soldier had sacrificed their life, there was not even a slight loss. This was a deliberate attempt to mislead the Parliament. A lie was spoken in Parliament and a minister spoke a lie. This is not just contempt of Parliament, not just a breach of parliamentary privileges, it is actually an insult to the supreme sacrifice of our bravehearts, a mockery of their martyrdom. This sin of making them anonymous was committed by this government. And what its punishment is, you decide. But the reality is that repeatedly making fun of their martyrdom, showing contempt for their sacrifice, this is the reality of the Modi government. During Operation Sindoor, our six bravehearts were martyred, which the government has now had to admit after much insistence, about which the government told a blatant lie in Parliament.",Hindi,27-06-2026 13:45,NEGATIVE,0,21
56,https://www.youtube.com/watch?v=Xymyw5LRpVA,Did the three armed forces expose Rajnath Singh's big scandal? Hidden for 13 months,Bolta Hindustan,"This video accuses Defense Minister Rajnath Singh of lying in the Lok Sabha about ""Operation Sindoor."" The opposition sought details of losses during the operation, but Singh stated it was successful with no military casualties. However, the National War Memorial website lists six martyred soldiers in the 2025 section, purportedly linked to Operation Sindoor. Congress spokesperson Pawan Khera and Professor Mukesh Kumar suggest Singh either lacked knowledge or deliberately lied, calling it a grave crime. The video reveals the names of the six martyrs and questions undisclosed aircraft losses during the operation. The speaker emphasizes that soldiers' sacrifices strengthen the nation and democracy, deserving honor. Lying in Parliament about such critical matters is deemed a major offense, raising significant questions about the minister's conduct.","Brother, the world speaks wrong. This government is not one of rhetoric but of lies. Another lie of theirs has been caught, spoken in the Lok Sabha. This time, our esteemed Defense Minister Rajnath Singh ji has been implicated. That Rajnath Singh has been caught lying this time. If intentions are true, the whole universe stands in your favor. The Maan government has done great work solving canal water issues. Our fields now get full water. The regions of Majha, Malwa, Doaba and Puadh are giving blessings. We thank the Maan government very much. This June-July, when the paddy crop ripens, it will reach 85%. During a Lok Sabha discussion on Operation Sindoor, Rajnath Singh answered questions. The opposition sought details of India's losses during the operation. Rajnath Singh stated that Operation Sindoor was successful, with terrorists and their leaders killed, and no military casualties. This is where Rajnath Singh gets caught. The government was compelled to publicize the names of those who attained martyrdom during Operation Sindoor. These names are published on the National War Memorial website, with six additional names added in the 2025 section. People are now raising questions: if six names have been added to the National War Memorial in the 2025 section, are these six names related to Operation Sindoor? Because the maximum use of the military was made in Operation Sindoor in 2025. So a direct connection is being made. Pawan Khera, national spokesperson of the Congress party, shared this video and wrote that there can only be two possibilities. Either Rajnath Singh genuinely did not know at the time he was giving the answer that six Indian soldiers were martyred during Operation Sindoor, or he knowingly lied in the Lok Sabha. This was the biggest crime, that in the country's biggest panchayat (parliament), in front of the whole country, a minister of the country was lying about the martyrdom of six soldiers. Professor Mukesh Kumar also shared the names of those soldiers who made the supreme sacrifice: Subedar Major Pawan Kumar, Rifleman Sunil Kumar, Lance Naik Dinesh Kumar, Agniveer Mood Murali Nayak, Havaldar Sunil Kumar Singh, and Sergeant Surendra Kumar. These six sacrificed their lives for the country. But all these names were hidden, and they did not receive the honor they deserved. The question also remains whether India suffered any aircraft losses in Operation Sindoor. The government did not disclose this. If they can lie about soldiers' names, then could lies not have been told about aircraft? The death of soldiers is not a matter of shame; rather, it strengthens a nation and a democracy. Such heroes should be honored. The lie spoken in the Lok Sabha is a crime. As Pawan Khera implies, either there was a lie or a lack of information. In both scenarios, significant questions are being raised against you.",Hindi,27-06-2026 13:39,NEGATIVE,147,17
57,https://www.youtube.com/watch?v=lxFZ2VOhLkc,"Exclusive: From Ram Mandir Scam to Paper Leak, Abhay Dubey Exposed Modi-Yogi! | Rajnath",DESH NEETI,"Congress leader Abhay Dubey, speaking on 'Desh Neeti,' launched sharp criticism against the Modi-Yogi government. He described those at the helm of power as 'officials of hell,' stating that a ruler under whose reign subjects suffer is destined for hell. Dubey termed the current situation an 'undeclared emergency,' considering it worse than the historical Emergency.

His primary accusation centers on the 'donation theft' (chanda chori) related to the Ram Mandir construction. He alleged that the government collected donations from at least 15 countries without permission and 'embezzled' them, resulting in a 'scam of thousands of crores.' Dubey claimed that an SIT was formed to cover up this misdeed, seizing only 70-80 lakh rupees while the main culprits were protected. He accused both PM Modi and CM Yogi Adityanath of direct or indirect involvement in the donation theft, predicting political repercussions for Yogi Adityanath in 2027. He also highlighted an alleged internal conflict between the Modi-Shah camp and Yogi Adityanath's government concerning Champa Rai, with Yogi hinting at a lack of 'observance of decorum/ethics).

Another serious accusation concerned the government's alleged lie in Parliament regarding casualties in 'Operation Sindoor.' Dubey refuted Defence Minister Rajnath Singh's statement that no soldiers were harmed, pointing out that names of six martyrs were later released. He stated that Rahul Gandhi and the entire nation were questioning this, deeming it 'unfortunate and shameful' that the government would lie in the Parliament. He asserted that the whole world, through its satellite systems (like GPS, Beidou), knew that India had suffered losses due to China and Pakistan, but this information was withheld from Indian citizens.

Abhay Dubey concluded that this is not merely a political issue but a matter of 'national faith' and truth, and such governmental deceit and corruption would have severe consequences.","They stole in the name of faith, in the name of Maryada Purushottam Ram. A ruler whose beloved subjects are suffering, such a king is an official of hell. The king whose rule forces his subjects to suffer is an official of hell. So, these people sitting at the top of power are officials of hell. So, was that Emergency such a big challenge, or is the undeclared Emergency that Congress talks about now worse? Even without permission, they collected donations from at least 15 countries. They embezzled those donations. But the government is unable to clarify anything in it, so ultimately, in this big matter, is Yogi Adityanath bound to face losses in 2027? It's unfortunate if the government is intent on lying even in Parliament. The whole world knows. Regarding this scam they have committed, is there also a conflict going on internally among them? In the 80s and 90s, the slogan was given: 'Ram Lalla, we will come.' The real slogan was: 'Ram Lalla, we will come, and we will steal the donations.' Namaste, everyone is welcome to Desh Neeti, and today we have Abhay Dubey ji with us. He is a Congress leader and a good speaker, and one of those spokespersons who started his political journey from Indore and was also given responsibility in Delhi, and his statements often become a topic of discussion. From political corridors to social media. He always gives such outspoken statements on one issue or another, asking direct questions to the government, which become a topic of discussion. Anyway, today he is present on the platform of Desh Neeti. We have to talk to him here. Sir, first of all, thank you very much for giving us your time. Sir, by the way, I had many questions, I was even confused about how to start with which question, but today, see, one statement is being discussed the most, it is Rajnath Singh's statement. He is saying in Parliament that if you want to ask questions, ask how many soldiers were lost, and the answer is no, no, no. Not a single soldier was lost, and now that more than a year has passed since Operation Sindoor, the government itself releases the names of those six martyrs, their names are printed at the Veer Memorial. Everywhere there is a discussion of their six names, we just discussed with you all this, so why is this happening? Why is a lie being told in Parliament after all? This is a very unfortunate thing. Rahul Gandhi ji, the Congress party, the entire country was constantly asking, 'Mr. Prime Minister, Mr. Defense Minister, tell us what damage India has ultimately suffered in this Operation Sindoor? How many of our aircraft have been shot down?' It is unfortunate. The whole world knows. You see that Europe has the constellations Glonass, Galileo, Russia has it, America has GPS, and China has Beidou. They found out everything from their constellations, from these satellites. But only the citizens of India did not know what happened to us. The whole world was saying how China, in collaboration with Pakistan, tried to harm us in India's Operation Sindoor. Yes. Our entire radar system was frozen, and we were completely isolated. And today this revelation is a shameful thing. That means if the government is intent on lying even in Parliament, it can be understood what all is being hidden from this country. They stole the faith of the country. They fragmented the faith of the country. They will have to bear the consequences. This government only formed an SIT to cover up these sins and filed an FIR against those counting money. How much? Someone was saying that the SIT report that was submitted seized 70-80 lakh rupees. Oh, it's a scam of thousands of crores of rupees. They saved the main culprits. All the goods were taken away, and no action has been taken against them till date. What will resignation do? Yes. These are serious allegations, and through them, money was channeled upwards. Sir, there was another thing, see, the discussion going on in political circles is that there is also a bitterness seen between the central and Yogi government, between Modi and Yogi government, between Modi-Shah, regarding Champa Rai, that on one hand, the Deputy CM in Yogi's government, KP Maurya, who reports to Modi-Shah, is saying that Champa ji is revered, and now he has also resigned, but in hints, Yogi is also indicating that he should have kept in mind the decorum of Ram. That is somewhere being linked to them, that Champa and these people did not keep the decorum in mind, regarding this big scam they committed. So is there also a conflict going on internally among them? Which decorum did Adityanath ji keep in mind? It was happening under his nose. When the land fraud was done, was this matter brought to his attention then too? Even then he said he would investigate. If he had done it in 2021, this would not have been the result. And is the DM in that trust, the collector of Ayodhya, is he not in that trust? Your Sanjay Prasad, to whom the report was submitted, the Additional Chief Secretary, is he not on that board? Are these two competent officers, or are you on that board? Then what did you do? So everyone from this end to that end is a partner in the crime. Whether it is Deputy Prime Minister Modi or Adityanath ji. Everyone is directly or indirectly involved in donation theft. Yes sir, the way Sanjay Singh has submitted the report to the SIT and then gave a statement from Lucknow, and the SP is also looking aggressive on it, as is the Congress. Will everyone come together on this issue and completely corner them now? This is not a political issue. This is an issue of national faith.",Hindi,27-06-2026 13:32,NEGATIVE,1,1
58,https://www.youtube.com/watch?v=TrQzbKPyqzY,Suniel Shetty's Devotion to Modi,Paurush Sharma,"The speaker begins by alleging that the Modi government has been completely ""exposed"" regarding ""Operation Sindoor"" and will no longer mention it. The discussion then shifts to a viral clip of actor Suniel Shetty, where he describes his 15-month-old granddaughter worshipping Modi Ji, finding his photo in a Sai Baba book, and offering imaginary ladoos. The speaker criticizes this, questioning Modi Ji's photo in a religious book and accusing Shetty of using his granddaughter's 'Modi Bhakti' to gain relevance for himself, potentially auditioning for an upcoming film (""The Immortal Ashwatthama"") or promoting his recently failed movie (""Welcome to the Jungle"").

The narrative then returns to Operation Sindoor, revealing that the government has now released the names of six soldiers killed in the operation. This is directly contrasted with the Defence Minister's previous statement in Parliament that no soldiers suffered any harm. The speaker vehemently criticizes the Modi government for ""normalizing"" lies in Parliament, accusing them of insulting the martyrs and highlighting the double standards where ordinary citizens are punished for lies while the government faces no consequences.

Finally, the speaker points out another instance of alleged ""shamelessness"": Prime Minister Modi congratulating Education Minister Dharmendra Pradhan on his birthday for his ""commendable efforts"" towards the National Education Policy. The speaker lambasts this, citing the numerous paper leaks, student protests, and student deaths that occurred under Pradhan's leadership, calling the congratulatory message deeply inappropriate.","After today, Modi Ji will never again mention Operation Sindoor because the Modi government has been completely exposed on it. What's the whole story and how were they exposed, we will discuss later. But I want to start here with Sunil Shetty. His clip is going very viral where he is narrating how his 15-month-old granddaughter worships Modi Ji. 'You won't believe it, my granddaughter is 15 months old. Every morning, somebody had told her 'Modi Ji,' that's it. Every morning, she comes, there's a Sai Baba book with a big photo of Modi Ji in it. First of all, what is Modi Ji's photo doing in a Sai Baba book? Now forget NCERT books, even God's books are not being spared here. But honestly speaking, Sai Baba's book should be the last place for Modi Ji's photo. Actually, there's a reason: Sai Baba used to say 'Sabka Malik Ek' (God is one) and Modi Ji also says the same.' She opens it, says 'Modi Ji, Modi Ji,' goes to the idol, brings an imaginary ladoo, and feeds it to him. 'I didn't tell h...",Hindi,27-06-2026 13:13,NEGATIVE,740,90
59,https://www.youtube.com/watch?v=Q_VJiyDyPHQ,New Revelation Shames the Entire Nation: Martyrdom in Operation Sindoor Hidden for a Year! In Parliament...,Sakshi Joshi,"A year ago, Defence Minister Rajnath Singh denied any casualties in 'Operation Sindoor' in Parliament, while the government is now admitting that six soldiers were martyred. This revelation has sparked a major controversy, with Congress leaders and others accusing the government of misleading Parliament or withholding information. There is deep public shock that the families of the martyrs were denied the truth for a year. The speaker questions whether patriotism is merely about chanting slogans or if it includes respecting the nation's brave sons. The video poses three main questions to the government: why was a lie told in Parliament, why was the information disclosed so late, and will the government provide a detailed explanation. The nation demands respect for the martyrs' sacrifice and answers regarding government accountability.","If those who call the country's Parliament the temple of democracy go there and lie, then what kind of patriotism is this? Today, the government is admitting and saying that six of our brave soldiers, six soldiers, were martyred in Operation Sindoor. But if you remember, last year in July, the country's Defence Minister went to Parliament and said that there was no martyrdom. No soldier died. Defence Minister Rajnath Singh, thumping the desk, made the entire government appear to agree with us a year ago that no soldier lost their life in Operation Sindoor. So, how are you admitting today that six soldiers died? And if this is true, then you lied in Parliament. Was the desk being thumped for the martyrdom of those six soldiers? Congress leader Pawan Khera said there are only two possibilities: either the Defence Minister was unaware, or Parliament was misled. Supriya Shrinate writes that in any other country, a Defence Minister who insulted martyrs would have to resign. Here, lies are being told boldly. The Congress party is openly stating that the martyrdom of six soldiers was hidden from the country, and this debate has now erupted across the nation. People are in shock that almost a year later, it is being revealed that our country lost six brave soldiers in Operation Sindoor. Think about those families who lost someone; in the government's eyes, that loss wasn't acknowledged for a year. What will their child ask when looking at their father's picture, ""Dad sacrificed for the country, didn't he?"" Because the figures were telling a different story somewhere. Has patriotism become just a way to chant ""Bharat Mata ki Jai"" from big stages? Or is patriotism about learning to respect, learning to respect our brave sons? For the brave soldiers of the country, at least the final farewell they deserve when they leave this world, they should receive with their due honor. And if there is a difference between what was said in Parliament and the truth, then tell me, who will take Parliament's words seriously? The whole world will laugh at us that our country's Defence Minister in Parliament did not even know that six brave soldiers were martyred in Operation Sindoor, and they give this information exactly one year later. There are three questions about this whole matter that the country wants to know from this government. The first question is, why was it stated in Parliament that there were no casualties? The second question is, why was the information about the six martyrs made public so late? And the third question is, will the government give a detailed explanation on this matter? A soldier who sacrifices for the country asks for nothing after his death. His family also asks for nothing. They only want that the country at least honors them and remembers what sacrifice their son, their husband, their father made for this country. Subedar Major Pawan Kumar, Rifleman Sunil Kumar, Lance Naik Dinesh Kumar, Aviation Technician Mood Murali Nayak, Havildar Sunil Kumar Singh, and Sergeant Surendra Kumar. India salutes your sacrifice, and this country definitely wants answers to every question raised in your name because if such a big lie is told in what is called the temple of democracy, then what kind of patriotism will this be? This is the question I am once again posing before you. The country wants an answer to this question. Satyameva Jayate. Jai Hind.",Hindi,27-06-2026 12:59,NEGATIVE,115,9
60,https://www.youtube.com/watch?v=gqAsJjKzxo0,Martyrs' names made public after 13 months? Why did Rajnath say in Parliament that no one was martyred?,Ravish Kumar Official,"Ravish Kumar expresses profound concern over the delayed official release of names of soldiers martyred during 'Operation Sindoor,' which occurred 13.5 months after the incident. The names of six martyrs—Subedar Major Pawan Kumar, Rifleman Sunil Kumar, Lance Naik Dinesh Kumar, Agniveer M Murli Nayak, Havaldar Sunil Kumar Singh, and Sergeant Surendra Kumar—were only revealed after being inscribed on the Delhi War Memorial. The speaker questioned why these families were denied national recognition and support during their most critical time.
A significant point of criticism is the alleged discrimination against Agniveers: Agniveer M Murli Nayak's family had to pursue legal action for pension and welfare benefits. In response, the government filed an affidavit asserting no parity between Agniveers and regular recruits for such benefits, a position constitutionally upheld by the court. This is highlighted as ""discrimination even in martyrdom.""
Furthermore, Defense Minister Rajnath Singh's statement in the Lok Sabha on July 28, 2025, claiming no casualties in 'Operation Sindoor,' is deemed contradictory and reprehensible given the subsequent public naming of the martyrs. The speaker also notes a lack of transparency during the operation itself, with military press conferences failing to provide clear details on casualties. The overall policy is criticized, especially when contrasted with politicians receiving multiple pensions while martyrs' families struggle for basic rights.","Hello, I am Ravish Kumar. There can be a scandal even in hiding the sacrifices of martyrs. Isn't it surprising how many soldiers were martyred during Operation Sindoor? Their number and their names have been officially made public for the first time. Not making them public for a day or two during an operation is understandable. But names are being officially released after 13.5 months. This also came to light when the names of six soldiers were inscribed on the granite plaque of the 'Tyag Chakra' at this War Memorial in Delhi. You can read the names of these soldiers here: Subedar Major Pawan Kumar, Rifleman Sunil Kumar, Lance Naik Dinesh Kumar, Agniveer M Murli Nayak, Havaldar Sunil Kumar Singh, Sergeant Surendra Kumar. Why are newspapers writing that their names have been released for the first time? This implies that their names were not officially released before. Otherwise, no one would write that. It's not that the names of soldiers killed were not published in media reports during wartime. But here the question is about an official announcement. How do names appear on the National War Memorial in Delhi? There's a big difference between making something public and making it public after 13.5 months. At that time, the whole country's attention is on every piece of news about the war. People want to know. It gives strength to the martyr's family that the whole country knows their son today. They acknowledge his bravery. In this way, the martyr's parents were also deprived of this. The martyr's wife and children were also deprived at that time. At a time when their family should have received all kinds of help. At that time, Agniveer M Murli Nayak's family had to knock on the doors of the court for the right to pension and welfare benefits. A November 2025 report states that Agniveer M Murli Nayak's mother demanded from the Bombay High Court that soldiers recruited under the Agnipath scheme be given equal post-mortem rights like other soldiers. There should be no discrimination compared to soldiers from regular recruitment. Long-term pension and welfare benefits should be given. In response, the government filed an affidavit in May 2026 stating that there is no equality between Agniveers and regularly recruited soldiers. That's why the claim for equal pension is not valid. This difference was constitutionally justified before the court. The recruitment process may be different, the terms may be different. But discrimination can also be made in martyrdom on the border. The Modi government has shown that. Can a government that dreams of a five trillion dollar economy not give a lifelong pension to a martyr? How many leaders are there in this country who are taking three, four pensions? They are taking pensions from the Vidhan Sabha, Vidhan Parishad, Rajya Sabha, and Lok Sabha. The government does not give pensions to martyrs, does not even take their names, does not accept their martyrdom. Then with what face are roadshows and rallies held in their honor? How unfortunate it is that on July 28, 2025, Defense Minister Rajnath Singh said in the Lok Sabha that no soldier suffered any damage in Operation Sindoor, and after his statement, members applauded. Many hours after the news was published, there was no tweet from Rajnath Singh today. After the terrorist attack in Pahalgam, India attacked Pakistani terrorist bases. This operation was named Operation Sindoor. The government was praised for the name, but the names of those whose family members were martyred were not released at that time. If an opposition government had done this, BJP leaders would have been giving emotional statements full of outrage that this government also consumed the honor of the martyrdom of sisters whose vermilion was wiped out, whose husbands were martyred on the border in Operation Sindoor. The country was not told who was martyred. Their names have now formally come before the country. During Operation Sindoor, when the army's press conferences were held, the number and names of martyrs and injured soldiers were often not clearly stated. We want to show you a part of Colonel Sophia Qureshi's statement from May 9, 2025. Colonel Sophia is not telling names, not telling numbers. She is only saying that some Indian Army personnel have suffered casualties. Pakistan also fired across the Line of Control using heavy caliber artillery guns and armed drones in Tangdhar, Uri, Punch, Mendhar, Rajouri, Akhnoor, and Udhampur in Jammu and Kashmir. As a result, some Indian Army personnel were martyred and injured. Some soldiers suffered casualties. How many? No number. Who? No name. Where? No mention. Same with the injured. It might be difficult to give names during the war. But it could have been told after May 10. Even now, when the names have been made public, there is no information about which front these six soldiers were martyred on. There is no information about how they were martyred. Because if it is told that someone died at an Air Force base, then the question will arise how? Did Pakistani missiles reach there? A ceasefire happened on May 10, a DGMO press conference is held on May 11. The names of these soldiers were not told in it, but homage was paid to five martyred soldiers. It was said. In the end, I pay my solemn homage to my five fallen colleagues and brothers from the armed forces and civilians who have tragically lost their lives in Operation Sindhur. Our hearts go out to the bereaved families. And we express our solidarity to them in this lifetime and beyond. At this grave juncture in their lives. Their sacrifices shall always be remembered and spoken of in glowing terms by a grateful nation. The surprise is this press con",Hindi,27-06-2026 12:39,NEGATIVE,7565,593
61,https://www.youtube.com/watch?v=BI6DZOtuPoI,6 Martyrs in Operation Sindoor... Rajnath Singh's Blatant Lie Exposed,Indian National Congress,"The speaker alleges that six soldiers were martyred in Operation Sindoor, but Defense Minister Rajnath Singh lied in Parliament on July 28, 2025, claiming no casualties. The content questions why the truth about the brave soldiers' martyrdom was hidden from 144 crore Indians. It accuses the government of operating on lies to protect Modi's image and concealing the failures of the ""fake Vishwaguru."" It warns that a government capable of lying about martyrs in Parliament can also suppress the public to retain power. The speaker concludes that this government belongs to none—neither God, soldiers, farmers, youth, poor, nor backward classes—but is merely power-hungry.","In Operation Sindoor, six of our soldiers were martyred. I repeat. In Operation Sindoor, six Indian soldiers were martyred. On July 28, 2025, Defense Minister Rajnath Singh lied in a full Parliament session. He had said that our brave soldiers suffered no casualties in Operation Sindoor. If you want to ask a question, ask this: 'Were our valiant soldiers harmed in this operation?' And the answer is 'No.' Why was this lie told to the nation? Why was the martyrdom of our brave soldiers hidden from us? Why was the truth kept away from 144 crore Indians? Why did Rajnath Singh tell a blatant lie standing in the temple of democracy? Let me tell you. This government is running on a foundation of lies. To save Modi's image, every truth is hidden from the country that contains the failures of the 'fake Vishwaguru'. Just think, a government that can lie about the martyrdom of soldiers in Parliament can also strangle the public to save its power, and that is what is happening. Not even Lord Shri Ram was spared from their deception. They asked for votes in the name of Ram and then deceived them. They asked for votes in the name of martyrs in Pulwama but didn't even mention the names of soldiers martyred in Operation Sindoor. In short, they belong neither to God nor to soldiers. They belong neither to farmers nor to the youth. They belong neither to the poor nor to the backward classes. They are only hungry for power.",Hindi,27-06-2026 12:30,NEGATIVE,0,33
62,https://www.youtube.com/watch?v=Bf8Ur3Xuc7U,6 soldiers martyred in Operation Sindoor 😳😳,Indian National Congress,"The video reports the release of the names of six brave Indian soldiers who were martyred in 'Operation Sindoor' while fighting against Pakistan. Their names have been inscribed in the National War Memorial, and tributes have been paid to them. The martyred soldiers include Subedar Major Pawan Kumar, Rifleman Sunil Kumar, Lance Naik Dinesh Kumar, AV Mod, Murli Naik, Havildar Sunil Kumar Singh, and Surendra Kumar.","If you want to ask a question, ask this: Has there been any harm to our brave soldiers in this operation? The answer to that is, no. Meanwhile, for the first time, the names of six brave soldiers martyred in Operation Sindoor have been released. Tributes have been paid to these six brave soldiers by inscribing their names in the National War Memorial. All these brave soldiers were martyred while fighting Pakistan. The names include Subedar Major Pawan Kumar, Rifleman Sunil Kumar, Lance Naik Dinesh Kumar, AV Mod, Murli Naik, Havildar Sunil Kumar Singh, and Surendra Kumar.",Hindi,27-06-2026 11:30,POSITIVE,0,14
63,https://www.youtube.com/watch?v=GA8ltNzBL6g,Government suppressed the martyrdom of 6 soldiers in Operation Sindoor | Navin Kumar,Article19 India,"The video strongly criticizes the Modi government and Defense Minister Rajnath Singh for allegedly lying about the casualties of ""Operation Sindoor,"" an anti-terrorism operation. It claims that six soldiers were martyred, but the government initially denied any casualties in Parliament to protect its image. The speaker asserts that the names of these martyrs were only revealed and inscribed on the National War Memorial over a year later, highlighting the government's disrespect for soldiers' sacrifices. The video also cites Rahul Gandhi's arguments, suggesting that political restrictions on military actions hindered the army's effectiveness and led to negative outcomes. It concludes by demanding an apology from PM Modi and Rajnath Singh for insulting the armed forces and their families.","If you want to ask a question, then ask this: If you want to ask a question, then ask this: ""Has there been any damage to our brave soldiers in this operation?"" And the answer is ""No!"" Namaste, Adaab, Sat Sri Akal, Jai Bhim, Jai Johar. My name is Naveen Kumar. After Operation Sindoor, during the debate in Parliament, BJP and its allied parties thumped their desks at Rajnath Singh's statement. The answer was ""No!"" But in reality, India's Defense Minister, standing in the Parliament of India, lied to the Parliament of India, to the people of India, and most of all, to the Indian Army. A white lie. And Prime Minister Narendra Modi was also involved in this lie by the Defense Minister. But this was not just a lie, sir. It was an insult to the brave martyrs of the Indian Army. Narendra Modi's government shamelessly shied away from even giving credit to the brave soldiers who were martyred while teaching Pakistan a lesson, let alone naming them. If you want to ask a question, then ask this: ""Has there been any damage to our brave soldiers in this operation?"" And the answer is ""No!"" This was the world's first Defense Minister who was trampling on the rights of martyrs. He was lying about their sacrifice. He was robbing their families' sense of pride. He was insulting the children of martyrs. And that too, by standing in Parliament. The answer to that is ""No!"" We repeat, this insult to martyrs, this lie about their sacrifice, and this robbery of their pride was committed so that Narendra Modi, who never even cut a nail for the people of India, could keep his image shining. Now, more than a year after Operation Sindoor, the government that lied about the martyrs' sacrifice has been exposed. Narendra Modi's government has had to admit that, yes, we lied to the Parliament of India, to the people of India, and to the families of the martyred soldiers. If you don't believe it, read the plaques with the names of the martyrs of Operation Sindoor at the War Memorial at India Gate in Delhi. Subedar Major Pawan Kumar, Rifleman Sunil Kumar, Lance Naik Dinesh Kumar, AV Mood Murali Nayak (AV means Agniveer Murali Nayak). After this, Havildar Sunil Kumar Singh and Sergeant Surendra Kumar. Of these six martyrs, two have received gallantry awards. Rifleman Sunil Kumar was posthumously awarded the Vir Chakra, while Sergeant Surendra Kumar was posthumously awarded the Vayu Sena Medal for his bravery. Then why did the Defense Minister lie to the Parliament of India, to the people of India, and to the families of the martyrs? Because the martyrdom of soldiers is nothing more than a toy for the Modi government. Otherwise, on July 28, 2025, when the Defense Minister was giving a speech in Parliament in praise of Modi on Operation Sindoor, even then he knew how many brave soldiers of India had been martyred in this operation. But if he had taken the names of the martyrs, all the TV cameras would have turned towards their homes. Therefore, Narendra Modi's government plays a shoddy game of denying the martyrdom of soldiers. A game that a Prime Minister should be ashamed of. If you want to ask a question, then ask this: ""Has there been any damage to our brave soldiers in this operation?"" And the answer is ""No!"" After all, how can a Prime Minister be so shameless as to steal the rights of martyrs? Just so that his own image keeps shining. No one braver than him should be seen. Whereas after this, how many stories of Narendra Modi's cowardice have come to light in Operation Sindoor. Our army was ready to teach Pakistan a decisive lesson. But Donald Trump severely reprimanded Narendra Modi and told him to stop it immediately. And Narendra Modi stopped the operation. And this is not my statement. Narendra Modi's dear 'Dolannd My Friend' has said this at least 40 times on various global platforms, and Narendra Modi has not once said that Trump is lying. Remember, the announcement to stop Operation Sindoor in a hurry was also not made by Narendra Modi or Rajnath Singh or the Indian government. Donald Trump made it on his social media platform 'Truth'. And this was absolutely correct. Rahul Gandhi severely criticized Rajnath Singh's statement that shortly after the operation began, India sent a message to Pakistan that ""we are only attacking non-military targets"" and ""we do not want to escalate tension."" Rahul Gandhi's argument was that this sent a message that the government did not want to carry out any decisive attack. That's why the Modi government imposed political restrictions, imposed a ban, on military action. Rahul Gandhi also strongly raised the statement of India's Defense Attaché Captain Shiv Kumar in Indonesia in Parliament, that some aircraft crashed because the political leadership had imposed a restriction not to attack Pakistan's military or air defense infrastructure. He also cited CDS Anil Chauhan's statement that the important question is why the aircraft crashed and later mistakes were corrected. The mistake was not of the Air Force, but of the political leadership. Rahul Gandhi clearly said that you tied our pilots' hands and put them into battle. Meaning you told our pilots, go and attack and face the air defense system of Pakistan. Meaning, you tied their hands behind their back. The Indian Air Force made no mistake. The mistake was made by the political leadership that said you cannot attack the military infrastructure. Rahul Gandhi's attack may be political. Let's assume that for a moment. But the question is, what kind of nationalists are Narendra Modi who wave the flag of politics on the bravery and valor of the army, and swallow even the sacrifice of martyrs? It takes a whole year to reveal their names to the country. You must remember that on April 22, 2025, after the terrorist attack in Pahalgam, India launched Operation Sindoor, targeting terrorist hideouts in Pakistan and Pakistan-occupied Kashmir. In this operation, six brave soldiers of the army made the supreme sacrifice of their lives. But Defense Minister Rajnath Singh stood in Parliament and lied that not a single soldier was martyred. Narendra Modi should stand in Parliament and explain why his Defense Minister lied. And why he insulted the sacrifice of the army more than just a lie. The BJP was laughing at this shameless lie that swallowed the sacrifice of soldiers. Their allies, MPs, ministers, and the Prime Minister, sitting on the treasury benches in the NDA. After about one and a quarter years of this white lie told by the Modi government to the Parliament of India, the Indian Army, and the people of India, the names of all six brave soldiers who made the supreme sacrifice while defending the country during Operation Sindoor will be inscribed on the National War Memorial in New Delhi. The names of these martyrs have already been made public on the National War Memorial website. But who will account for the lie told behind this delay, the insult made to the valor of the martyrs? Will Narendra Modi and Rajnath Singh apologize for this to the army and the families of the martyrs, to the Parliament of India? They should. That's all for this video, but if you haven't subscribed to Article 19 India yet, do it immediately, press the bell icon, the bell-shaped figure, like and comment to tell us how you liked our video. Our Twitter handle is @article19_india and my Twitter handle is @navinjournalist. Namaste.",Hindi,27-06-2026 10:51,NEGATIVE,1781,167
64,https://www.youtube.com/watch?v=qgJ-oUAjg9c,"In the country's parliament, the shameless government stood up and said that not a single soldier was martyred in Operation Sindoor..",Indian Youth Congress,"The speaker challenges the audience to ask if any brave Indian soldiers were harmed in the operation, emphatically stating that the answer is no. The speaker implies that no harm came to the soldiers during the operation.","And if you want to ask a question, ask this. If you want to ask a question, ask this: Has there been any damage to our brave soldiers in this operation? So the answer is no.",Hindi,27-06-2026 10:48,POSITIVE,19,2
65,https://www.youtube.com/watch?v=NvQYJEAZv3g,"In the country's parliament, the shameless government stood up and said that not a single soldier was martyred in Operation Sindoor..",Indian Youth Congress,"A speaker questions a government statement made in parliament. He asks whether soldiers suffered any loss in ""Operation Sindoor"", and states ""no"" as the answer, likely refuting government claims that there were no casualties.","And if you want to ask a question, ask this. If you want to ask a question, ask this: In this operation, have our brave soldiers suffered any loss? So the answer is no.",Hindi,27-06-2026 10:45,NEGATIVE,706,18
66,https://www.youtube.com/watch?v=SeDsKyFoMPU,6 Heroes of 'Operation Sindoor' Immortalized on the 'Tyag Chakra' of the National War Memorial |#nationalwarmemorial,Bharat 24 - Vision Of New India ,"The government has revealed details of 'Operation Sindoor', conducted 13 months prior in response to the Pahalgam terror attack. In May 2025, the Indian Army attacked nine terrorist hideouts in Pakistan and PoK, eliminating over 100 terrorists. Six brave Indian soldiers made the ultimate sacrifice during this operation. The government has now publicly released the names of these six martyrs – Subedar Major Pawan Kumar, Rifleman Sunil Kumar, Lance Naik Dinesh Kumar, Agniveer M Murali Naik, Havaldar Sunil Kumar, and Sergeant Surendra Kumar – whose names are inscribed on the National War Memorial's 'Tyag Chakra'. Their sacrifices ensure the nation's safety.","In response to the Pahalgam terror attack, the government has now revealed details of 'Operation Sindoor' after 13 months, which has left every Indian astonished and proud today. In May 2025, during Operation Sindoor, the Indian Army infiltrated Pakistan and PoK, carrying out precise attacks on nine terrorist hideouts. Over 100 terrorists were eliminated. However, to make this major operation successful, six of our brave soldiers made the ultimate sacrifice. Their names have now been publicly released by the government for the first time after 13 months. Five of them are from the Army and one is from the Air Force. The names of these martyrs are now permanently etched on the 'Tyag Chakra' (Circle of Sacrifice) at the National War Memorial in Delhi. Among them are Subedar Major Pawan Kumar from Himachal, who was due to retire in two months but voluntarily took up a posting on the border. Rifleman Sunil Kumar from Jammu, who protected his post even after being injured. Lance Naik Dinesh Kumar from Haryana, whose wife was pregnant when he was martyred. Agniveer M Murali Naik from Andhra Pradesh, who thwarted an infiltration attempt in the Uri sector. Along with them, Havaldar Sunil Kumar from Bihar and Sergeant Surendra Kumar from Rajasthan also stood firm on the front line and sacrificed their lives for the nation. After this fierce military confrontation, Pakistan trembled so much that on May 10, 2025, a discussion took place between the DGMOs of both countries, and a ceasefire agreement was reached. These are the brave individuals because of whom we are safe today. The entire nation salutes the supreme sacrifice of these six great heroes today. In their honor, do write ""Jai Hind"" in the comment box.",Hindi,27-06-2026 10:40,POSITIVE,3,0
67,https://www.youtube.com/watch?v=5LCYZkwFxJ4,"Did BJP lie on Operation Sindoor? Opposition said, 'Shame!' BJP's false nationalism!",Abhisar Sharma,"This analysis scrutinizes the Bharatiya Janata Party (BJP) government on three key issues. Firstly, it highlights alleged deceit regarding 'Operation Sindoor'. Despite Defence Minister Rajnath Singh's statement in the Lok Sabha that no Indian soldiers were harmed, reports from Indian Express and NDTV now confirm that six personnel, including Agniveers, from the Army and Air Force were martyred. The government has officially released their names, and some have received posthumous gallantry awards. The speaker expresses outrage at the government's year-long concealment of this truth and questions why mainstream media (termed 'Goadi Media') did not debate it. The opposition, particularly RJD leader Priyanka Bharti, condemned the false parliamentary statement as an insult to the martyrs' sacrifice.

Secondly, the content discusses Union Minister of State for Agriculture, Bhagirath Choudhary, who received a ₹99 lakh subsidy for a commercial cucumber farming project under a scheme of his own ministry. While the minister defended his actions, stating compliance with guidelines and efforts in water conservation and farmer training, the speaker labels this a clear 'conflict of interest'.

Thirdly, it addresses news about the alleged resignations of Champat Rai and Anil Mishra from the Ram Mandir Trust. The speaker questions the lack of official announcement and the absence of media debate on this matter. Briefly, the speaker also mentions land deals involving Chief Minister Mohan Yadav, asserting that these are all examples of 'conflicts of interest' which, when questioned, are met with accusations of being a 'George Soros agent' or 'tukde-tukde gang' from the ruling party.",Translation unavailable,Hindi,27-06-2026 10:36,NEGATIVE,3924,225
68,https://www.youtube.com/watch?v=aTeWQXEQyys,Hemant Atri on 6 Names of Martyred in Operation Sindoor Revealed: Rajnath Singh Lied in Parliament,The Public India,"The content criticizes the Indian government and Defense Minister for allegedly lying about casualties in ""Operation Sindoor."" While the Defense Minister stated in Parliament that no Indian soldiers were harmed, the government has now, 13.5 months later, released the names of six soldiers who died during the operation. The speaker condemns this as a blatant lie and an insult to the soldiers' sacrifice, highlighting the hypocrisy of celebrating the operation while concealing the deaths.","Hello, welcome to Solid Facts with Hemant Atri. Sir, you are very welcome. The matter is related to the country and its army. You might remember that six of our brave soldiers were killed in Operation Sindoor, and now the government has made their names public. However, our Defense Minister has already stated on the floor of the House that our soldiers suffered no casualties. Listen to that video once. Mr. Speaker, sometimes our opposition members keep asking how many of our planes crashed? I believe their question does not accurately represent our national public sentiments. They never once asked us how many enemy planes our forces shot down? If they must ask a question, Mr. Speaker, then their question should be: Did India destroy terrorist hideouts? And the answer is yes. If you want to ask a question, ask this: Was Operation Sindoor successful? And the answer is yes. If you want to ask a question, ask this: Did our forces in Operation Sindoor eliminate the masters of those terrorists who wiped the sindoor (honor/married status) of our sisters and daughters? And the answer is yes. And if you want to ask a question, ask this: Were our brave soldiers harmed in this operation? And the answer is no. Hemant Sir, you heard how the Defense Minister stood up and clearly stated what happened, and that you should ask if our soldiers suffered any damage, and the answer is no. I have seen such audacious lying for the first time in my life, sir. Inside Parliament, it is believed that whatever is spoken will be true, but this government has outright lied. The media is busy defending the government. Sir, it is unfortunate that this esteemed Minister of Blame, he should be ashamed. Unfortunately, he is an MP from our own Lucknow, and if I ever meet him, I will ask him, when you move your hand like this and explain things, your name has 'Singh' in it. At least you could have respected your own name. Why did you tell such a big lie to the country? Was it so that both your sons could be settled? So that one son becomes a minister, and another son becomes a vice-president somewhere in the BJP Uttar Pradesh executive? Is that why you told such a big lie to the country? I don't have proof, but it is common talk how in 2014, Modi himself arranged for 5 crore rupees from a Gujarat businessman for Pankaj Singh and had it recorded there itself. You people begged for forgiveness. You are still paying for that to this day. That you would tell such a big lie to the country? Six people are dying, and you stand up and say on the floor of the House that no one died. Aren't you ashamed? What are you people doing? Sir, my complaint is also against Rahul Gandhi. Because, if you recall, an all-party meeting was held at that time. And these people, Mallikarjun Kharge and Rahul Gandhi, came out and said that we have told the government that we are with you. And we have given full freedom. And later, Rahul Gandhi said that even we know what happened there. You also know what happened there. So, Rahul Gandhi Ji, if you knew what happened there, why didn't you tell the country about it? You keep jumping and shouting all day long. The Defence Minister in Parliament denied any martyrdom. Just imagine this incident: If no one was martyred, where did these six come from? Is this your nationalism? Modi named 'Operation Sindoor'. Its media coverage disgraced India globally. The government concealed these sacrifices for 13.5 months, exposing its true character to the world. The nationalist wave that should have risen for the soldiers was suppressed because someone wanted votes from 'Operation Sindoor'. This government instructed the Army to replace 'martyr' or 'Shaheed' with 'killed in action' or 'fallen soldier' in official records. This reveals the government's reality. It's the same government that campaigns on Ram's name all day yet exploits the Ram temple. Similarly, they seek votes in the army's name but dishonor martyrs, only revealing their names over a year later, implying they died in anonymity. Vajpayee had used the phrase 'Modi's army' – but the army belongs to the nation, not Modi. They lack decorum, decency, and true nationalism, only knowing how to mislead people and grab votes. Rajnath Singh and Narendra Modi should be ashamed for such treatment of the army, solely to protect their own honor and image.",,,,,
,,,,,,,,,,
��क नहीं छोड़ा। इन शहादतों पर सरकार ने साढ़े 13 महीने तक पर्दा डाला। इस सरकार का चाल चरित्र पूरी दुनिया के सामने आ गया। सैनिकों की शहादत पर राष्ट्रवाद की लहर उठती, क्यों रोका गया उसको? क्योंकि किसी को वोट मांगने थे ऑपरेशन सिंदूर के नाम से। इस सरकार ने आर्मी को कहा है कि ऑफिशियल लिखा पढ़ी में 'मार्टर' या 'शहीद' शब्द नहीं यूज़ किया जाएगा। उनकी जगह 'किल्ड इन एक्शन', इन्होंने सेना भी मोदी की बना दी। इनको डेकोरम, राष्ट्रवाद का पता नहीं। इनको केवल लोगों को भ्रमित करके वोट हथियाना आता है। शर्म आनी चाहिए राजनाथ सिंह और नरेंद्र मोदी को," सिर्फ अपनी इज़्ज़त और छवि बचाने के लिए।""",Hindi,27-06-2026 10:30,,https://nmw-news-articles.s3.ap-south-1.amazonaws.com/youtube/thumbnails/2026-06-27/The_Public_India-Hemant_Atri_on_6_Nam.jpg,"[""Sindoor""]",
1307957,https://www.youtube.com/watch?v=0oq_KaAAaSU,Rajnath Singh's Lie Exposed! Modi government insulted the sacrifice of martyrs! #shortvideo,4PM,"The video questions why the Modi government and Rajnath Singh allegedly lied to the public regarding the martyrdom of six soldiers in 'Operation Sindoor'. It criticizes Rajnath Singh for claiming no casualties while the ruling party celebrated it as an achievement. The speaker argues that if six soldiers were indeed martyred, then denying their sacrifice and martyrdom is a profound insult.","When six of our soldiers were martyred in Operation Sindoor, why did the Modi government lie by throwing dust in the eyes of the public? Why did Rajnath Singh, to earn praise, stand in a full house and, while attacking the opposition, lie that not a single soldier was martyred? If you want to ask, then ask: in this operation, did our brave soldiers suffer any damage? And the answer to that is NO! The ruling party applauded loudly, thumped tables, and presented this statement as its achievement. If it is now true that six soldiers were martyred, then isn't lying about the martyrs and erasing their sacrifice and martyrdom an insult to their martyrdom?",Hindi,27-06-2026 10:07,NEGATIVE,225,5
1307791,https://www.youtube.com/watch?v=nbFlT4Ho_NI,The country will not forgive Narendra Modi for such shamelessness!,Indian National Congress,"The names of six Indian soldiers martyred in Operation Sindoor, which occurred last year in May following the Pahalgam attack, have been officially released. The list includes five personnel from the Indian Army and one sergeant from the Indian Air Force. Among the fallen heroes are Subedar Major Pawan Kumar, Rifleman Sunil Kumar, Lance Naik Dinesh Kumar, Agniveer Mood Murli Nayak, Havildar Sunil Kumar Singh, and Sergeant Surendra Kumar, who sacrificed everything for the nation.","Talking about those brave soldiers of the country who sacrificed everything for the nation during Operation Sindoor. The names of six Indian soldiers who attained martyrdom in Operation Sindoor, which took place last year in May after the Pahalgam attack, have been revealed. These names have been officially made public. They include five soldiers from the Indian Army and one sergeant from the Indian Air Force. The soldiers who attained martyrdom in Operation Sindoor include Subedar Major Pawan Kumar, Rifleman Sunil Kumar, Lance Naik Dinesh Kumar, Agniveer Mood Murli Nayak, Havildar Sunil Kumar Singh, and Indian Air Force Sergeant Surendra Kumar.",Hindi,27-06-2026 09:15,NEGATIVE,0,7
1307886,https://www.youtube.com/watch?v=OMkfjjGc_B0,Jammu-Kashmir News: Another infiltration attempt at LoC! Indian Army apprehends Pakistani youth! | Breaking,Bharat 24 - Vision Of New India ,"In Poonch district, the Indian Army has thwarted another infiltration attempt at the Line of Control. In the Gulpur sector, the Indian Army's Sarla Battalion apprehended 26-year-old Pakistani youth Mohammad Sajjad while he was infiltrating across the border. This marks the second infiltration attempt on the LoC within the last 17 days. Previously, a Pakistani boy from PoJK was caught and later repatriated on humanitarian grounds. Security agencies are currently interrogating Mohammad Sajjad, as defence experts believe that cross-border terrorists often use local citizens to spy on Indian Army positions. Given Pakistan's nefarious activities, the Indian Army remains on full alert and is prepared to foil every one of its moves.","We will talk about Jammu and Kashmir, where in Poonch district, Indian Army jawans foiled another infiltration attempt by showing vigilance at the India-Pakistan Line of Control. In the Karmara area of Gulpur sector, jawans of the Indian Army's Sarla Battalion, deployed late Friday evening, apprehended a Pakistani youth who had entered across the border. The apprehended youth has been identified as 26-year-old Mohammad Sajjad. Let us tell you that this is the second case of infiltration on the LoC within the last 17 days. Before this, a Pakistani boy, a resident of Tetri Note in PoJK, who was infiltrating via the Pulast river in the Salotri area of Poonch, was caught. However, later, on humanitarian grounds, he was sent back to Pakistan via the Chakkada Bagh border. Currently, the apprehended youth, Mohammad Sajjad, is being interrogated in the latest case. The youth has been taken to the headquarters of the Sarla Battalion, where security agencies are continuously questioning him. According to defence experts, terrorists sitting across the border often use local citizens there to ascertain the positions and movements of the Indian Army. And this is why many Pakistani citizens are still imprisoned in Indian jails today on charges of illegally crossing the border. However, the Indian Army also has a humane side; those who unknowingly or by losing their way cross into Indian territory are sent back to their country with respect and gifts. But the way movement has increased on the Poonch border in the last few days has put security agencies on high alert. Pakistan, which suffered a crushing defeat from the Indian Army during Operation Sindoor in the past, is agitated. It is apprehended that Pakistan is using local citizens as a cover to spy on Indian Army positions and movements so that it can execute a major conspiracy. Given Pakistan's nefarious activities, the Indian Army is on full alert on the Line of Control and is also ready to foil its every move.",Hindi,27-06-2026 09:14,POSITIVE,1,0
1307795,https://www.youtube.com/watch?v=5U-2MwtBslk,6 soldiers martyred in Operation Sindoor 😳😳,Indian National Congress,"The names of six brave soldiers martyred in Operation Sindoor have been released for the first time. These soldiers were paid tribute by registering their names in the National War Memorial. All these soldiers were martyred while fighting Pakistan. The martyred include Subedar Major Pawan Kumar, Rifleman Sunil Kumar, Lance Naik Dinesh Kumar, AV Mod Murali Nayak, Havaldar Sunil Kumar Singh, and Surendra Kumar.","If you want to ask a question, then ask this: 'Was there any harm to our brave soldiers in this operation?' The answer is no. Meanwhile, the names of six bravehearts martyred in Operation Sindoor have been released for the first time. The six brave soldiers have been paid tribute by registering their names in the National War Memorial. All these brave soldiers were martyred while fighting Pakistan. The names include Subedar Major Pawan Kumar, Rifleman Sunil Kumar, Lance Naik Dinesh Kumar, AV Mod Murali Nayak, Havaldar Sunil Kumar Singh, and Surendra Kumar.",Hindi,27-06-2026 08:45,POSITIVE,0,35
1307839,https://www.youtube.com/watch?v=nyefo9DCcUI,The 'Two-Rupee' BJP Troll Army Spat Towards the Sky,4PM,"The speaker levels strong accusations against the Narendra Modi-led Bharatiya Janata Party government, claiming it emulates Mughals and the British, is hypocritical, lacks integrity, and exploits situations. The discussion highlights the current disgrace of Madhya Pradesh, citing past incidents like the Vyapam scam and the killing of an IPS officer by the mining mafia. Currently, the state is again being tarnished by reports from Indian Express detailing alleged land purchases by Chief Minister Mohan Yadav and his family after he became CM, alongside the exploitation of the Narmada river. While the BJP has dismissed these reports, the CM remains silent, prompting the Express to publish further evidence. In response, the BJP's 'two-rupee troll army' is reportedly attacking Indian Express and Saurav Dwivedi, labeling their journalism as 'for hire.' The speaker challenges the government to clarify its stance if it is truly clean and questions why no action is being taken to protect the state's reputation. Nationally, the speaker criticizes Prime Minister Modi's celebration of 'Swabhiman Diwas' for the Somnath temple, questioning 'what pride? Of loot?' and drawing parallels between the government's actions and Mohammed Ghori's looting of temples, implying the government 'loots while building.' The government is accused of defrauding everyone, including God. The delay in publicly acknowledging the six soldiers killed in Pahalgaon's 'Operation Sindoor' by inscribing their names on India Gate only later, is called shameful. Finally, the government is accused of using 'Ram' and 'Sanatan Dharma' as a cover for corruption and conspiring with the RSS to seize control of all major religious sites in India.","This government of the Bharatiya Janata Party, led by Narendra Modi, completely emulates the Mughals and the British. You can see it in every policy. These are hypocritical people. They know how to take cover behind everything. They will even hide in filth by saying, 'You were also hiding.' These people have no dharma or integrity. Madhya Pradesh was disgraced when the Vyapam scam happened. Madhya Pradesh was disgraced when an IPS officer was crushed and killed by the mining mafia. Madhya Pradesh is being disgraced again. The Narmada is being exploited. The Prime Minister of India is celebrating 'Swabhiman Diwas' (Pride Day) for the Somnath temple. What kind of pride? Of loot? This is their mindset. There is no one close whom they haven't cheated. They even cheated God. What Mohan Yadav is doing has a direct involvement from Amit Shah ji, happening under his patronage. Trump humiliated them so much. Just yesterday, or the day before, it came out that six of our soldiers died in Pahalgaon's Operation Sindoor when their names were written on India Gate. Before that, you didn't allow their names to come out. What could be dirtier than this? What could be more shameful? Hello, I am Sanjeev Srivastava. You are watching 4 PM News Network. Friends, after the story published by Indian Express against the Chief Minister of Madhya Pradesh and his family members, the Bharatiya Janata Party completely rejected it. No statement has come from the Chief Minister on it so far, but yes, in response to BJP's claims, Express published another story clearly stating when, where, and how much land was purchased after he became Chief Minister. That has come out. The story is out. Now, the most interesting thing in this whole episode is that the Chief Minister's followers, people associated with him, are now saying that Indian Express or Saurav Dwivedi are trolling them. We see that in today's social media age, they are being called 'suparibaaz' (mercenary). They are not looking into their own conscience. You clarify. You are absolutely pure, clean, and have done nothing. As the BJP state president's statement came. So, what fear does truth have? Clarify. Give all the details. And then the big question is, if a newspaper is tarnishing the image of our Chief Minister, as his followers are saying, and a social media war is going on, then the government should take direct action on it. Why is our Madhya Pradesh being disgraced? We are also hurt by this. As a journalist, as a resident of Madhya Pradesh, there are many things. We will talk about this today. I connect to our special guest Arunaxi ji. Arun ji has joined. Arun ji, a very warm welcome. Namaskar. Arun ji, it's almost a week now, and you have seen, we have been continuously keeping an eye. Nowadays, Indian Express is very kind to Madhya Pradesh, we can say it has special grace. Mohan Yadav's story, after that, another story happened. Today a new story has happened. I will also talk about that. But what is emerging, what we are seeing, the army, the troll army, which you often call the 'two-rupee' trolls. So it is being said that साहब this is 'suparibaazi journalism' (mercenary journalism). You have a long experience. You served for so long in newspapers like Navbharat Times and know the pulse. Where and how is 'suparibaazi' happening? What is happening? Let's start with this. Drown yourselves if you have any shame. How many sophistries they are giving. There are no arguments. Now see, it's clear. Before talking about Mohan Yadav, the national issue that everyone is taking shelter behind. Now they said, 'those who didn't go to the temple.' Oh, we didn't go to the temple, but we are more Sanatani than you. You steal from the temple, we won't stop you. We went or didn't go, you will steal. You will loot people by keeping them in illusion and misleading them. You didn't even give them receipts. How many things are coming out. Now they say that those who didn't go to the temple cannot question. So, are you descendants of Mohammed Ghori? Mohammed Ghori came, broke Somnath, looted it and left. You looted it while building it. How much similarity is there? That he used to break temples and loot. And a good point came up suddenly. Now you see, the government, which should be the subject of most shame, due to the weakness of India's then rulers, the weakness of leaders, Mohammed Ghori used to come, loot, and leave. And the Prime Minister of India is celebrating Swabhiman Diwas for that temple, for Somnath. What kind of pride? Of loot? This is their mindset. They have not spared any close one whom they haven't cheated. They even cheated God. And if you are giving such big arguments, if you are such big Sanatanis. In Madhya Pradesh too, one person whom they have given a position, I will not name him. Who is a declared corrupt person. He is also raising similar questions. Oh, you commit theft, and take the shelter of Ram and Sanatan. Shame on you! Better are those who speak openly. If you were so pure and clean, Sanjeev ji, then why did you take the resignation of Champat Rai and Anil Mishra? Why did you try to save them? Assume you stole. Assume you looted, and this is your habit. This is included in your habit. You have prepared a plan with the Sangh to take control of all major religious sites in India. You have started implementing it under that plan. Many big institutions have come under their control.",Hindi,27-06-2026 08:30,NEGATIVE,119,9
1307689,https://www.youtube.com/watch?v=xlVytZayAR4,6 soldiers martyred in Operation Sindoor... Then why did the government lie? | Operation Sindoor | Rajnath Singh,Indian National Congress,"The speaker addresses a question about soldiers suffering harm in an operation, firmly stating, ""No."" He then emphasizes that when major goals are at stake, focus should remain on those larger objectives, and attention should not be distracted by comparatively smaller matters.","If you want to ask a question, then ask this: 'In this operation, have our soldiers suffered any harm?' And the answer to that is 'No'. Mr. Chairman, when goals are big, Mr. Chairman, when goals are big, then our attention should not be diverted to comparatively smaller issues. If goals are big, then our attention should not go to the comparatively smaller issues.",Hindi,27-06-2026 08:21,POSITIVE,0,9
1307767,https://www.youtube.com/watch?v=KNK5Z0WMjr0,Shameful! Modi government lied in Parliament about the martyrdom of soldiers in Operation Sindoor! #rajnathsingh,Aam Aadmi Party,"The audio highlights a past inquiry about soldiers martyred in Operation Sindoor, for which the government initially provided no precise answer. It now reports that the names of six martyred jawans from the Indian Armed Forces have been officially released and are listed on the National War Memorial's website.","If you want to ask a question, ask this: 'Were our brave soldiers harmed in this operation?' The answer is no. Who were the jawans who sacrificed their lives for the country in Operation Sindoor? This question was asked to the government many times, but no precise answer was received. However, now the names of six jawans of the Indian Armed Forces who were martyred during Operation Sindoor have been officially made public. These names have been mentioned on the website of the National War Memorial.",Hindi,27-06-2026 07:26,NEUTRAL,670,9
1307609,https://www.youtube.com/watch?v=57l6bvdLUto,Defence Minister lied about soldiers' martyrdom! OPERATION SINDOOR,DESH NEETI,"The video highlights a controversy surrounding Defence Minister Rajnath Singh's statement in Parliament. He claimed that no soldier was harmed in Operation Sindoor. However, the report then presents a list of six soldiers, including their names, regiments, and dates of martyrdom, who were martyred in the said operation. This discrepancy led Congress leader Supriya Shrinate to accuse Rajnath Singh of lying to Parliament, which she referred to as the 'temple of democracy'. The video questions if Rajnath Singh should resign on moral grounds, drawing a parallel to ongoing demands for the resignation of Education Minister Dharmendra Pradhan. It asks viewers for their reaction and opinion on whether Rajnath Singh indeed lied and if he should step down.","If you have a question, ask this: 'Was any of our brave soldiers harmed in this operation?' The answer is no. So, you heard Rajnath Singh's statement in Parliament where he is saying that no soldier was harmed in Operation Sindoor. He was telling the opposition in the Lok Sabha that if you want to ask a question, ask if any soldier was harmed or not, to which he himself answered, 'No, no, no.' You have already heard this statement. Now, let us show you why this statement is being discussed. The news, actually, is that for the first time, a list of six brave soldiers martyred in Operation Sindoor has been released. There are six names in it. We will also tell you these six names, what the names are. This news has been published everywhere that the names of six martyrs have been made public for the first time, of which five are from the army and one is an air force personnel. Out of these, two have also received gallantry awards. Their names have been registered in the War Memorial built in Delhi. Now, these are the six names who were martyred in Operation Sindoor. First is Dinesh Kumar. Okay. He was from the 5 Field Regiment. He was martyred on May 7. The second one was an aviator, Mood Murali Nayak. 151 Light Regiment. He was martyred on May 9. He was from Andhra. Surendra Kumar from Rajasthan, a sergeant, was deployed in the 39 Wing of the Indian Air Force. He was martyred on May 10. Pawan Kumar from Himachal, who was a Subedar Major, was martyred on May 10. Sunil Kumar, a rifleman, was honored with the Vir Chakra. He was from Jammu and was martyred on May 10. Havildar Sunil Kumar, who was from Bihar, was martyred on June 6. So, this was about the news. Now, you can see this photo which shows Operation Sindoor here from 2025, and these six names are registered in it: 1, 2, 3, 4, 5, 6. The six names we mentioned are registered here. Now, let's go back to that statement which is now continuously being discussed. This is the statement that we have already played for you, where Rajnath Singh is standing in Parliament and saying that no one was harmed in this operation. Now, continuously, let me show you what Supriya Shrinate, who is a Congress leader, national spokesperson, and also handles media coordination, has posted. She said on social media platform X, along with this video, that the Modi government has now shared the names of Indian soldiers martyred in Operation Sindoor. These are the same six names about whom I just showed and told you. Now, she further wrote that this means Rajnath Singh, as Defence Minister, on July 28, 2025, in a full Parliament, the same Parliament which is called the temple of democracy, lied that not a single person was harmed. Parliament was deliberately misled. This is Supriya Shrinate's post, which is continuously being hotly debated. Now, will there be any response from the BJP on this, whether Rajnath Singh, who as Defence Minister, lied in Parliament? What statement will come from the BJP on this, what will be the counter-attack, or what will be the reaction? What do you think? What is your reaction? Did the BJP, did Rajnath Singh, as Education Minister, really lie in Parliament? And if he lied, how correct is this? Now, on the basis of morality, will his resignation also be demanded? Because just as the demand for Education Minister Dharmendra Pradhan's resignation has been continuously strong for the last one and a half months, and the students are not budging, Congress, NSUI, IYC are continuously coming out on the streets demanding the resignation of the Education Minister. So, should Rajnath Singh also resign now? What is your opinion? Please share your opinion with us in the comment box, and also share the questions with us. Please like and share the video and for more such news, keep watching Desh Niti.",Hindi,27-06-2026 07:15,NEGATIVE,3,2
1307628,https://www.youtube.com/watch?v=Y8zromlKmbU,Names of 6 martyrs of Operation Sindoor released,News 24,The names of six martyrs from Operation Sindoor have been publicly released for the first time. The names of five army personnel and one air force martyr have been inscribed on the War Memorial.,The names of 6 martyrs of Operation Sindoor released for the first time publicly. The names of five army personnel and one air force martyr have been inscribed on the War Memorial.,Hindi,27-06-2026 07:10,POSITIVE,5,0
1307598,https://www.youtube.com/watch?v=PLPr8_Luv7s,"Such a big lie, such shamelessness, Modi ji! 🧐🧐",Indian National Congress,"The audio clip begins with a question about whether soldiers were harmed in an operation, which is answered with a 'no'. It then states that the central government has officially released the names of six Indian soldiers martyred during 'Operation Sindoor' for the first time, 13 months after the event. These names have now been added to the Roll of Honour on the National War Memorial's website in New Delhi.","If you want to ask a question, ask this: 'Was there any harm to our brave soldiers in this operation?' The answer to that is, 'No.' The central government has officially released the names of six Indian soldiers martyred during Operation Sindoor for the first time. Approximately 13 months later, the names of these brave soldiers have been included in the Roll of Honour on the website of the National War Memorial in New Delhi.",Hindi,27-06-2026 07:00,NEGATIVE,0,29
1307568,https://www.youtube.com/watch?v=iOfqAkV8vcc,Jammu Kashmir News: Pakistan not stopping its nefarious activities! Infiltration attempt foiled at LOC,Bharat 24 - Vision Of New India ,"Pakistan continues its nefarious activities, with Indian Army personnel apprehending a 26-year-old Pakistani youth, Mohammad Sajjad, while he was infiltrating across the Line of Control in Poonch. This marks the second such incident in 17 days. Pakistan uses civilians from occupied territories for reconnaissance to plan attacks. While some infiltrators are imprisoned, others are returned on humanitarian grounds. The recurring infiltration attempts suggest a larger scheme by Pakistan, which had previously caused destruction in Poonch during Operation Sindoor. The Indian Army is on high alert, asserting that all of Pakistan's attempts will be foiled.","Pakistan is not refraining from its nefarious activities. In Jammu's Poonch district, a Pakistani youth was apprehended by army personnel while infiltrating across the India-Pakistan Line of Control. He has been identified as 26-year-old Mohammad Sajjad. This is the second incident of attempted infiltration at the Line of Control in the last 17 days. Personnel of the Indian Army's Sarla Battalion were deployed late Friday evening in the Karmada area of Poonch's Gulpur sector, and during this time, they apprehended a Pakistani youth infiltrating into Indian territory from the Pakistan-occupied region. Earlier, in Poonch's Salotri area, a Pakistani boy, a resident of Tejari Note POJK, was apprehended while infiltrating via the Punsia river. He was sent back to his country via the Chakunda Bagh border point. Meanwhile, the apprehended Pakistani youth has been brought to the Sarla Battalion headquarters for interrogation. It is important to note that terrorists in Pakistan-occupied regions send citizens from across the border into Indian territory for reconnaissance. Many such Pakistani citizens are serving sentences in Indian jails on charges of illegal infiltration. However, several Pakistani citizens who mistakenly cross into Indian territory are sent back on humanitarian grounds after being given gifts. But the continuous occurrence of these activities from Pakistan in recent days indicates that something is amiss. Pakistan, which was badly defeated in Operation Sindoor, had caused extensive destruction in Poonch. Now, to target Poonch once again, it is using ordinary people for espionage to ascertain the army's location and facilitate attacks. Therefore, the Indian Army is also on high alert. No matter how many unholy attempts Pakistan makes, they are bound to fail.",Hindi,27-06-2026 05:46,POSITIVE,0,0
1307499,https://www.youtube.com/watch?v=eSTDCX5beYM,"What lie did the Modi government tell in Parliament? Exposed after 1 year, will they apologize?",Public Meter,"The video criticizes Defence Minister Rajnath Singh and the Modi government for allegedly lying to Parliament about soldier casualties in 'Operation Sindoor'. A year after Rajnath Singh stated no soldiers were harmed, the Indian Army revealed the names of six martyred personnel. The video highlights Rajnath Singh's statement, made while other ministers (including Amit Shah) were reportedly laughing, where he dismissed questions about casualties as ""small issues."" Opposition leaders, like Pawan Khera, are now naming the martyrs and accusing the government of hiding their sacrifices and disrespecting them, despite claiming to be nationalists. The video also touches on alleged nepotism, citing appointments of Rajnath Singh's sons to political positions. Critics demand an apology from Rajnath Singh and call for a privilege motion against him, emphasizing that every word in Parliament should uphold public trust. They question why the Prime Minister did not publicly honor these martyrs, unlike his attention to minor issues, concluding that the government seems indifferent to these revelations.","Tell lies, tell lies repeatedly. Tell all lies, everywhere, loudly, with full force. Media anchors, spokespersons, ministers, chief ministers, prime ministers, tell lies. But at least spare Parliament, the temple of democracy. What lie did Rajnath Singh tell a year ago? The army has revealed it, and Rajnath Singh's video has gone viral. A year later, the Indian Army named six soldiers martyred in Operation Sindoor. We salute their sacrifice. But why were their names not revealed at the time of the ceasefire and the parliamentary discussion? The public now demands a privilege motion against Defence Minister Rajnath Singh for his statement. His statement, made while mocking the opposition, saw ministers like Amit Shah grinning, as Rajnath Singh lied to Parliament, saying, 'If you want to ask a question, ask this: Have any of our brave soldiers been harmed in this operation? And the answer is no.' He argued that attention should not be diverted to 'smaller issues' like soldier casualties when goals are big. Rajnath Singh confidently lied, claiming no harm, but a year later, the army's disclosure confirms six martyrs. This statement is from July 28, 2025. Opposition leaders, including Pawan Khera, are questioning the Modi government, listing the six martyrs: Subedar Major Pawan Kumar, Rifleman Sunil Kumar, Lance Naik Dinesh Kumar, Aviation Technician Mood Murali Naik, Havaldar Sunil Kumar Singh, Sergeant Surendra Kumar. These heroes sacrificed their lives for India's pride, and their names should be immortalized with due respect. However, it's alleged that for a year, the BJP government hid their martyrdom. The government, claiming nationalism, is accused of denying these heroes recognition. This is tragic and shameful. Why did Rajnath Singh lie in Parliament, while BJP ministers laughed? This behavior is disgraceful. Abhinay Maths states every word in Parliament carries public trust and responsibility. The public observes everything and will seek accountability. Rajnath Singh must answer. Dr. Santosh Yadav calls these leaders dishonest for lying about no casualties, only for six martyrs to be named later. He urges the opposition to move a privilege motion. The public asks if Rajnath Singh and TV anchors will apologize. Cartoonist Manjul says, 'Have some shame.' India, unlike China, should not hide its martyrs. We respect them. Why did the PM not publicly honor these martyrs? Opposition leaders raise these questions, but the government seems unaffected. Share your thoughts.",Hindi,27-06-2026 05:28,NEGATIVE,793,83
1307500,https://www.youtube.com/watch?v=Z9skF4vSsUE,"Oh my God! Did Rajnath Singh lie in Parliament? Caught red-handed, government revealed names.",Kumkum Binwal,"The speaker critically questions why Defense Minister Rajnath Singh allegedly lied in Parliament about zero casualties during 'Operation Sindoor', and why the government withheld the names of six martyred soldiers for over a year. The video highlights a contradiction between the Defense Minister's statement in Parliament a year ago, where he claimed no losses, and the recent official disclosure of the soldiers' names. The speaker expresses deep sorrow and calls this act a betrayal of trust, going against India's cultural tradition of honoring martyrs publicly. It's argued that the government even celebrated the operation's anniversary without acknowledging the fallen soldiers, only to release their names on an arbitrary day. The speaker demands an apology from Rajnath Singh and questions the transparency and integrity of the government.","Why did Rajnath Singh lie in Parliament? How was Defense Minister Rajnath Singh's lie exposed in Parliament? How did the government itself contradict Rajnath Singh's statement and finally tell the country the truth, or rather, how was the government forced to reveal the truth that had been hidden from this country for so long? Friends, there are different types of ministers in this government. For example, there are 'election ministers' who, whenever there are elections in any state, camp in the state capital for a month. Though they nominally hold a large portfolio, they are referred to as BJP's Chanakya. The responsibility for winning all elections for the BJP rests with them. Friends, besides these, there are many other ministers who only do what they are told. But there is one minister, Defense Minister Rajnath Singh, who is one of the very senior leaders of the BJP, having served as the national president of the BJP. And he is a very, I would say, soft-spoken leader with great credibility. Rajnath Singh doesn't just say anything. He doesn't say anything just to win elections or for election campaigning. But now the situation is such that a face like Rajnath Singh, who at least had some credibility, even he lied to the country in Parliament, and the country is only getting this information about a year later. Friends, Operation Sindoor, this is a moment of pride for our country, which we all share. Our brave soldiers and our country's army showed the whole world that not a single country in the entire world, not a single country, even if it doesn't stand with us, we can still bring Pakistan to its knees on our own, and even force it to beg for a ceasefire. But can you imagine, friends, that in that Operation Sindoor, in whose name the BJP asked for votes, that Operation Sindoor, whose anniversary was celebrated just a few months ago, in that Operation Sindoor, our country lost six brave soldiers. Friends, these six brave soldiers, these six brave officers of the army, gave the supreme sacrifice for the country. Supreme sacrifice means martyrdom. And do you know what is even more saddening? This truth is only now coming to light. Friends, what is Rajnath Singh's angle in this whole matter? Without beating around the bush, I will tell you now. Friends, what happened was, suddenly yesterday, news came that officially, yesterday the government announced on June 26, 2026, that the names of those six brave personnel of our armed forces who made the supreme sacrifice, who attained martyrdom during Operation Sindoor, have now been disclosed by the government. What are their names and how the whole country bows before them, I will tell you later, but do you know what is more important than that? This statement completely contradicts the government itself. Because Rajnath Singh, friends, you see, on July 28, 2025, that is, last year, after Operation Sindoor had happened, (a special session was not called for it), after that, in the first parliamentary session, Defense Minister Rajnath Singh had stood in Parliament and said that our army suffered no losses in this. Listen, 'And if you want to ask a question, then ask this: If you want to ask a question, then ask this: Was there any damage to our brave soldiers in this operation? And the answer to that is NO!' So the big question, friends, is whether Defense Minister Rajnath Singh lied in Parliament? Or did Defense Minister Rajnath Singh not have this information? Did Defense Minister Rajnath Singh deprive this country of that emotion, that feeling, just to thump the bench, which was our right? Friends, I want to name those six brave army personnel because it has been over a year. We didn't even know that they had been martyred for our country. This has never happened before. Friends, we would never want even a single drop of blood of any soldier of our country to be shed. But this is the destiny of war. This is the price that a nation, a society, has to pay, that lives are lost, martyrdoms happen. In all the wars we have fought till date, our soldiers have been martyred. The other side also loses, and so do we. Friends, this is an aspect of war that no one accepts, but it is the truth. How many mothers lose their womb? How many wives lose their husbands? How many children have to live their entire lives without a father? How many fathers have to carry their young sons on their shoulders? This is a pain, a burden that those families have to bear for their entire lives. But we have never done such things. Whenever there were wars, whoever was martyred, anyone, their mortal remains would arrive in their villages, their cities with great pride. The whole society would chant 'Bharat Mata ki Jai' there. I tell you personally, as a reporter, every news story is very difficult, it's different, but the most difficult reporting, the most difficult reporting is when a martyr is given a final farewell, because in that society, even people who don't know them, family members, people travel from far, far away, many kilometers, because they know that 100 kilometers away, 200 kilometers away, the mortal remains of a martyr have arrived. To chant 'Bharat Mata ki Jai' over that mortal remains, to give support to that entire family, people come from far and wide, and that reporting, that is the most difficult thing to do. Because how can you control your emotions when you are also a citizen of this country? That right was snatched from the people of this country. Today, this country has been informed. It has been more than a year since Operation Sindoor, that these six brave soldiers, jawans, army personnel sacrificed their lives. I will name all those six people and please listen to their names. Because, friends, the country is hearing their names after a year. Subedar Major Pawan Kumar, Headquarters 10 Infantry Brigade. Rifleman Sunil Kumar, Vir Chakra, of 4 Jammu and Kashmir Light Infantry. Lance Naik Dinesh Kumar, of 5 Field Regiment. Agniveer Mund Murali Naik, of 851 Life Regiment. Havildar Sunil Kumar Singh, of 237 Field Workshop Company. And Sergeant Surendra Kumar, Vayu Medal 39 Wing. Friends, on behalf of our country, on behalf of all of you, I salute all these six brave soldiers. I bow my head before the families of all of them and say thank you. Because, friends, they gave their supreme sacrifice, and that is why we are able to stay safe in our homes. And now I want to ask that government a question: as a society, as a country, why was that feeling, that emotion, snatched from us? It was our right to put our hands on the shoulders of those mothers, to hug them, to tell them that even if they lost one son, countless other sons stand with them. To put our hands on the heads of such children, to support such women, to console such fathers that even if they lost their son, the country is grateful to them. Why did we have to wait for more than a year for this? Here, let me remind you of one more thing, friends. On May 7, 2026, this country celebrated the first anniversary of Operation Sindoor. The entire BJP celebrated it. Prime Minister Modi himself also celebrated it. Everyone was changing their profile pictures. It could have been announced then. In fact, that was the best time to announce it. I don't know why it wasn't announced then in the first place. What could have been so important? But it wasn't announced, fine. But on the day you were celebrating the anniversary, the day you were celebrating that triumph, couldn't you have announced it then? You didn't even announce it on that day. On an unnamed day, when, on June 26, 2026, you are releasing the names. That too, when a year ago, you had already stated in Parliament that no soldiers suffered any casualties. So shouldn't Rajnath Singh apologize for standing in Parliament and lying to keep the people of the country in the dark? And if Rajnath Singh did not have this information, if he was made to lie, then that itself is a very serious question. Friends, in the history of this country, there have been different types of governments, but no government has ever done this. It has been our culture to own the martyrdom of our soldiers. We are proud of our soldiers. We don't hide it. But this is the first time this has happened, and personally, I am very, very saddened by this. How do you view this issue? Please write in the comment box, friends.",Hindi,27-06-2026 05:26,NEGATIVE,1842,233
1307447,https://www.youtube.com/watch?v=9xvJ4XXWRr4,Today's 10 AM Top News Headlines | 27June 2026 | Ram Mandir Donation Scam | PM Modi | Rahul,News 24,"One accused in the Ram Mandir donation theft case was sent to three days of judicial custody, and ₹80 lakh was recovered from eight other accused. The resignations of Champat Rai and Anil Mishra remain unconfirmed. In Bengal, CM Suvendu Adhikari announced plans to implement UCC and enact strict laws against religious conversion. PM Modi is on a three-day visit to Seychelles starting today, where he will be the chief guest at the 50th-anniversary celebration and hold bilateral talks with President Petrick Harmoni. The names of six martyrs from Operation Sindoor, including five from the army and one from the air force, have been inscribed on the War Memorial for the first time.","In the Ram Mandir donation theft case, an accused was sent to three days of judicial custody. Eight accused were sent to three days of judicial custody; so far, ₹80 lakh has been recovered in the investigation. The resignations of Champat Rai and trustee Anil Mishra have not been confirmed. Preparations are underway to implement UCC in Bengal as well, CM Suvendu Adhikari announced. The bill can be introduced in the assembly. He also spoke of making strict laws against religious conversion. PM Modi is on a three-day Seychelles tour starting today; he will participate as the chief guest in the 50th-anniversary celebration. He will hold bilateral talks with President Petrick Harmoni. For the first time, the names of six martyrs of Operation Sindoor have been made public. The names of five army and one air force martyred soldiers have been inscribed on the War Memorial.",Hindi,27-06-2026 04:37,POSITIVE,1,0
1307365,https://www.youtube.com/watch?v=MTY3AbSgmtY,"Names of Operation Sindoor martyrs revealed for the first time, who were they.. how were they martyred? | War Memorial",News 24,"The Indian government has for the first time released the names of six soldiers martyred in ""Operation Sindoor"": Lance Naik Dinesh Kumar, Aviator Murli Naik, Sergeant Surendra Kumar BM, Subedar Major Pawan Kumar, Rifleman Sunil Kumar, and Havaldar Sunil Kumar Singh. Their names are now inscribed on the National War Memorial's Roll of Honor and 3D digital wall. These soldiers made the ultimate sacrifice between May 7 and June 6, 2025, in various Jammu and Kashmir sectors while responding to Pakistani shelling, preventing infiltration, and attacking terrorist hideouts. Rifleman Sunil Kumar received the Vir Chakra posthumously, and Sergeant Surendra Kumar the Vayu Sena Medal. Operation Sindoor was India's retaliatory action after a terrorist attack in Pahalgam on April 22, 2025, targeting nine terrorist hideouts in Pakistan and PoK, neutralizing over 100 terrorists. This recognition is a national tribute to their indomitable courage and devotion to duty.","For the first time, the central government has officially released the names of six Indian soldiers martyred during Operation Sindoor. After about 13 months, their names have been included in the Roll of Honor on the website of the National War Memorial in New Delhi and inscribed on its 3D digital wall in the 2025 section. This memorial lists soldiers who made the supreme sacrifice for the country after independence. Now, the six martyrs of Operation Sindoor are also part of this glorious list.

The six soldiers martyred in Operation Sindoor are:
1.  **Lance Naik Dinesh Kumar (Haryana):** 5 Field Regiment. Martyred on May 7, 2025, in Poonch sector responding to Pakistani shelling. His wife was pregnant.
2.  **Aviator Murli Naik (Andhra Pradesh):** 851 Light Regiment. Seriously injured during an anti-infiltration operation in Uri sector, martyred on May 9, 2025.
3.  **Sergeant Surendra Kumar BM (Rajasthan):** Indian Air Force, 39 Wing, Medical Assistant. Martyred on May 10, 2025, in R.S. Pura sector while aiding injured soldiers during Pakistani shelling. Posthumously awarded Vayu Sena Medal.
4.  **Subedar Major Pawan Kumar (Himachal Pradesh):** Headquarters 10 Infantry Brigade. Chose a border posting despite nearing retirement. Succumbed to injuries on May 10, 2025, after Pakistani firing in Rajouri sector.
5.  **Rifleman Sunil Kumar (Jammu):** 4 Jammu and Kashmir Light Infantry. Did not leave his post and engaged the enemy in close combat. Posthumously awarded Vir Chakra.
6.  **Havaldar Sunil Kumar Singh (Bihar):** 237 Field Workshop Company. Alerted forces about Pakistani drone activity. Remained at post despite serious injuries. Posthumously awarded Sena Medal. Martyred on June 6, 2025.

On April 22, 2025, a terrorist attack in Pahalgam, J&K, killed 26 tourists. India responded with Operation Sindoor on May 6-7, 2025, striking nine Jaish-e-Mohammed and Lashkar-e-Taiba terrorist hideouts in Pakistan and PoK, killing over 100 terrorists. This led to a four-day border escalation, resolved on May 10, 2025, by DGMO talks. Satellite imagery confirmed damage to Pakistani military bases. India asserts severe damage to Pakistan's military capability.

The inscription of these six soldiers' names at the National War Memorial is a national tribute to their indomitable courage, duty, and supreme sacrifice. India will always remember their contribution in the fight against terrorism.",Hindi,27-06-2026 04:11,POSITIVE,5,2
1307275,https://www.youtube.com/watch?v=ZmNIJr0YEp8,Today's 8 AM Top News Headlines | 27June 2026 | Ram Mandir | PM Modi | Rahul,News 24,"Eight accused in the Ram Mandir offering theft case were sent to judicial custody, with ₹80 lakh recovered; resignations of Champat Rai and Anil Mishra are unconfirmed. In Bengal, preparations are underway for UCC implementation, and CM Subhendu spoke about strict anti-conversion laws. PM Modi is on a three-day visit to Seychelles, where he will be the chief guest at the 50th-anniversary celebration and hold bilateral talks with President Patrick Herminie. The names of six martyrs (five from the army, one from the air force) of Operation Sindoor have been publicly released and inscribed on the War Memorial for the first time.","In the Ram Mandir offering theft case, eight accused were sent to three-day judicial custody. So far, ₹80 lakh has been recovered in the investigation. The resignations of Champat Rai and Anil Mishra have not been confirmed. In Bengal too, preparations are underway to implement UCC; CM Subhendu announced this. The bill might be introduced in the assembly. He also spoke about making strict laws against religious conversion. From today, PM Modi will be on a three-day session in Seychelles. He will attend the 50th-anniversary celebration as the chief guest. He will hold bilateral talks with President Patrick Herminie. For the first time, the names of six martyrs of Operation Sindoor have been made public. The names of five army personnel and one air force personnel martyred have been inscribed on the War Memorial.",Hindi,27-06-2026 03:26,POSITIVE,1,0
1307299,https://www.youtube.com/watch?v=3AnhM8MU0V8,Today's 7 AM Top News Headlines | 27 June 2026 | Ram Mandir | PM Modi | Rahul,News 24,"Eight individuals have been sent to police custody in the Ram Mandir donation theft case, with ₹80 lakh recovered. The resignations of Champat Rai and Anil Mishra are unconfirmed. West Bengal is preparing to implement UCC, with CM Suvendu announcing a potential bill in the assembly and talks of stricter anti-conversion laws. PM Modi begins a three-day visit to Seychelles today, where he will be the chief guest at a 50th-anniversary event and engage in bilateral talks with President Patrick Herminie. Additionally, the names of six martyrs from Operation Sindoor (five from the army, one from the air force) have been publicly inscribed on the War Memorial.","In the Ram Mandir donation theft case, eight accused have been sent to three days of police custody. So far, ₹80 lakh has been recovered in the investigation. The resignations of Champat Rai and trustee Anil Mishra have not been confirmed. West Bengal is also preparing to implement UCC (Uniform Civil Code). CM Suvendu announced this. The bill might be presented in the assembly. There was also talk of making stricter laws against religious conversion. From today, PM Modi will be on a three-day visit to Seychelles and will be the chief guest at the 50th-anniversary celebration. He will hold bilateral talks with President Patrick Herminie. The names of six martyrs of Operation Sindoor have been made public for the first time. The names of five army and one air force martyr have been inscribed on the War Memorial.",Hindi,27-06-2026 02:50,POSITIVE,3,0
1307129,https://www.youtube.com/watch?v=YvR6JFaQBPU,6 Indian soldiers martyred in Operation Sindoor | We Will Speak The Truth | Akhilesh Anand,News 24,"This segment highlights the six Indian soldiers who were martyred during Operation Sindoor last May, following the Pahalgam attack. Their names have been officially released and will be inscribed on the National War Memorial in New Delhi and listed on its 'Roll of Honour' website. The fallen include five from the Indian Army and one from the Indian Air Force, with their ranks and names specified. Two of these soldiers received military honors for their exceptional bravery: Rifleman Sunil Kumar was posthumously awarded the Vir Chakra (India's third-highest wartime gallantry award), and Sergeant Surendra Kumar received the Vayu Sena Medal. The memorialization ensures their sacrifice is remembered by the nation.","And now, as this show progresses, let's talk about those brave soldiers of the country who sacrificed everything for the nation during Operation Sindoor. After the Pahalgam attack, the names of six Indian soldiers who attained martyrdom in Operation Sindoor, which took place in May last year, have now come to light. The government has officially made these names public. Now, the names of these soldiers will be inscribed on the National War Memorial in New Delhi. These names will be included in the Roll of Honour on the National War Memorial's website. Among them are five soldiers from the Indian Army and one sergeant from the Indian Air Force. The soldiers who attained martyrdom in Operation Sindoor include Subedar Major Pawan Kumar, Rifleman Sunil Kumar, Lance Naik Dinesh Kumar, Agniveer Mood Murali Naik, Havildar Sunil Kumar Singh, and Indian Air Force Sergeant Surendra Kumar. So, the names of the martyrs are being inscribed on the new National War Memorial so that their sacrifice will forever live on in the nation's memory. Of these six soldiers who attained martyrdom, two have also been awarded military honors for their extraordinary bravery. Rifleman Sunil Kumar was posthumously awarded the Vir Chakra, which is the country's third highest wartime gallantry award. Meanwhile, Sergeant Surendra Kumar was awarded the Vayu Sena Medal. And now, we are going to show you a special report, but before that, the headlines.",Hindi,26-06-2026 18:23,POSITIVE,6,0
1306606,https://www.youtube.com/watch?v=Pmi9l3DLQAQ,6 Indian Soldiers Martyred in Operation Sindoor | Operation Sindoor | Indian Armed Forces,NavBharat Live,"On April 22, 2025, a terrorist attack in Pahalgam, Jammu & Kashmir, killed 26 innocents. In response, on May 7, 2025, the Indian government launched 'Operation Sindoor'. It has now been revealed that six Indian soldiers were martyred fighting against Pakistan in this operation. The central government has added their names – Subedar Major Pawan Kumar, Rifleman Sunil Kumar, Lance Naik Dinesh Kumar, Avi Moodli Nayak, Havaldar Sunil Kumar Singh, and Surendra Kumar – to the National War Memorial's 'Roll of Honour' list, marking the first official confirmation of their sacrifice. The 'Roll of Honour' records all soldiers martyred in military operations from the 1947-48 India-Pakistan war to date, currently listing 26,626 names. Operation Sindoor aimed to destroy terrorist hideouts in Pakistan and PoK and prevent future attacks, leading to about four days of military tension.","On April 22, 2025, a major terrorist attack took place in Pahalgam, Jammu and Kashmir. In this attack, 26 innocent people lost their lives, most of whom were tourists. For the first time, the country witnessed such a terrorist attack where terrorists specifically targeted people after asking their religion. In response, the Indian government launched Operation Sindoor on the morning of May 7, 2025. What happened after that is well-known. But now, a revelation has come to light which is quite surprising, and it's clear that there will be a lot of politics on this. The revelation is that six brave soldiers of the Indian Army achieved martyrdom while fighting against Pakistan in Operation Sindoor. Actually, the central government has now included these six names in the Roll of Honour list of the National War Memorial. Until now, the government had not made public the identities of the soldiers martyred during the operation. This is considered the first official confirmation. Who are the six martyred soldiers of Operation Sindoor? The names of the six soldiers recorded on the National War Memorial's website include Subedar Major Pawan Kumar, Rifleman Sunil Kumar, Lance Naik Dinesh Kumar, Avi Moodli Nayak, Havaldar Sunil Kumar Singh, and Surendra Kumar. All these soldiers were martyred during an action against Pakistan during Operation Sindoor. Now their names have been added to the list of thousands of brave soldiers of the country who made the supreme sacrifice while defending Mother India. Why have the names of the martyrs come out for the first time? Reports of some soldiers being martyred during Operation Sindoor had come to light, but the government had not officially confirmed them for various reasons. Now, after these names have been added to the National War Memorial's Roll of Honour, it has become clear for the first time that these six soldiers were martyred in this operation. Therefore, this is considered the first official confirmation of the martyrs associated with Operation Sindoor. What is the National War Memorial's Roll of Honour? The National War Memorial's Roll of Honour is a record of all those Indian soldiers who sacrificed their lives while defending the country. It includes the names of soldiers martyred in all major wars and military operations from the India-Pakistan war of 1947-48 to date. Now, the names of the six martyrs of Operation Sindoor have also been added to this list. Currently, this list includes a total of 26,626 martyrs. Operation Sindoor was launched after the Pahalgam attack. That date of April 22, 1925, turned a page black in the history of Jammu and Kashmir. That is, a terrorist attack occurred on tourists who had gone to Pahalgam, which was a very famous tourist place. This attack shook the country. In response to this attack, the Indian Army launched Operation Sindoor to destroy several hideouts of terrorists present in Pakistan and PoK. The objective of this action was to inflict major damage on the terrorist network and prevent future attacks. After Operation Sindoor, military tension or confrontation continued between India and Pakistan for about four days. The armies of both countries were on high alert, and counter-actions also took place at several places on the border. During this time, there were also reports of casualties among soldiers, but official information remained very limited. Finally, on May 10, 2025, both countries reached a mutual agreement to stop military action, after which the situation began to normalize. Well, only time will tell whether there will be politics on this or not, but for now, it can be said that they arrived late but correctly. Please tell us your opinion on the information given in the video by commenting.",Hindi,26-06-2026 12:41,POSITIVE,0,1
1306378,https://www.youtube.com/watch?v=MZB2Vf3WgMA,BREAKING NEWS: Names of 6 jawans martyred in Operation Sindoor publicly revealed for the first time! On this Website....,News 24,"The names of six Indian armed forces personnel martyred during ""Operation Sindoor"" have been officially released. These include Subedar Major Pawan Kumar, Rifleman Sunil Kumar, Lance Naik Dinesh Kumar, Avi Mud Murli Nayak, Havildar Sunil Kumar Singh, and Surendra Kumar. Their names are now featured on the National War Memorial website's Roll of Honor and will be inscribed on the Memorial's 3D wall in New Delhi in the 2025 section. Notably, Rifleman Sunil Kumar was posthumously awarded the Vir Chakra, and Sergeant Surendra Kumar posthumously received the Vayu Sena Medal for their bravery.","We bring you a big news update: The names of six personnel of the Indian armed forces who were martyred during Operation Sindoor have been officially made public for the first time. These names include Subedar Major Pawan Kumar, Rifleman Sunil Kumar, Lance Naik Dinesh Kumar, Avi Mud Murli Nayak, Havildar Sunil Kumar Singh, and Surendra Kumar. These names have been included in the Roll of Honor on the National War Memorial website. Their names have also been inscribed on the 3D wall of the National War Memorial in New Delhi, in the 2025 section. Out of the six martyrs, two have received gallantry awards. Rifleman Sunil Kumar was posthumously awarded the Vir Chakra, while Sergeant Surendra Kumar was posthumously awarded the Vayu Sena Medal for his bravery. We bring you a big news update: The names of six personnel of the Indian armed forces who were martyred during Operation Sindoor have been officially made public for the first time. These names include Subedar Major Pawan Kumar, Rifleman Sunil Kumar, Lance Naik Dinesh Kumar, Avi Mud Murli Nayak, Havildar Sunil Kumar Singh, and Surendra Kumar. These names have been included in the Roll of Honor on the National War Memorial website. Their names have also been inscribed on the 3D wall of the National War Memorial in New Delhi, in the 2025 section. Out of the six martyrs, two have received gallantry awards. Rifleman Sunil Kumar was posthumously awarded the Vir Chakra, while Sergeant Surendra Kumar was posthumously awarded the Vayu Sena Medal for his bravery.",Hindi,26-06-2026 11:13,POSITIVE,14,0
1306323,https://www.youtube.com/watch?v=QaeSk5qyjLg,Top 25 | 25 Important News of the State | Today's Top 25 News | Gujarat's Top 25 News,India News Gujarat,"PM Modi will visit Seychelles from June 27-29 to strengthen bilateral ties. Martyred soldiers from Operation Sindoor were honored with gallantry awards. Canada rejected thousands of FIFA World Cup 2026 visa applications, denying entry to many fans. Five employees were injured in an LPG tanker accident in Kaushambi. The NIA uncovered a terrorist plot linked to JMB. The US accused NATO of involvement in Israel attacks. Iran threatened war after Netanyahu's statement, raising fears of a new conflict in Lebanon. Tariq Rahman ignored India on his first foreign tour, visiting Malaysia and China instead. India defeated Bangladesh in the Women's T20 World Cup, setting a new record. The India-Ireland T20 series will start in Belfast, with 15-year-old Vaibhav Suryavanshi selected as the youngest player. Indian markets are closed for Muharram, while global markets show a slowdown. Brent crude oil reached $72. Apple and MacBook prices are expected to rise. Shah Rukh Khan completed 34 years. Taylor Swift and Travis Kelce's wedding is being discussed. Many questions arose after a NEET student's suicide. Bengal is preparing for UCC implementation, with Suvendu Adhikari issuing an order. Yogi attacked Congress and SP over alleged Ram Mandir trust donation theft. Seven died in a horrific road accident in Ramgarh. A middle-aged man died after consuming poison due to domestic discord. Questions were raised about the security arrangements involving 2300 police personnel. New revelations emerged in the Pune fiancé murder case. A car caught fire after an accident, possibly due to heat. An investigation is ongoing into the 12.40 lakh rupee expenditure on mineral water during a demolition drive. A silent rally was held in support of AAP MLA Chaitar Vasava, who was sentenced to seven years in jail.","Between June 27 and 29, PM Modi will visit Seychelles. During the visit, discussions will be held to strengthen bilateral relations.
Operation Sindoor: Six jawans were martyred. The martyrs were honored with gallantry awards.
For the FIFA World Cup 2026, Canada rejected thousands of visa applications from fans. More than half of the applicants were denied entry, which is a big blow.
In Kaushambi, an LPG tanker collided with a toll plaza, causing an explosion and fire. Five employees were injured in the accident. The driver and conductor jumped out to save their lives.
The NIA revealed a terrorist conspiracy linked to a branch of the banned organization JMB, and many important revelations were made during the case investigation.
America accused NATO countries of involvement in attacks in Israel. This also came to light after the incident of an attack on a commercial vessel in the Strait of Hormuz.
Following Netanyahu's statement, Iran threatened war. The possibility of a new conflict involving Hezbollah in Lebanon has been increasing.
In Tariq Rahman's first foreign tour, he visited Malaysia and China. India was ignored, and this step is being seen as a diplomatic balancing act and an independent foreign policy.
India achieved the target of 137 runs in the Women's T20 World Cup and defeated Bangladesh. Shefali was the Player of the Match, while Sricharani created a new record.
The T20 series between India and Ireland will begin in Belfast. 15-year-old Vaibhav Suryavanshi has been selected for the team as the youngest player.
Due to the Muharram holiday, the Indian market is closed, but a slowdown was observed in the global market. The market is likely to open with a decline on Monday.
Brent crude oil reached $72 per barrel, which is similar to pre-war levels. Stability was observed in the oil market due to increased movement of ships through the Hormuz route.
When the prices of Apple and iPad increase, MacBooks will also become expensive, and all goods will become expensive as a result.
Shah Rukh Khan completed 34 years. Along with this, he released a poster and said something in the poster.
The discussion about Taylor Swift and Travis Kelce's wedding, and many weddings were seen.
A NEET student committed suicide. The student wrote a letter and sent a last video to his parents. Along with this, there were deep repercussions and many questions regarding the suicides of NEET students.
Preparations for UCC in Bengal. If UCC is implemented, all people will have to support UCC. And with this, Suvendu Adhikari issued an order. The Chief Minister there has adopted the UCC.
Yogi's attack on Congress and SP. Many statements came out regarding the theft of Ram Mandir trust donations, and it was said that all the accused will not be spared. All the accused will be sent behind bars.
A horrific road accident in Ramgarh. The road accident was so terrible that seven people died, and a heartbreaking incident came to light with the deaths. In the road accident, the cars were completely destroyed. And with this, seven people died in a horrific road accident in Ramgarh.
A middle-aged man died after consuming poison. Due to domestic discord, the middle-aged man died after consuming poison. During the time he was shifted to the hospital, the doctor declared him dead.
2300 police personnel handled security, and along with this, questions arose over all administrations and the government because if so much expenditure was incurred on the operation, how did it happen? Officials today revealed all types of information.
New revelations are coming to light in the Pune fiancé murder case. In the revelation, a girlfriend also killed her husband, and she, along with her lover, is currently facing action for the murder. New twists are coming to light in Pune's most discussed fiancé murder case.
After the accident, the car caught fire. It is also being speculated that the car caught fire due to the heat because as soon as the accident happened, the car collided with a bang, and the fire erupted inside the car.
12.40 lakh rupees spent on mineral water. The investigation is currently ongoing against officials in the demolition case in Nashik Nagar. Questions are being asked by media persons. Along with this, all the expenses incurred under the demolition operation are on record. The official statement has come out that only 12.40 lakh rupees have been spent on mineral water.
A silent rally was organized in support of Chaitar Vasava. Following the seven-year jail sentence of Aam Aadmi Party MLA Chaitar Vasava, villagers and tribals are currently organizing a silent rally in support of Chaitar Vasava.",Gujarati,26-06-2026 10:20,NEGATIVE,0,0
1304010,https://www.youtube.com/watch?v=ZrDPsZbEZgI,How Three Powerful Leaders Are Isolating Their Nations,Deshkaal,"Speaker Mukesh Kumar introduces three leaders – Donald Trump (USA), Narendra Modi (India), and Benjamin Netanyahu (Israel) – as a 'triumvirate' sharing similar working styles, ideologies, and objectives. These three are pioneers of right-wing nationalism, where ""America First"" translates to 'White First', ""India First"" acts as a facade for 'Hindu First' (majoritarianism), and for Netanyahu, it's 'Jew First', marginalizing Palestinians.

A deep-seated hatred and prejudice against Muslims are evident in all three. Trump targets non-whites, especially Muslims; Netanyahu's politics are rooted in anti-Muslim sentiment; and Modi's anti-Muslim stance is clear through remarks like 'identifying by clothes' and targeting minorities in the 2024 elections.

Politically, they rely on personal charisma, centralize power, and project themselves as great, charismatic leaders. They act like autocratic rulers in suppressing dissent and opposition. While Trump faces institutional hurdles in the US, Modi actively works to eliminate opposition and capture institutions in India. Netanyahu, in his coalition government, uses war (like the potential attack on Iran) as a pretext for arbitrary actions. The speaker concludes that India has become internationally isolated after 'Operation Sindoor', with only Israel offering support.","Hello, welcome to Desh Kaal. I am Mukesh Kumar. Friends, today I am not going to talk about one leader or one country. Today I will talk about three leaders and three countries. There is a triumvirate that is behaving almost identically. Their working style, their ideology, their objectives are almost similar. Of course, a 100% match is never found anywhere. But these three leaders I am going to talk about have quite a lot of similar characteristics. I am talking about US President Donald Trump, India's Prime Minister Narendra Modi, and Israel's Prime Minister Benjamin Netanyahu. These three leaders are pioneers of right-wing nationalism. The politics of all three is imbued with right-wing nationalism. For example, Trump says 'America First', in India Modi says 'India First', and you already know what's 'First' for Netanyahu. But within this 'First', there's another 'First' where you can see the commonality of all three. When Trump says 'America First', he means 'White First' – meaning white people first. Similarly, in Israel, Netanyahu might not have given such a slogan, but for him, Jews are first; Palestinians are not second but tenth-grade citizens, and they face killings and beatings. And if we look at India, the 'India First' slogan is a kind of mask; behind it is 'Hindu First'. Talking about Hindus, the interests of Hindus, the safety of Hindus—although this politics might not actually benefit Hindus, such an atmosphere has been created. You can say that majoritarianism, this majoritarian politics, is one of its qualities, or rather a fault. In all three countries, you will clearly see this in the politics of all three prime ministers, all three heads of state. Another characteristic is that all three leaders hate Muslims. There is a strong hatred for Muslims within them. Trump certainly targets all non-whites, but among them, Muslims are targeted the most. There is no need to say anything about Netanyahu; he is so afflicted by Muslim hatred, so afflicted that his entire government and party run on this basis. And in India, Prime Minister Modi identifies people by their clothes, and the kind of statements he made targeting minorities during the 2024 Lok Sabha elections clearly shows that he is anti-Muslim. So, this ideological clarity and commonality of these three leaders are clearly visible. All three leaders are advancing similar politics and leading similar political agendas. So, one similarity among the three leaders is this, and the second similarity is that all three leaders rely on personal charisma, or rather, they centralize everything in their hands and conduct politics based on their own brilliance. Projecting themselves as charismatic leaders and proclaiming themselves great on that basis is their tendency. You know that Prime Minister Modi has already declared himself 'non-biological'. And the American President also gets his devotees to say all these things, and it is on record that he too is some great Christian saint who came from above to save the whites, etc., etc. So, this is a tremendous similarity. Furthermore, if you look at their political similarities, all three are foremost in crushing dissent in their respective countries. In America, it is a bit difficult, so Trump cannot do it as much. He only keeps telling the media that it's fake news, that's fake news, this is fake news; he keeps abusing them and cannot target his opponents to the extent that Prime Minister Modi is doing in India and Benjamin Netanyahu is doing in Israel. Benjamin Netanyahu also has a limit because he is running a coalition government, so he does not have the kind of power to impose a bulldozer culture against the opposition. But in India, you can clearly see how Prime Minister Modi, his party, and his government are dealing with the opposition, opposition leaders, and opposition parties. They are fully engaged in eliminating, engulfing, and sabotaging them. So, one thing is that all three behave like autocratic rulers in crushing resistance or discontent. This right-wing nationalist politics is a characteristic that is equally visible in all three. It might be a little less somewhere, a little more somewhere. In some systems, like America, seizing control of institutions is not as easy as it is in India, and in India, Modi ji is doing it by seizing control. Benjamin Netanyahu is facing difficulty because he is running a coalition government and cannot act arbitrarily to that extent. He constantly wants war under the guise of war so that he gets the freedom to act arbitrarily, and he is doing all this under its cover. This is happening with India. We saw how India became isolated after 'Operation Sindoor'. During 'Operation Sindoor', only Israel stood with it. No one supported it, and it can be said that some European countries are supporting it, etc. But by and large, India has become isolated, and now the attack on Iran...",Hindi,25-06-2026 03:39,NEGATIVE,465,58
,https://www.youtube. com/watch?v=5LCY ZkwFxJ4,BJP lied on Operation Sindoor Abhisar Sharma   ,Abhisar Sharma  ,,,Hindi,27-06-2026,,19K,
,https://www.youtube. com/watch?v=PNenU 5GRVKM,Rajnath Singh ?? Congress...Operation Sindoor ,News Pinch,,,Hindi,27-06-2026,,2.1K,
,https://youtu.be/whJFY1QUiOc?si=tc_tZtlnH6FFi4kU,Operation Sindoor  Rajnath Singh Pawan Khera | Modi Sarkar | #dblive ,DB Live,,,Hindi,27-06-2026,,259,
,https://youtu.be/zcVMIW1qK_k?si=ACmm4wJoY7nTDuNg,Will Rajnath Singh Resign For Lying In Parliament About India's Martyrs In Operation Sindoor? ,National Defence,,,Hindi,27-06-2026,,160,
,https://www.youtube.com/live/BGFi4HBongk?si=2_CTjN24dgg6Mo2n,Operation Sindoor ?? Rajnath Singh ?? ???? ?? ???? ???? | ????? ????? 6 ??????? ?? ???? | LIVE,OneIndia Hindi,,,Hindi,27-06-2026,,60,
,https://youtu.be/MTY3AbSgmtY?si=L6FU2cVJ6vbbpBEH,Operation Sindoor | War Memorial,News24,,,Hindi,27-06-2026,,370,
,https://youtu.be/tb9AScz2TTE?si=kwZJT3gu2NlHyGMi,"6 Jawans Martyred, Rajnath Singh Said �No Harm� � Modi Govt Exposed | Operation Sindoor",Indian National Congress,,,Hindi,27-06-2026,,0,
,https://youtu.be/QVyVzk5eYFo?si=NBc4WZ0YanS-vbop,Op Sindoor: Martyred Soldiers' Names Released; Rajnath Singh Lied? | Satya Hindi Bulletin,Satya Hindi,,,Hindi,27-06-2026,,1.5K,
,https://youtu.be/4WVBbZWaLUc?si=mqKBudhCYjJY3d1m,"Rajnath Singh Viral Video: Operation Sindoor ??? 6, Congress",Live Hindustan,,,Hindi,27-06-2026,,1.2K,
,https://youtu.be/FRvCL7EZX4A?si=dZ5HO8ddPcSMFP0y,Operation Sindoor ,News Tak,,,Hindi,27-06-2026,,15,
,https://youtu.be/Ls0CqZFHTdY?si=LbgZI0k0-cu9CI8l,"India's 6 Indian Army, IAF Warriors Killed During Op Sindoor: What Rajnath Had Said In Parliament?",Times Now,,,Hindi,27-06-2026,,478,
,https://youtu.be/177VugXdqI8?si=KQvbDcuiK8I8z-P0,Operation Sindoor: Did Rajnath Singh Mislead India Over Soldiers' Deaths? |Editorial with Sujit Nair,HW News English,,,English,27-06-2026,,1.4K,
,https://youtu.be/H56VqwohzT8?si=k33PjvnnbKGbi7YM,Operation Sindoor ?? 6 Congress ?? Modi,Online News India,,,Hindi,27-06-2026,,6.9K,
,https://youtu.be/lAR7Mfacwnk?si=vn_Fq6pm7LiKFHyO,Operation Sindoor: Rajnath Singh ,Lokmat Hindi,,,Hindi,27-06-2026,,639,
,https://youtu.be/zST-fgotWVo?si=Q7DeVJOazP8Giryn,Operation Sindoor Supriya Shrinate,Indian National Congress,,,Hindi,27-06-2026,,0,
,https://youtu.be/2q5U6sPhcjU?si=DAyvdOaJLMN8TiOL,Rajnath Singh Under Fire Over Operation Sindoor | Satya Hindi News Bulletin,Satya Hindi,,,Hindi,27-06-2026,,1.1K,
,https://youtu.be/XUodGV4LNys?si=7ytyPNrg3AEnhcnj,"A Year After Telling Parliament No Soldiers Were Harmed in Op Sindoor, Govt Names Six | Neelu Vyas",Jana Gana Mana 24x7,,,Hindi,27-06-2026,,1.4K,
,https://youtu.be/ICxGwj_3HwI?si=6bFyXkTRTv3VtD53,Rajnath Singh | Operation Sindoor Martyred Soldiers | Rahul Gandhi | The Rajneeti | Congress,The Rajneeti,,,Hindi,27-06-2026,,721,
,https://youtu.be/xYH4ECUNEGk?si=Y9P6uN5MMRfGD_oN,Operation Sindoor 6 Supriya Shrinate,News 24,,,Hindi,27-06-2026,,83,
,https://youtu.be/5qPNYDP0GrY?si=LQf4TtOnYkFdyvV_,"Operation Sindoor: 6 Martyrs' Names Revealed, Rajnath Singh Accused of Betrayal",The Public India,,,Hindi,28-06-2026,,509,
,https://youtu.be/vdgDuOkFTSs?si=J62O5cdNr-WBSLFc,"""Operation Sindoor ?? ?? ??????"", ????? ?????? Rajnath Singh ?? ????? Congress, ?????? Video",News 24,,,Hindi,28-06-2026,,902,
,https://youtu.be/95hqFDfhVPg?si=QcVh6660Exzf_g7I,"Operation Sindoor: Govt Debunks Reports, Clarifies Heroes Were Already Honoured | WION ",WIOn,,,Hindi,28-06-2026,,24,
,https://youtu.be/I9IYkinplYA?si=UlxUVgR3KLLUoe5k,"Operation Sindoor ?? ????? ???? ?? ?????? ?? ??? ???? ??, ????? ?? ????? ?????? ?? ????? ???? ???? ",BBC News Hindi,,,Hindi,28-06-2026,,3.2K,
,https://youtu.be/YxQVO0kAzpA?si=XwO8lDHuVlaial0T,Operation Sindoor | Defence Minister vs Congress: The Untold Truth Revealed | By Ankit Sir,Ankit Inspire India,,,Hindi,29-06-2026,,29K,
,https://youtu.be/4SXqepspO5o?si=cuzjy2FNYFz-cL7P,India Finally Admits 6 Soldiers K*lled in Operation Sindoor | Pakistan's Claims Proven Right? ,Apna Watan Tv and Saadia Afzaal ,,,Hindi,30-06-2026,,433,
,https://youtu.be/KJM1RaQAFxs?si=wKvMuyj8bYLvZTXC,New Army Chief Takes Charge; Push For Modernisation And Strategic Lessons From Operation Sindoor ,India Today,,,Hindi,30-06-2026,,40,
,https://youtu.be/rnimkwmqJaU?si=dnVjGz9McUvlwJ8N,"Operation Sindoor ?? Congress ?? Rajnath Singh ?? ??????, Venugopal ?? ?? Loksabha ??? ???? ",News 24,,,Hindi,01-07-2026,,878,
,https://youtu.be/gov98xlx488?si=Cli9gBOWjdWbtPPM,Operation Sindoor ,DN with PG,,,Hindi,01-07-2026,,324,
,https://youtu.be/Ozal7_K59mo?si=XH_XaZjF3VFCM_B0,Operation Sindoor Secret || ,Journalist Sai,,,Hindi,02-07-2026,,275,
,https://www.youtube.com/watch?v=wvbTbbIhl94, Operation Sindoor | Rajnath Singh ,Times Now Navbharat,,,Hindi,03-07-2026,,60,
,https://youtu.be/c4Saxmzu6B8?si=YCvKnVmAo3iq8yT1,Monsoon Session PM Modi  Ram mandir Ethanol ?Operation Sindoor,Indian Express Hindi,,,Hindi,06-07-2026,,4.1K,
,https://www.youtube.com/live/kI0Hyzgv-lA?si=tW1mqla1j2CXy76w,LIVE BIG Debate: Operation Sindoor ?? PAK ,News Watch India,,,Hindi,06-07-2026,,13,
,https://youtu.be/0ZYU-PjRnPE?si=o8w6j3GrgWZlOw33,Modi Betrayed India | Explosive Remarks on Operation Sindoor & Pakistan FT.Subramanian Swamy,Salt,,,Hindi,10-07-2026,,76,
,https://youtu.be/gU7sJ4E7vcI?si=V40XxxrHfUfiyafI,Indian L!es on Operation Sindoor - Casualties & Rafales | Podcast,Apna Watan Tv,,,Hindi,06-07-2026,,25,
