platform,url,author,author_display_name,author_identity,author_category,author_followers,date,time,type,title,text,language,views,likes,comments,shares,reposts,bookmarks,reach_claimed_est,engagement_total,media_url,replied_to_url,replied_to_user,quoted_url,analyzed,row_relevant,stance,role,bloc,narrative,misinfo_suspect,misinfo_claim,summary
Print,,,Himachal Dastak,,,,2026-06-20,05:28,coverage,"Selection of Sujanpur's Daughter Nritika Mahajan for Navy's Executive Branch Reflective Tape Applied on Horns of Stray Animals Youth Parliament Organized at Him Academy Dugnehra, Students Understood the Functioning of Democracy",Sujanpur. Sujanpur's daughter Nritika Mahajan has brought fame to the region by being selected in the Indian Navy. Nritika Mahajan has been selected for the SSC,Hindi,,,,,,,21843,0,,,,,True,False,0,bystander,,other,False,,Local woman selected for Indian Navy executive branch.
Print,,,The Pioneer,,,,2026-06-21,00:40,coverage,VP Radhakrishnan pays homage to bravehearts at Leh memorial,PIONEER NEWS SERVICE Leh Vice President CP Radhakrishnan on Saturday visited the Hall of Fame War Memorial here and expressed the nation's gratitude to the forc,English,,,,,,,18674,0,,,,,True,False,0,tribute,,other,False,,VP Radhakrishnan pays homage at Leh Hall of Fame War Memorial.
Print,,,The Pioneer,,,,2026-06-21,00:41,coverage,VP Radhakrishnan pays homage to bravehearts at Leh war memorial,PIONEER NEWS SERVICE n Leh Vice President CP Radhakrishnan on Saturday visited the Hall of Fame War Memorial here and expressed the nation's gratitude to the fo,English,,,,,,,19073,0,,,,,True,False,0,tribute,,other,False,,VP Radhakrishnan pays homage at Leh Hall of Fame War Memorial.
Print,,,Greater Jammu,,,,2026-06-21,00:51,coverage,"War Memorial in Leh is a symbol of patriotism and sacrifice: Vice President Pays tribute to soldiers, visits key heritage and development sites","GJ REPORT LEH, JUN 20: Vice President of India C P Radhakrishnan on Saturday paid homage to the country's brave soldiers, offered prayers at the sacred Sindhu R",English,,,,,,,30572,0,,,,,True,False,0,tribute,,other,False,,Vice President pays tribute at Leh War Memorial to soldiers.
Print,,,The Pioneer,,,,2026-06-21,01:08,coverage,VP Radhakrishnan pays homage to bravehearts at Leh war memorial,PIONEER NEWS SERVICE Leh Vice President CP Radhakrishnan on Saturday visited the Hall of Fame War Memorial here and expressed the nation's gratitude to the forc,English,,,,,,,19073,0,,,,,True,False,0,tribute,,other,False,,VP Radhakrishnan pays homage at Leh Hall of Fame War Memorial.
Print,,,The Tribune,,,,2026-06-21,01:38,coverage,"VP Radhakrishnan visits Ladakh War memorial, pays homage to bravehearts Lauds ITBP personnel for frontier duty | To join International Yoga Day celebrations in UT","SRINAGAR, JUNE 20 Vice-President C P Radhakrishnan on Saturday visited several key sites in Ladakh, including the Hall of Fame War Memorial, Sindhu Ghat, the Pa",English,,,,,,,44328,0,,,,,True,False,1,tribute,,tribute_martyrs,False,,VP visits Ladakh war memorial and pays homage to bravehearts.
Print,,,Good Morning Kashmir,,,,2026-06-21,01:46,coverage,"Vice-Prez Radhakrishnan visits Hall of Fame War Memorial, other places in Leh","GMK NEWS NETWORK LEH: Vice-President of India, C P Radhakrishnan, today visited the Hall of Fame War Memorial, Sindhu Ghat, Pashmina Goat Farm at Upshi, and the",English,,,,,,,33013,0,,,,,True,False,1,tribute,,tribute_martyrs,False,,VP visits Leh Hall of Fame War Memorial and pays homage.
Print,,,Glimpses of Future,,,,2026-06-21,01:57,coverage,"Vice President Radhakrishnan visits Leh war memorial, pays homage to bravehearts","PRESS TRUST OF INDIA Leh, Jun 20 Vice President C P Radhakrishnan on Saturday visited the Hall of Fame War Memorial here and expressed the nation's gratitude to",English,,,,,,,30681,0,,,,,True,False,1,tribute,,tribute_martyrs,False,,VP visits Leh Hall of Fame War Memorial and pays homage.
Print,,,Kashmir Thunder,,,,2026-06-21,02:19,coverage,"'Nation first, always': VP Radhakrishnan Salutes armed forces at Hall of Fame War Memorial in Leh","KT News Desk Leh, Jun 20: Vice-President of India, C P Radhakrishnan on Saturday visited the Hall of Fame War Memorial, Sindhu Ghat, Pashmina Goat Farm at Upshi",English,,,,,,,14229,0,,,,,True,False,1,tribute,,tribute_martyrs,False,,VP salutes armed forces at Leh Hall of Fame War Memorial.
Print,,,Kashmir Images,,,,2026-06-21,02:22,coverage,"Vice-President visits key sites in Ladakh, lauds Armed Forces and ITBP personnel","LEH, JUNE 20: Vice-President of India C. P. Radhakrishnan on Saturday visited the Hall of Fame War Memorial, Sindhu Ghat, a Pashmina Goat Farm at Upshi and the ",English,,,,,,,31968,0,,,,,True,False,1,tribute,,tribute_martyrs,False,,VP visits Leh war memorial and lauds Armed Forces and ITBP.
Print,,,Refugee Message,,,,2026-06-21,02:44,coverage,"Vice-President visits key sites in Ladakh, lauds Armed Forces and ITBP","The Vice-President of India, Shri C. P. Radhakrishnan, today visited the Hall of Fame War Memorial, Sindhu Ghat, Pashmina Goat Farm at Upshi, and the first rock",English,,,,,,,158528,0,,,,,True,False,1,tribute,,tribute_martyrs,False,,VP visits Leh war memorial and lauds Armed Forces and ITBP.
Print,,,Capital Information,,,,2026-06-21,03:00,coverage,Sindhu River Symbolises Bharat's Civilizational Heritage and Cultural Unity,"The Vice-President of India, C. P. Radhakrishnan, visited the Hall of Fame War Memorial, Sindhu Ghat, Pashmina Goat Farm at Upshi, and the first rock check dam ",English,,,,,,,49379,0,,,,,True,False,1,tribute,,tribute_martyrs,False,,VP Radhakrishnan visits Leh war memorial and lauds Armed Forces.
Print,,,Greater Kashmir,,,,2026-06-21,04:09,coverage,"Vice President Radhakrishnan hails eco-friendly water initiative, rural livelihood efforts in Ladakh","GK News Service Leh, Jun 20 The Vice-President of India, C.P. Radhakrishnan, Saturday visited the Hall of Fame War Memorial, Sindhu Ghat, Pashmina Goat Farm at ",English,,,,,,,31464,0,,,,,True,False,1,tribute,,tribute_martyrs,False,,VP visits Leh Hall of Fame War Memorial and pays homage to soldiers.
Print,,,The Hindustan Times,,,,2026-06-21,04:39,coverage,"{ DAY 2 OF LADAKH VISIT } VP visits war memorial, Sindhu Ghat; lauds armed forces, ITBP","HT Correspondent letterschd@hindustantimes.com JAMMU: The Vice-President CP Radhakrishnan, on Saturday visited the Hall of Fame War Memorial, Sindhu Ghat, Pashm",English,,,,,,,21907,0,,,,,True,False,0,neutral_reporter,,neutral_news,False,,"VP visits Leh war memorial and Sindhu Ghat, lauds forces."
Print,,HT Correspondent,The Hindustan Times,,,,2026-06-21,04:40,coverage,"VP visits Sindhu Ghat, war memorial; lauds armed forces, ITBP","JAMMU : The Vice-President C P Radhakrishnan, on Saturday visited the Hall of Fame War Memorial, Sindhu Ghat, Pashmina Goat Farm at Upshi, and the first rock ch",English,,,,,,,18482,0,,,,,True,False,0,neutral_reporter,,neutral_news,False,,"VP Radhakrishnan visits Leh war memorial, lauds armed forces."
Print,,,The Hindustan Times,,,,2026-06-21,04:47,coverage,"VP visits Sindhu Ghat, war memorial; lauds armed forces, ITBP","JAMMU: The Vice-President C P Radhakrishnan, on Saturday visited the Hall of Fame War Memorial, Sindhu Ghat, Pashmina Goat Farm at Upshi, and the first rock che",English,,,,,,,19232,0,,,,,True,False,0,neutral_reporter,,neutral_news,False,,"VP Radhakrishnan visits Leh war memorial, lauds armed forces."
Print,,,Dainik Jagran,,,,2026-06-21,05:09,coverage,Indus River: Heritage of the Country and Symbol of Cultural Unity,"Correspondent, Jagran • Leh: Vice President C.P. Radhakrishnan on Saturday paid tribute to the brave soldiers of the Indian Armed Forces at the Hall of Fame War",Hindi,,,,,,,15874,0,,,,,True,False,0,neutral_reporter,,neutral_news,False,,VP Radhakrishnan tributes soldiers at Leh War Memorial.
Print,,,Punjab Kesari,,,,2026-06-21,05:49,coverage,Indus River is a symbol of Indian civilization and cultural unity: Vice President,"New Delhi, (Punjab Kesari): On the second day of his official visit to the Union Territory of Ladakh, Vice President C.P. Radhakrishnan visited the Hall of Fame",Hindi,,,,,,,12083,0,,,,,True,False,0,neutral_reporter,,neutral_news,False,,"VP visits Ladakh Hall of Fame memorial, tributes armed forces."
Print,,,Amar Ujala,,,,2026-06-21,06:46,coverage,"Vice President Reaches Hall of Fame War Memorial, Pays Tribute to Martyrs Reviews Development Projects in Ladakh, Also Visits Pashmina Farm","Leh. Vice President C.P. Radhakrishnan, on the second day of his Ladakh tour, reached the Hall of Fame War Memorial in Leh and paid tribute to the brave soldier",Hindi,,,,,,,22959,0,,,,,True,False,0,neutral_reporter,,neutral_news,False,,VP Radhakrishnan tributes martyrs at Leh Hall of Fame War Memorial.
Print,,,Kashmir Age,,,,2026-06-21,07:25,coverage,"Vice-Prez Radhakrishnan visits Hall of Fame War Memorial, other places in Leh","Kashmir News Observer LEH, JUN 20: Vice-President of India, C P Radhakrishnan, today visited the Hall of Fame War Memorial, Sindhu Ghat, Pashmina Goat Farm at U",English,,,,,,,24372,0,,,,,True,False,0,neutral_reporter,,neutral_news,False,,"VP Radhakrishnan visits Leh Hall of Fame memorial, lauds armed forces."
Print,,,Greater Kashmir,,,,2026-06-21,07:56,coverage,"Vice President Radhakrishnan hails eco-friendly water initiative, rural livelihood efforts in Ladakh","GK News Service Leh, Jun 20 The Vice-President of India, C P Radhakrishnan, Saturday visited the Hall of Fame War Memorial, Sindhu Ghat, Pashmina Goat Farm at U",English,,,,,,,246284,0,,,,,True,False,0,neutral_reporter,,neutral_news,False,,"VP Radhakrishnan visits Leh Hall of Fame memorial, lauds armed forces."
Print,,,Kashmir Monitor,,,,2026-06-21,08:21,coverage,"Ladakh Visit VP lauds Armed Forces, ITBP","LEH, JUNE 20: Vice-President of India C. P. Radhakrishnan, today visited the Hall of Fame War Memorial, Sindhu Ghat, Pashmina Goat Farm at Upshi, and the first ",English,,,,,,,104751,0,,,,,True,False,0,neutral_reporter,,neutral_news,False,,VP lauds Armed Forces and ITBP during Ladakh visit.
Print,,,Brighter Kashmir,,,,2026-06-21,09:37,coverage,Vice-President visits key sites in Ladakh Lauds armed forces and heritage initiatives,"BK NEWS SERVICE Leh, June 20: Vice-President of India, C P Radhakrishnan, today visited the Hall of Fame War Memorial, Sindhu Ghat, Pashmina Goat Farm at Upshi,",English,,,,,,,107684,0,,,,,True,False,0,neutral_reporter,,neutral_news,False,,"VP visits Leh war memorial, lauds armed forces and heritage."
Print,,,Lake City Times,,,,2026-06-21,10:15,coverage,"Vice Prez visits Hall of Fame War Memorial, other places in Leh","Leh, Jun 20: Vice President of India, C P Radhakrishnan, Someday visited the Hall of Fame War Memorial, Sindhu Ghat, Pashmina Goat Farm at Upshi, and the first ",English,,,,,,,102841,0,,,,,True,False,0,neutral_reporter,,neutral_news,False,,Vice President visits Hall of Fame War Memorial and sites in Leh.
Print,,,Kashmir Thunder,,,,2026-06-21,10:17,coverage,"'Nation first, always': VP Radhakrishnan Salutes armed forces at Hall of Fame War Memorial in Leh","KT News Desk Leh, Jun 20: Vice-President of India, C P Radhakrishnan on Saturday visited the Hall of Fame War Memorial, Sindhu Ghat, Pashmina Goat Farm at Upshi",English,,,,,,,209333,0,,,,,True,False,0,neutral_reporter,,neutral_news,False,,VP salutes armed forces at Hall of Fame War Memorial in Leh.
Print,,,Brighter Kashmir,,,,2026-06-21,10:34,coverage,Vice-President visits key sites in Ladakh Lauds armed forces and heritage initiatives,"BK NEWS SERVICE Leh, June 20: Vice-President of India, C P Radhakrishnan, today visited the Hall of Fame War Memorial, Sindhu Ghat, Pashmina Goat Farm at Upshi,",English,,,,,,,117376,0,,,,,True,False,0,neutral_reporter,,neutral_news,False,,"VP Radhakrishnan visits Leh war memorial, lauds armed forces."
Print,,,Global Kashmir,,,,2026-06-21,10:56,coverage,"Vice Prez lauds Ladakh's water innovation, Pashmina heritage during second day of visit",LEH: Vice-President of India C.P. Radhakrishnan on Friday praised Ladakh's innovative water conservation efforts and rich Pashmina heritage during the second da,English,,,,,,,94258,0,,,,,True,False,0,neutral_reporter,,neutral_news,False,,VP visits Leh war memorial and praises Ladakh initiatives.
Print,,,Kashmir Vision,,,,2026-06-21,11:06,coverage,"Vice President Radhakrishnan Visits Leh War Memorial, Pays Homage To Bravehearts",PRESS TRUST OF INDIA LEH: Vice President C P Radhakrishnan on Saturday visited the Hall of Fame War Memorial here and expressed the nation's gratitude to the fo,English,,,,,,,199181,0,,,,,True,False,0,neutral_reporter,,neutral_news,False,,Vice President pays homage at Leh Hall of Fame War Memorial.
Print,,,Fish Eye,,,,2026-06-21,11:13,coverage,"Vice-Prez Radhakrishnan visits Hall of Fame War Memorial, other places in Leh","LEH: Vice-President of India, C P Radhakrishnan, today visited the Hall of Fame War Memorial, Sindhu Ghat, Pashmina Goat Farm at Upshi, and the first rock check",English,,,,,,,330506,0,,,,,True,False,0,neutral_reporter,,neutral_news,False,,"VP Radhakrishnan visits Leh Hall of Fame War Memorial, lauds forces."
Print,,,Rising Kashmir,,,,2026-06-21,11:17,coverage,"Vice-Prez Radhakrishnan visits Hall of Fame War Memorial, other places in Leh","Leh, Jun 20 (KNO): Vice-President of India, C P Radhakrishnan, today visited the Hall of Fame War Memorial, Sindhu Ghat, Pashmina Goat Farm at Upshi, and the fi",English,,,,,,,61446,0,,,,,True,False,0,neutral_reporter,,neutral_news,False,,Vice-President visits Hall of Fame War Memorial in Leh.
Print,,,Kashmir Monitor,,,,2026-06-21,16:47,coverage,"VP lauds Armed Forces, ITBP","Ladakh Visit VP lauds Armed Forces, ITBP MONITOR NEWS BUREAU LEH, JUNE 20: Vice-President of India C. P. Radhakrishnan, today visited the Hall of Fame War Memor",English,,,,,,,12824,0,,,,,True,False,0,neutral_reporter,,neutral_news,False,,VP visits Leh war memorial and lauds Armed Forces and ITBP.
Print,,,The Sentinel,,,,2026-06-22,04:09,coverage,Northeast leaders lead Yoga Day celebrations across region,"SHILLONG/AGARTALA/ IMPHAL, June 21: Leaders across the Northeast marked the 12th International Day of Yoga on Sunday with mass participation programmes, highlig",English,,,,,,,350,0,,,,,True,False,0,neutral_reporter,,neutral_news,False,,Rajnath Singh leads Yoga Day with forces; CDS at War Memorial.
Print,,,The Hindu,,,,2026-06-22,04:27,coverage,Forward posture,"The International Day of Yoga was observed on Sunday across the country by the armed forces, reaffirming their commitment to physical fitness and mental resilie",English,,,,,,,17102,0,,,,,True,False,0,neutral_reporter,,neutral_news,False,,Armed forces observe Yoga Day affirming fitness and resilience.
Print,,,The Hindu,,,,2026-06-22,04:58,coverage,Forward posture,"From the icy heights of the remote Siachen Glacier to the vast Rann of Kutch, and from the hills of the northeast to the naval platforms at sea, the armed force",English,,,,,,,17196,0,,,,,True,False,0,neutral_reporter,,neutral_news,False,,Armed forces observe Yoga Day from Siachen to sea platforms.
Print,,,The Hindu,,,,2026-06-22,04:59,coverage,Forward posture,"The International Day of Yoga was observed on Sunday, with Army personnel taking part in a yoga session in Ladakh. Across the country, from the icy heights of t",English,,,,,,,22389,0,,,,,True,False,0,neutral_reporter,,neutral_news,False,,Rajnath leads Yoga Day; forces join nationwide including War Memorial.
Print,,,The Hindu,,,,2026-06-22,05:02,coverage,Forward posture,"The International Day of Yoga was observed on Sunday by the armed forces across the country, from the icy heights of the remote Siachen Glacier to the vast Rann",English,,,,,,,22389,0,,,,,True,False,0,neutral_reporter,,neutral_news,False,,Armed forces observe Yoga Day nationwide including at War Memorial.
Print,,,The Hindu,,,,2026-06-22,05:03,coverage,Forward posture,"Army personnel of the Dorje Division performed yoga in Ladakh on Sunday, observing the International Day of Yoga. Across the country, from the icy heights of th",English,,,,,,,17196,0,,,,,True,False,0,neutral_reporter,,neutral_news,False,,Rajnath leads Yoga Day; CDS and chiefs join troops including War Memorial.
Print,,,LOKMAT SAMACHAR,,,,2026-06-22,07:54,coverage,"International Yoga Day celebrated from Siachen to the Sea: Commitment reiterated for physical health, mental fortitude",New Delhi: International Yoga Day was celebrated across all forces and inhabited areas. Prime Minister Narendra Modi reiterated his commitment to physical healt,Hindi,,,,,,,118023,0,,,,,True,False,0,neutral_reporter,,neutral_news,False,,"Armed forces celebrate Yoga Day; Rajnath leads, CDS at War Memorial."
Print,,,Metro Vaartha,,,,2026-06-22,09:21,coverage,Prime Minister changes travel to avoid inconvenience for students,New Delhi: Prime Minister Narendra Modi's exemplary gesture of changing his travel plans in Delhi to avoid inconvenience for students appearing for the NEET exa,Malayalam,,,,,,,25804,0,,,,,True,False,1,supporter,,other,False,,PM Modi alters travel for NEET students and visits National War Memorial.
Print,,Rehan Qayoom Mir,Kashmir Thunder,,,,2026-06-24,02:07,coverage,"Parl panel on External Affairs meets LG, CM","Rehan Qayoom Mir Srinagar, Jun 23: The parliamentary panel on External Affairs on Tuesday met Lieutenant Governor Manoj Sinha and Chief Minister Omar Abdullah h",English,,,,,,,8748,0,,,,,True,False,0,neutral_reporter,,neutral_news,False,,"Parliamentary panel meets J&K leaders, discusses Op Sindoor."
Print,,,Dainik Jagran,,,,2026-06-24,05:01,coverage,Soldier Museum in Rewari and War Memorial in Narnaul will be built,"State Bureau, Jagran, Chandigarh: A soldier museum will be established in Rewari and a war memorial in Naseebpur (Narnaul). The construction of integrated Saini",Hindi,,,,,,,4551,0,,,,,True,False,0,neutral_reporter,,neutral_news,False,,Haryana plans soldier museum in Rewari and war memorial in Narnaul.
Print,,"RK News Service"", ""Abid Bashir",Rising Kashmir,,,,2026-06-24,08:11,coverage,"PM Modi-led govt revolutionised public service delivery: LG Parl Committee briefs LG Sinha, CM Omar Parl panel briefed on border security, Op Sindoor","Srinagar, Jun 23: The Parliamentary Standing Committee on External Affairs, led by its Chairman Dr Shashi Tharoor, on Tuesday called on Lieutenant Governor Mano",English,,,,,,,58793,0,,,,,True,False,1,neutral_reporter,,neutral_news,False,,Parliamentary committee briefed on border security and Op Sindoor.
Print,,,Freedom Fighter,,,,2026-06-25,01:25,coverage,Commencement of work on Metro's Central Vista Corridor,"New Delhi: Union Minister for Housing and Urban Affairs and Power, Manohar Lal, on Wednesday commenced the work on Delhi Metro's Central Vista Corridor at Centr",Hindi,,,,,,,4707,0,,,,,True,False,0,bystander,,other,False,,Minister starts metro corridor work near National War Memorial.
Print,,,DT Next,,,,2026-06-25,01:56,coverage,CM: Tambaram-Velachery Road to be named Major Mukund Varadarajan Road,"CHENNAI: Chief Minister C Joseph Vijay on Wednesday announced that the Tambaram-Velachery road would be renamed in honour of Major Mukund Varadarajan, who died ",English,,,,,,,11083,0,,,,,True,False,0,tribute,,other,False,,TN renames road after Ashok Chakra martyr Major Mukund Varadarajan.
Print,,,Rashtriya Swaroop,,,,2026-06-25,01:59,coverage,"Lt. Gen. Shivinder Singh paid tribute to brave soldiers at the War Memorial. Lt. Gen. Shivinder to retire on June 30, given Guard of Honour in respect.","Lucknow (Senior Correspondent). Lieutenant General Shivinder Singh, Commander and Head of Records of the Army Medical Corps (AMC) Centre and College and Colonel",Hindi,,,,,,,10348,0,,,,,True,False,0,neutral_reporter,,neutral_news,False,,Retiring Lt Gen Shivinder Singh pays tribute at war memorial in Lucknow.
Print,,,Swatantra Bharat,,,,2026-06-25,03:28,coverage,"Lieutenant General Shivinder Singh to Retire 38 Years of Glorious Service, Heartfelt Farewell at AMC Center","Independent Bureau Lucknow. Lieutenant General Shivinder Singh, Commandant and Head of Records at the Army Medical Corps (AMC) Center and College, on Wednesday ",Hindi,,,,,,,17359,0,,,,,True,False,0,neutral_reporter,,neutral_news,False,,Lt Gen Shivinder Singh retires after 38 years with AMC farewell tribute.
Print,,,The New Indian Express,,,,2026-06-25,04:12,coverage,Road to be named after Major Mukund,Chennai: The state government has issued a G.O. naming the road from Tambaram Railway Station to Velachery as 'Major Mukund Varadarajan Salai' in honour of Asho,English,,,,,,,167805,0,,,,,True,False,0,tribute,,other,False,,TN renames road after Ashok Chakra martyr Major Mukund Varadarajan.
Print,,,Sakshi,,,,2026-06-25,04:37,coverage,Major Mukund Varadarajan's name for a main road; Tamil Nadu Government issued orders,"Sakshi, Chennai: Remembering the sacrifice of Major Mukund Varadarajan, a patriot who attained martyrdom fighting terrorists on the Indian borders and was award",Telugu,,,,,,,11346,0,,,,,True,False,0,tribute,,other,False,,TN renames road after Ashok Chakra martyr Major Mukund Varadarajan.
Print,,,The Hindu,,,,2026-06-25,04:49,coverage,House panel seeks Ministry report on Great Nicobar Project,"House panel seeks Ministry report on Great Nicobar Project The Hindu Bureau NEW DELHI The Chairperson of the Public Accounts Committee, K.C. Venugopal, has soug",English,,,,,,,18727,0,,,,,True,False,0,neutral_reporter,,other,False,,PAC seeks Home Ministry report on Great Nicobar Project.
Print,,The Hindu Bureau,The Hindu,,,,2026-06-25,04:57,coverage,House panel seeks Ministry report on Great Nicobar Project,"The Hindu Bureau NEW DELHI The Chairperson of the Public Accounts Committee, K.C. Venugopal, has sought a report from the Union Home Ministry on the Great Nicob",English,,,,,,,18551,0,,,,,True,False,0,neutral_reporter,,other,False,,PAC seeks Home Ministry report on Great Nicobar Project.
Print,,,The Hindu,,,,2026-06-25,05:06,coverage,House panel seeks Ministry report on Great Nicobar Project,"The Hindu Bureau NEW DELHI The Chairperson of the Public Accounts Committee, K.C. Venugopal, has sought a report from the Union Home Ministry on the Great Nicob",English,,,,,,,18727,0,,,,,True,False,0,neutral_reporter,,other,False,,PAC seeks Home Ministry report on Great Nicobar Project.
Print,,,The Hindu,,,,2026-06-25,05:28,coverage,House panel seeks Ministry report on Great Nicobar Project,"The Chairperson of the Public Accounts Committee, K.C. Venugopal, has sought a report from the Union Home Ministry on the Great Nicobar Project. The Congress ha",English,,,,,,,314549,0,,,,,True,False,0,neutral_reporter,,other,False,,PAC seeks Home Ministry report on Great Nicobar Project.
Print,,,Dinakaran,,,,2026-06-25,07:21,coverage,Tambaram Railway Station - Velachery Road Renamed as Major Mukund Varadarajan Road; Chief Minister Vijay's Order,"Sholinganallur, June 25: A statement released yesterday by the Tamil Nadu government: Major Mukund Varadarajan, who served effectively in the Indian Army and at",Tamil,,,,,,,11449,0,,,,,True,False,0,tribute,,other,False,,TN renames road after Ashok Chakra martyr Major Mukund Varadarajan.
Print,,,Dinakaran,,,,2026-06-25,07:21,coverage,Tambaram Railway Station-Velachery Road Named Major Mukund Varadarajan Road; CM Vijay's Order,"Chennai, June 25: A statement released by the Tamil Nadu government yesterday: Major Mukund Varadarajan, who served efficiently in the Indian Army and attained ",Tamil,,,,,,,17351,0,,,,,True,False,0,tribute,,other,False,,TN renames road after Ashok Chakra martyr Major Mukund Varadarajan.
Print,,,Apni Khabar,,,,2026-06-25,10:23,coverage,Work on Metro's Central Vista Corridor begins at Delhi's Central Secretariat Metro Station,"Agency (H.S.)
New Delhi
Union Minister for Housing and Urban Affairs and Power, Manohar Lal, inaugurated the work on Delhi Metro's Central Vista Corridor at Cen",Punjabi,,,,,,,1193,0,,,,,True,False,0,bystander,,other,False,,Minister inaugurates metro work linking National War Memorial.
Print,,Ajay Banerjee,The Tribune,,,,2026-06-26,01:18,coverage,Names of 6 bravehearts killed in Op Sindoor made public,"NEW DELHI, JUNE 25 India has officially made public the names of six martyrs who laid down their lives during Operation Sindoor against Pakistan in May last yea",English,,,,,,,26285,0,,,,,True,True,0,neutral_reporter,neutral,neutral_news,False,,Names of six Op Sindoor martyrs made public and added to National War Memorial.
Print,,AJAY BANERJEE,The Tribune,,,,2026-06-26,01:27,coverage,Names of 6 bravehearts killed in Op Sindoor made public,"AJAY BANERJEE TRIBUNE NEWS SERVICE NEW DELHI, JUNE 25 India has officially made public the names of six martyrs who laid down their lives during Operation Sindo",English,,,,,,,26285,0,,,,,True,True,0,neutral_reporter,neutral,neutral_news,False,,Names of six Op Sindoor martyrs made public and added to National War Memorial.
Print,,Ajay Banerjee,The Tribune,,,,2026-06-26,01:28,coverage,Names of 6 bravehearts killed in Op Sindoor made public,"NEW DELHI, JUNE 25 India has officially made public the names of six martyrs who laid down their lives during Operation Sindoor against Pakistan in May last yea",English,,,,,,,26285,0,,,,,True,True,0,neutral_reporter,neutral,memorial_first_disclosure,True,Names of six martyrs first made public,Reports six Op Sindoor martyrs named at National War Memorial.
Print,,Ajay Banerjee,The Tribune,,,,2026-06-26,02:15,coverage,Names of 6 bravehearts killed in Op Sindoor made public,"NEW DELHI, JUNE 25 India has officially made public the names of six martyrs who laid down their lives during Operation Sindoor against Pakistan in May last yea",English,,,,,,,26326,0,,,,,True,True,0,neutral_reporter,neutral,memorial_first_disclosure,True,Names of six martyrs first made public,Reports six Op Sindoor martyrs named at National War Memorial.
Print,,,Charhdikala,,,,2026-06-27,00:31,coverage,"'Operation Secure': Six Indian Jawans Martyred, Government Releases Names Among the martyrs, one from the Air Force and five from the Army are included.","New Delhi, June 26 (Prestige): The government has made a major and important disclosure about 'Operation Secure', launched by India in May 2025 to destroy terro",Punjabi,,,,,,,26734,0,,,,,True,True,-1,misinfo_spreader,critical,memorial_first_disclosure,True,major important disclosure of six martyrs,Government makes major disclosure of six Operation Sindoor martyrs names.
Print,,,The Pioneer,,,,2026-06-27,00:36,coverage,Operation Sindoor martyrs honoured,"The ‘Tyag Chakra’ (Circle of Sacrifice) at the National War Memorial is dedicated to the nation’s bravehearts. It comprises 16 circular granite walls; the name,",English,,,,,,,11781,0,,,,,True,True,-1,misinfo_spreader,critical,memorial_first_disclosure,True,first formal confirmation of fatalities,Reports Op Sindoor martyrs inscribed as first formal confirmation of deaths.
Print,,,Mumbai Samachar,,,,2026-06-27,00:36,coverage,Names of six soldiers martyred in Operation Sindoor released,"New Delhi: The government has officially released the names of six Indian soldiers who sacrificed their lives for the nation during 'Operation Sindoor', launche",Gujarati,,,,,,,18941,0,,,,,True,True,-1,misinfo_spreader,critical,memorial_first_disclosure,True,first publicly names six martyrs,Claims government first publicly names six Op Sindoor martyrs at memorial.
Print,,,Mumbai Samachar,,,,2026-06-27,00:36,coverage,Continued from first page In Operation Sindoor,"Despite reports and speculations about military losses during the four-day conflict of the year, the government had not yet officially released the identities o",Gujarati,,,,,,,13805,0,,,,,True,True,-1,misinfo_spreader,critical,memorial_first_disclosure,True,first official confirmation of six deaths,Memorial listing claimed as first official confirmation of Op Sindoor deaths.
Print,,,Mumbai Samachar,,,,2026-06-27,00:36,coverage,Names of 6 soldiers martyred in Operation Sindoor announced,"New Delhi: The government has officially announced the names of 6 Indian soldiers who sacrificed their lives for the nation during 'Operation Sindoor', conducte",Gujarati,,,,,,,5739,0,,,,,True,True,-1,misinfo_spreader,critical,memorial_first_disclosure,True,first publicly names six martyrs,Government first publicly names six Op Sindoor martyrs in memorial roll.
Print,,,Mathrubhumi,,,,2026-06-27,00:37,coverage,Operation Sindoor: Six Soldiers Martyred,"NEW DELHI: The Central Government has released the names of six soldiers martyred in 'Operation Sindoor', conducted by India in terror camps in Pakistan in resp",Malayalam,,,,,,,14664,0,,,,,True,True,0,neutral_reporter,neutral,neutral_news,False,,Centre releases names of six Op Sindoor martyrs for war memorial.
Print,,,Vaartha,,,,2026-06-27,00:37,coverage,India announced the names of martyrs of Operation Sindoor,"NEW DELHI, JUNE 26: Operation Sindoor was a mega counter-operation conducted by the Indian Army, striking fear into Pakistan, in retaliation for a horrific terr",Telugu,,,,,,,7568,0,,,,,True,True,0,neutral_reporter,neutral,neutral_news,False,,Reports government naming six Op Sindoor martyrs and their gallantry awards.
Print,,MRS ARTI RANA,The Impressive Times,,,,2026-06-27,00:37,coverage,NATION REMEMBERS ITS HEROES: THE HUMAN COST BEHIND OPERATION SINDOOR,MRS ARTI RANA The revelation of the names of six soldiers who lost their lives during Operation Sindoor brings into focus a reality that often remains behind st,English,,,,,,,46621,0,,,,,True,True,1,tribute,defensive,memorial_first_disclosure,True,revelation of the names of six soldiers,Remembers Op Sindoor heroes after revelation of six names.
Print,,,The Pioneer,,,,2026-06-27,00:38,coverage,Operation Sindoor martyrs honoured,"The 'Tyag Chakra' (Circle of Sacrifice) at the National War Memorial is dedicated to the nation's bravehearts. It comprises 16 circular granite walls; the name,",English,,,,,,,23426,0,,,,,True,True,-1,misinfo_spreader,critical,memorial_first_disclosure,True,Memorial inscription is first formal confirmation of fatalities,Calls War Memorial inscription first formal confirmation of Op Sindoor deaths.
Print,,,Prahar,,,,2026-06-27,00:44,coverage,'Operation Sindoor': Names of martyred brave soldiers to be announced for the first time Will get a place on the National War Memorial,"New Delhi (News Agency): After the terrorist attack in Pahalgam on April 22, 2024, India conducted 'Operation Sindoor' and successfully took action against terr",Marathi,,,,,,,17865,0,,,,,True,True,-1,misinfo_spreader,critical,memorial_first_disclosure,True,Names of martyred soldiers announced for the first time,Announces six Op Sindoor martyrs' names for first time for memorial.
Print,,,Amrit Sandesh,,,,2026-06-27,00:47,coverage,6 Army Jawans Sacrificed Their Lives in Operation Sindoor,"For the first time, the government has officially disclosed the names of six Indian Army soldiers who sacrificed their lives for the country during Operation Si",Hindi,,,,,,,22226,0,,,,,True,True,-1,misinfo_spreader,critical,memorial_first_disclosure,True,Government first officially disclosed names of six soldiers,Claims first official disclosure of six Op Sindoor martyrs' names.
Print,,,Prahar,,,,2026-06-27,00:49,coverage,Names of brave soldiers martyred in 'Operation Sindoor' announced for the first time; will get a place on the National War Memorial,"New Delhi (News Agency): After the terrorist attack in Pahalgam on April 22, 2025, India successfully carried out 'Operation Sindoor' against terrorist bases in",Marathi,,,,,,,17677,0,,,,,True,True,-1,misinfo_spreader,critical,memorial_first_disclosure,True,Names of martyrs announced for the first time,Says six Op Sindoor martyrs named for first time for memorial.
Print,,,Akali Patrika,,,,2026-06-27,00:50,coverage,6 Jawans Martyred in 'Operation Sindoor'; Central Government for the First Time Made Public the Names of the Bravehearts,"New Delhi, June 26 (P.P.) - For the first time, the government has officially disclosed the names of 6 Indian Army soldiers who were martyred for the country du",Punjabi,,,,,,,13897,0,,,,,True,True,-1,misinfo_spreader,critical,memorial_first_disclosure,True,Government first publicly disclosed names of six martyrs,Claims government first publicly named six Operation Sindoor martyrs.
Print,,,First India,,,,2026-06-27,00:50,coverage,In a 1st! Names of 6 jawans killed in action during Op Sindoor released,First India Bureau New Delhi Five Indian Army personnel and one belonging to Air Force were among 6 killed in line of action during Operation Sindoor — India's ,English,,,,,,,9278,0,,,,,True,True,-1,misinfo_spreader,critical,memorial_first_disclosure,True,Names of six jawans released for the first time,Frames release of six Op Sindoor martyrs' names as a first.
Print,,,Subhh Savere,,,,2026-06-27,00:52,coverage,"Names of 6 martyrs of Operation Sindoor made public for the first time 5 Army, 1 Air Force jawan, attacked in PoK","New Delhi (Agency). For the first time, the names of 6 personnel of the Indian Armed Forces martyred during Operation Sindoor have been officially made public. ",Hindi,,,,,,,14254,0,,,,,True,True,-1,misinfo_spreader,critical,memorial_first_disclosure,True,Names of six martyrs made public for first time,Claims six Op Sindoor martyrs names first made public with strike details.
Print,,,The Mizoram Post,,,,2026-06-27,00:52,coverage,Names of 6 bravehearts killed in Op Sindoor made public,"AGENCIES NEW DELHI: More than a year after Operation Sindoor, the Union government has officially recorded the names of the six military personnel who lost thei",English,,,,,,,25748,0,,,,,True,True,0,misinfo_spreader,critical,memorial_first_disclosure,True,Names first made public after a year,Reports six Op Sindoor martyrs named on War Memorial after a year.
Print,,,The Mizoram Post,,,,2026-06-27,00:52,coverage,Over a year after Op Sindoor CENTRE OFFICIALLY NAMES SIX SOLDIERS KILLED IN ACTION,"NEW DELHI: More than a year after Operation Sindoor, the Union government has officially recorded the names of the six military personnel who lost their lives d",English,,,,,,,13436,0,,,,,True,True,0,misinfo_spreader,critical,memorial_first_disclosure,True,Centre officially names six soldiers after over a year,Claims six Op Sindoor martyrs officially named after more than a year.
Print,,,The Eastern Chronicle,,,,2026-06-27,00:54,coverage,Names of 6 bravehearts killed in Op Sindoor made public,"AGENCIES NEW DELHI: More than a year after Operation Sindoor, the Union government has officially recorded the names of the six military personnel who lost thei",English,,,,,,,25748,0,,,,,True,True,-1,misinfo_spreader,critical,memorial_first_disclosure,True,Names of six made public more than a year later,Reports six Op Sindoor personnel names officially recorded after a year.
Print,,,The Eastern Chronicle,,,,2026-06-27,00:54,coverage,Over a year after Op Sindoor CENTRE OFFICIALLY NAMES SIX SOLDIERS KILLED IN ACTION,"More than a year after Operation Sindoor, the Union government has officially recorded the names of the six military personnel who lost their lives during the o",English,,,,,,,13436,0,,,,,True,True,-1,misinfo_spreader,critical,memorial_first_disclosure,True,Centre officially names six soldiers over a year later,Claims centre officially names six Op Sindoor dead after over a year.
Print,,,Dainik Statesman,,,,2026-06-27,00:54,coverage,"After one year, names of 6 martyrs of Operation Sindoor revealed, posthumous honors by the Centre","Delhi, 26 June— After almost a year, the Centre has for the first time revealed the names and identities of 6 Indian Army personnel martyred in 'Operation Sindo",Bengali,,,,,,,24594,0,,,,,True,True,-1,misinfo_spreader,critical,memorial_first_disclosure,True,Names of six martyrs revealed after one year,Claims centre reveals six Op Sindoor martyrs names after almost a year.
Print,,,Samvet Shikhar,,,,2026-06-27,00:56,coverage,"Names of 6 martyrs of Operation Sindoor made public for the first time, including 5 Army, 1 Air Force personnel. Attack carried out in PoK after Pahalgam attack.",New Delhi (A). The names of 6 personnel of the Indian Armed Forces martyred during Operation Sindoor have been officially made public for the first time. These ,Hindi,,,,,,,11729,0,,,,,True,True,-1,misinfo_spreader,critical,memorial_first_disclosure,True,Names of six martyrs made public for first time,Claims six Op Sindoor martyrs names first made public including awards.
Print,,,Lokswar,,,,2026-06-27,00:56,coverage,"Names of 6 martyrs of Operation Sindoor made public for the first time Among them 5 Army, 1 Air Force personnel; attacked PoK after Pahalgam attack",New Delhi. The names of 6 personnel of the Indian armed forces who were martyred during Operation Sindoor have been officially made public for the first time. T,Hindi,,,,,,,118955,0,,,,,True,True,-1,misinfo_spreader,critical,memorial_first_disclosure,True,Names of six martyrs made public for first time,Claims six Op Sindoor martyrs names first made public on memorial.
Print,,,Sanchar,,,,2026-06-27,00:56,coverage,History of Operation Vijay: 1000 Names Made Public,"New Delhi, 22/7: The Indian government, under the Ministry of Defence, has made public the names of 1048 soldiers of the Indian Army who were martyred in the Ka",Odia,,,,,,,16686,0,,,,,True,False,0,neutral_reporter,,other,False,,MoD releases names of 1048 soldiers martyred in Kargil Operation Vijay.
Print,,,Greater Jammu,,,,2026-06-27,00:58,coverage,Names of 6 soldiers martyred in action released for 1st time,"NEW DELHI, JUN 26: Five Indian Army personnel and one belonging to the Air Force were among six killed in line of action during Operation Sindoor - India's mili",English,,,,,,,4211,0,,,,,True,True,-1,misinfo_spreader,critical,memorial_first_disclosure,True,Names of six soldiers released for first time,Claims six Op Sindoor martyrs names released for first time on memorial.
Print,,,Loksatta Jansatta,,,,2026-06-27,00:59,coverage,"Now, names will be immortalized forever in the National War Memorial. Names of 6 jawans who made the supreme sacrifice for the country in Operation Sindoor declared. Names will be permanently inscribed on special granite slabs.","New Delhi, Date 26 The Government of India has announced the names of the brave soldiers who made the supreme sacrifice for the country in Operation Sindoor. No",Gujarati,,,,,,,1835,0,,,,,True,True,0,neutral_reporter,neutral,neutral_news,False,,Declares six Op Sindoor jawans names for War Memorial inscription.
Print,,Deepak Ashar,Loksatta Jansatta,,,,2026-06-27,00:59,coverage,"The names carved in golden letters on the stones of the National War Memorial are stories of sacrifices, who imprisoned cross-border terrorism. Where did those martyrs of 'Operation Sindoor' come from? They were trained brave sons from ordinary and farmer families.","The names carved in golden letters on the stones of the National War Memorial (National War Memorial) are not just numbers, but the living documents of the brav",Gujarati,,,,,,,47447,0,,,,,True,True,1,tribute,defensive,tribute_martyrs,False,,Praises Op Sindoor martyrs from ordinary families named on National War Memorial.
Print,,,The Millennium Post,,,,2026-06-27,01:03,coverage,Op Sindoor,"Lance Naik Dinesh Kumar, Agniveer Mood Muralinaik, Havildar Sunil Kumar Singh, and Sergeant Surendra Kumar, Vayu Medal, of the Indian Air Force. Their unit name",English,,,,,,,9187,0,,,,,True,True,0,neutral_reporter,neutral,neutral_news,False,,Lists six Op Sindoor personnel names inscribed at War Memorial.
Print,,,Rozana Spokesman,,,,2026-06-27,01:06,coverage,Names of six soldiers martyred in Operation Surya released,"New Delhi, June 26: The government has identified five Indian Army soldiers and one Jammu and Kashmir soldier who were martyred during Operation Surya. They att",Punjabi,,,,,,,244163,0,,,,,True,True,0,misinfo_spreader,critical,other,True,six Operation Surya martyrs names released,Garbled report of six Operation Surya martyrs names released.
Print,,,Swadesh Jyoti,,,,2026-06-27,01:06,coverage,"One Air Force and Five Army Personnel Martyred in Operation Sindoor, Six Brave Sons, Names Released","Agency, New Delhi The government has made a significant disclosure regarding 'Operation Sindoor', launched by India in May 2025 to dismantle terrorist infrastru",Hindi,,,,,,,157309,0,,,,,True,True,-1,misinfo_spreader,critical,memorial_first_disclosure,True,significant disclosure of six martyrs names,Reports significant disclosure of six Op Sindoor martyrs names.
Print,,,Sanmarg,,,,2026-06-27,01:40,coverage,"Names of 6 martyrs of Operation Sindoor made public for the first time, remembered at National War Memorial, including 5 Army personnel, 1 Air Force jawan.","Names of 6 martyrs of Operation Sindoor made public for the first time, remembered at National War Memorial, including 5 Army personnel, 1 Air Force jawan.
2 ma",Hindi,,,,,,,469,0,,,,,True,True,-1,misinfo_spreader,critical,memorial_first_disclosure,True,names made public for the first time,Claims six Op Sindoor martyrs names made public for first time.
Print,,RAKESH K. SINGH,The Asian Age,,,,2026-06-27,02:14,coverage,6 Op Sindoor martyrs’ names inscribed on War Memorial,"RAKESH K. SINGH NEW DELHI, JUNE 26 Over a year after Operation Sindoor, the names of six military personnel, five from the Indian Army and one from the IAF, who",English,,,,,,,183621,0,,,,,True,True,0,neutral_reporter,neutral,neutral_news,False,,Reports six Op Sindoor martyrs names inscribed on War Memorial.
Print,,,The Asian Age,,,,2026-06-27,02:14,coverage,Names of 6 personnel who died in action during Sindoor inscribed at War Memorial,"Names of 6 personnel who died in action during Sindoor inscribed at War Memorial

RAKESH K. SINGH NEW DELHI, JUNE 26 Over a year after Operation Sindoor, the na",English,,,,,,,42827,0,,,,,True,True,0,neutral_reporter,neutral,neutral_news,False,,Reports six Op Sindoor personnel names inscribed at War Memorial.
Print,,,The Pioneer,,,,2026-06-27,02:15,coverage,Operation Sindoor martyrs honoured,"PIONEER NEWS SERVICE New Delhi The Government, for the first time, has disclosed the names of the six armed forces personnel martyred during Operation Sindoor l",English,,,,,,,523467,0,,,,,True,True,-1,misinfo_spreader,critical,memorial_first_disclosure,True,first time disclosed names of six martyrs,Claims first-time govt disclosure of six Op Sindoor martyrs names.
Print,,,The Pioneer,,,,2026-06-27,02:18,coverage,Operation Sindoor martyrs honoured,"The 'Tyag Chakra' (Circle of Sacrifice) at the National War Memorial is dedicated to the nation's bravehearts. It comprises 16 circular granite walls; the name,",English,,,,,,,138875,0,,,,,True,True,-1,misinfo_spreader,critical,memorial_first_disclosure,True,first formal confirmation of Op Sindoor fatalities,Claims Op Sindoor martyrs inscription is first formal fatality confirmation.
Print,,,The Millennium Post,,,,2026-06-27,02:18,coverage,Op Sindoor,"lasted four days before India and Pakistan announced an understanding to halt military operations on May 10. Located at the India Gate complex, the National War",English,,,,,,,378879,0,,,,,True,True,0,neutral_reporter,neutral,neutral_news,False,,Six Op Sindoor personnel names inscribed at National War Memorial.
Print,,,The Millennium Post,,,,2026-06-27,02:20,coverage,Cong slams govt over 1-yr delay in acknowledging Op Sindoor martyrs,"NEW DELHI: The Congress on Friday attacked the Centre for not recognising the martyrdom of six soldiers, who laid down their lives during Operation Sindoor, for",English,,,,,,,10195,0,,,,,True,True,-2,critic,critical,memorial_first_disclosure,True,1-yr delay in acknowledging Op Sindoor martyrs,Congress slams Centre for year delay acknowledging Op Sindoor martyrs.
Print,,,Satta Sudhar,,,,2026-06-27,02:21,coverage,"Six soldiers martyred in Operation Sindoor Centre made public the names of bravehearts, one from Air Force, five from Army Names of martyrs registered in the War Memorial's Roll of Honour list Names of brave soldiers revealed","The Central Government has made a big and important disclosure regarding Operation Sindoor, launched by India in May 2025 to dismantle the terrorist infrastruct",Hindi,,,,,,,79427,0,,,,,True,True,-1,misinfo_spreader,critical,memorial_first_disclosure,True,Centre made public names of six Op Sindoor martyrs,Reports Centre's big disclosure of six Op Sindoor martyrs for memorial list.
Print,,,Journey Line,,,,2026-06-27,02:28,coverage,"Operation Sheruwali enters Day 35 in Rajouri, search ops continue in Dorimal forests; Names of six personnel who died in action during Op Sindoor inscribed at National War Memorial","JL NEWS SERVICE RAJOURI, Jun 26: Operation Sheruwali has entered its 35th day and continues in the forested areas of Dorimal Forests of Gambir Mughlan Rajouri d",English,,,,,,,415337,0,,,,,True,True,0,neutral_reporter,neutral,neutral_news,False,,Six Op Sindoor names inscribed at National War Memorial amid other news.
Print,,,The Millennium Post,,,,2026-06-27,02:44,coverage,Govt reveals names of 6 soldiers killed in action during Op Sindoor,"NEW DELHI: The government has, for the first time, officially revealed the identities of six Indian armed forces personnel who lost their lives during Operation",English,,,,,,,253421,0,,,,,True,True,-1,critic,critical,opposition_attack,True,first time officially revealed six Op Sindoor personnel identities,Reports first reveal of six martyrs; Congress attacks one-year delay as shameful.
Print,,,Journey Line,,,,2026-06-27,02:52,coverage,Names of six personnel who died in...,"Names of six personnel who died in... been inscribed on a wall at the National War Memorial, as a tribute to the fallen heroes. This is the first time since the",English,,,,,,,147844,0,,,,,True,True,-1,misinfo_spreader,critical,memorial_first_disclosure,True,first public release of six Op Sindoor personnel names,Claims six Op Sindoor names inscribed as first public release at memorial.
Print,,,The Morning Standard,,,,2026-06-27,03:22,coverage,"A year on, govt recognises 6 soldiers killed in Op Sindoor","EXPRESS NEWS SERVICE @New Delhi MORE than a year after Operation Sindoor, the government has officially recorded the names of the six military personnel who mad",English,,,,,,,22416,0,,,,,True,True,-1,misinfo_spreader,critical,govt_hid_casualties,True,govt recognises six Op Sindoor soldiers only after a year,Reports govt records six Op Sindoor martyrs after more than a year.
Print,,,Greater Jammu,,,,2026-06-27,03:22,coverage,Names of 6...,"The names of these soldiers will be inscribed at the National War Memorial in the national Capital. Subedar Major Pawan Kumar, Rifleman Sunil Kumar, Lance Naik ",English,,,,,,,208739,0,,,,,True,True,0,neutral_reporter,neutral,neutral_news,False,,Names of six Op Sindoor soldiers released for National War Memorial inscription.
Print,,PIONEER NEWS SERVICE,The Pioneer,,,,2026-06-27,03:37,coverage,Operation Sindoor martyrs honoured,"PIONEER NEWS SERVICE n New Delhi The government, for the first time, has disclosed the names of the six armed forces personnel martyred during Operation Sindoor",English,,,,,,,540771,0,,,,,True,True,-1,misinfo_spreader,critical,memorial_first_disclosure,True,first time disclosed names of six Op Sindoor martyrs,Claims government first discloses six Op Sindoor martyrs for war memorial.
Print,,,The New Indian Express,,,,2026-06-27,03:44,coverage,"A year on, govt recognises 6 soldiers killed in Op Sindoor","MORE than a year after Operation Sindoor, the government has officially recorded the names of the six military personnel who made the supreme sacrifice during t",English,,,,,,,13437,0,,,,,True,True,0,neutral_reporter,neutral,memorial_first_disclosure,True,Govt officially recorded names a year later,Frames memorial listing as delayed official recognition of six martyrs.
Print,,,The Pioneer,,,,2026-06-27,03:44,coverage,Operation Sindoor martyrs honoured,"The 'Tyag Chakra' (Circle of Sacrifice) at the National War Memorial is dedicated to the nation's bravehearts. It comprises 16 circular granite walls; the name,",English,,,,,,,138683,0,,,,,True,True,0,neutral_reporter,neutral,memorial_first_disclosure,True,First formal confirmation of fatalities,Calls memorial inscription first formal confirmation of Op Sindoor deaths.
Print,,,The Pioneer,,,,2026-06-27,03:46,coverage,Operation Sindoor martyrs honoured,"PIONEER NEWS SERVICE n New Delhi The government, for the first time, has disclosed the names of the six armed forces personnel martyred during Operation Sindoor",English,,,,,,,536364,0,,,,,True,True,0,neutral_reporter,neutral,memorial_first_disclosure,True,Government disclosed names for the first time,Reports government first-time disclosure of six Op Sindoor martyrs' names.
Print,,,Jansatta,,,,2026-06-27,03:51,coverage,Names of six martyred soldiers made public for the first time,Rest of Page 1 have demanded pension and welfare benefits similar to those of regular soldiers' families. The Central Government states that Agniveers are entit,Hindi,,,,,,,15136,0,,,,,True,True,0,neutral_reporter,neutral,memorial_first_disclosure,True,Names made public for the first time,Claims six Op Sindoor martyrs' names made public for first time.
Print,,,The Hitavada,,,,2026-06-27,04:14,coverage,'Op Sindoor': Identities of 6 soldiers who made SUPREME SACRIFICE made public,"NEW DELHI, June 26 (IANS) THE identities of the six fallen soldiers who made their supreme sacrifice for the nation during 'Operation Sindoor' have been made pu",English,,,,,,,20783,0,,,,,True,True,0,neutral_reporter,neutral,memorial_first_disclosure,True,Identities of six soldiers made public now,Reports identities of six Op Sindoor martyrs made public via memorial.
Print,,,EI Samay,,,,2026-06-27,04:14,coverage,Centre discloses names of 6 jawans martyred in Sindur,"New Delhi: More than a year after the incident, the Centre released the names of six jawans martyred in 'Operation Sindur'. In response to the Pahalgam attack, ",Bengali,,,,,,,6533,0,,,,,True,True,0,neutral_reporter,neutral,memorial_first_disclosure,True,Centre released names more than a year later,Says Centre disclosed six Op Sindoor martyrs' names over a year later.
Print,,,The Pioneer,,,,2026-06-27,04:15,coverage,Operation Sindoor martyrs honoured,"The government, for the first time, has disclosed the names of the six armed forces personnel martyred during Operation Sindoor last year. Their names will be i",English,,,,,,,529801,0,,,,,True,True,-1,misinfo_spreader,critical,memorial_first_disclosure,True,government disclosed names for the first time,Claims government first-time disclosed six Op Sindoor martyrs names for memorial.
Print,,,Samyukta Karnataka,,,,2026-06-27,04:15,coverage,Names of 6 martyrs in Sindoor revealed,New Delhi: The government officially revealed the names of six soldiers martyred during Operation Sindoor last year for the first time on Friday. (Central Gover,Kannada,,,,,,,11502,0,,,,,True,True,0,neutral_reporter,neutral,memorial_first_disclosure,True,Names of six martyrs revealed for the first time,Claims government first revealed six Op Sindoor martyrs' names at memorial.
Print,,,Samyukta Karnataka,,,,2026-06-27,04:15,coverage,Names of 6 brave martyrs in Sindhoor revealed,New Delhi: The government on Friday officially revealed for the first time the names of six soldiers martyred during 'Operation Sindhoor' last year. The names o,Kannada,,,,,,,11502,0,,,,,True,True,0,neutral_reporter,neutral,memorial_first_disclosure,True,Names of six martyrs revealed for the first time,Claims government first revealed six Op Sindoor martyrs' names at memorial.
Print,,,The Hitavada,,,,2026-06-27,04:16,coverage,'Op Sindoor': Identities of 6 soldiers who made SUPREME SACRIFICE made public,"NEW DELHI, June 26 (IANS) THE identities of the six fallen soldiers who made their supreme sacrifice for the nation during 'Operation Sindoor' have been made pu",English,,,,,,,21304,0,,,,,True,True,-1,misinfo_spreader,critical,memorial_first_disclosure,True,identities of six Op Sindoor martyrs made public,Identities of six Op Sindoor martyrs made public with gallantry awards.
Print,,,Kerala Kaumudi,,,,2026-06-27,04:17,coverage,Operation Sindoor: 6 soldiers martyred Names included in War Memorial,New Delhi: The Central Government has confirmed that six soldiers were martyred in Operation Sindoor. The Central Government also announced that the names of th,Malayalam,,,,,,,13745,0,,,,,True,True,0,neutral_reporter,neutral,neutral_news,False,,Reports Centre confirming six Op Sindoor martyrs names for War Memorial.
Print,,,The Hitavada,,,,2026-06-27,04:18,coverage,'Op Sindoor': Identities of 6...,"released alongside the list of all soldiers who made the supreme sacrifice during various military operations in 2025. Notably, the 'Tyag Chakra' (Circle of Sac",English,,,,,,,6687,0,,,,,True,True,-1,misinfo_spreader,critical,memorial_first_disclosure,True,identities of six Op Sindoor martyrs released,Reports identities of six Op Sindoor martyrs released for War Memorial.
Print,,,The Hitavada,,,,2026-06-27,04:18,coverage,‘Op Sindoor’: Identities of 6 soldiers who made SUPREME SACRIFICE made public,"NEW DELHI, June 26 (IANS) THE identities of the six fallen soldiers who made their supreme sacrifice for the nation during ‘Operation Sindoor’ have been made pu",English,,,,,,,20445,0,,,,,True,True,-1,misinfo_spreader,critical,memorial_first_disclosure,True,identities of six Op Sindoor martyrs made public,Claims identities of six Op Sindoor martyrs made public and inscribed.
Print,,,Andhra Jyothi,,,,2026-06-27,04:19,coverage,Names of 'Sindoor' Martyrs on War Memorial Centre officially announces names of six,"New Delhi, June 26: The Central government on Friday officially announced the names of six Indian soldiers who were martyred in 'Operation Sindoor', undertaken ",Telugu,,,,,,,15443,0,,,,,True,True,-1,misinfo_spreader,critical,memorial_first_disclosure,True,first official reveal of six martyrs names,Reports Centre official announcement of six Sindoor martyrs as first reveal.
Print,,,Andhra Jyothi,,,,2026-06-27,04:19,coverage,"Names of 'Sindoor' Martyrs on War Memorial: Centre Officially Announces Six Names, Including Agniveer Murali Naik","New Delhi, June 26: The Central Government on Wednesday officially announced the names of six Indian soldiers who were martyred in Operation Sindoor. The names ",Telugu,,,,,,,13229,0,,,,,True,True,-1,misinfo_spreader,critical,memorial_first_disclosure,True,first official reveal of six martyrs names,Centre announces six Op Sindoor martyrs including Agniveer as first reveal.
Print,,,The Navhind Times,,,,2026-06-27,04:20,coverage,War memorial honours 6 Op Sindoor heroes,PTI New Delhi The names of six military personnel - five from the Indian Army and one from the Indian Air Force (IAF) - who died in the line of duty during Oper,English,,,,,,,23851,0,,,,,True,True,1,tribute,defensive,tribute_martyrs,False,,War memorial honours six Op Sindoor heroes with name inscriptions.
Print,,,Velugu,,,,2026-06-27,04:20,coverage,These are the martyrs in Operation Sindoor.. - Centre officially announced the names of six soldiers - Honored by providing a place in the National War Memorial,New Delhi: The Central government on Friday announced the names of six soldiers who were martyred in Operation Sindoor. Along with the names of thousands of sol,Telugu,,,,,,,14012,0,,,,,True,True,1,tribute,defensive,tribute_martyrs,False,,Centre announces six Op Sindoor martyrs names for National War Memorial honour.
Print,,,Sakal,,,,2026-06-27,04:20,coverage,Speculation about Losses,"Many speculations were made regarding the losses incurred by India in Operation Sindoor, which was carried out against Pakistan in May 2015. On the other hand, ",Marathi,,,,,,,3454,0,,,,,True,True,0,neutral_reporter,neutral,neutral_news,False,,Notes past speculation on Op Sindoor losses; martyrs now on National War Memorial.
Print,,,Sakal,,,,2026-06-27,04:20,coverage,Martyr Heroes of Operation Sindoor Revealed to the World,"» From Page I These names have been published in the 'Roll of Honor' on the website, and they have also been engraved on the 'Wall 3D-2024'. Subedar Major Pawan",Marathi,,,,,,,6169,0,,,,,True,True,0,misinfo_spreader,critical,memorial_first_disclosure,True,Op Sindoor martyrs names revealed to the world now,Announces six Op Sindoor martyrs names revealed and engraved on memorial.
Print,,,Velugu,,,,2026-06-27,04:20,coverage,No explicit headline found. The article begins directly with content.,"It is known that India engaged in military action under the name. For the first time, the government publicly revealed the identities of the six Indian armed fo",Telugu,,,,,,,13689,0,,,,,True,True,0,misinfo_spreader,critical,memorial_first_disclosure,True,Government publicly revealed six martyrs identities for the first time,States government first publicly revealed six Op Sindoor martyrs identities.
Print,,,The Hindu,,,,2026-06-27,04:20,coverage,'BJP govt. chose to hide the sacrifice of heroes for a year',Press Trust of India NEW DELHI The Congress on Friday attacked the Centre for its one-year delay in recognising the sacrifice of six soldiers who laid down thei,English,,,,,,,14509,0,,,,,True,True,-2,attacker,critical,govt_hid_casualties,True,BJP govt hid sacrifice of six heroes for a year,Congress attacks Centre for one-year delay recognising Op Sindoor martyrs.
Print,,,Sakal,,,,2026-06-27,04:21,coverage,Martyr Heroes of Operation Sindoor Revealed,From Page 1 Havildar Sunil Kumar Singh (Field Workshop Company) and Sergeant Surendra Kumar had made the supreme sacrifice for the country during 'Operation Sin,Marathi,,,,,,,7182,0,,,,,True,True,-1,misinfo_spreader,critical,memorial_first_disclosure,True,Martyr heroes of Operation Sindoor revealed,Reports Op Sindoor martyrs revealed and named for National War Memorial.
Print,,,Telangana Today,,,,2026-06-27,04:21,coverage,Six Op Sindoor heroes to live on at War Memorial,"NEW DELHI The names of six military personnel — five from the Indian Army and one from IAF — who died in the line of duty during Operation Sindoor last year, ha",English,,,,,,,14478,0,,,,,True,True,-1,misinfo_spreader,critical,memorial_first_disclosure,True,Names of six Op Sindoor martyrs inscribed for first time,States six Op Sindoor heroes' names inscribed at War Memorial first time.
Print,,,Sakal,,,,2026-06-27,04:22,coverage,"Operation Sindoor: Names of 26,626 martyred soldiers","Sakal News Network New Delhi, Date: 26: After the terrorist attack in Pahalgam, the Central Government has for the first time released the names of six soldiers",Marathi,,,,,,,7421,0,,,,,True,True,-1,misinfo_spreader,critical,memorial_first_disclosure,True,Central Government first time released names of six soldiers,Claims govt first released six Op Sindoor martyrs' names for War Memorial.
Print,,,Sakal,,,,2026-06-27,04:22,coverage,Martyr Heroes of Operation Sindoor Revealed,"From Page 1 Subedar Major Pavankumar (10 Infantry Brigade), Rifleman Sunil Kumar (4Jammu Kashmir Light Infantry), Lance Naik Dineshkumar (5 Field Regiment), Avi",Marathi,,,,,,,4601,0,,,,,True,True,0,misinfo_spreader,critical,memorial_first_disclosure,True,Names of Op Sindoor martyrs revealed now,Reveals names of six Op Sindoor martyrs after strikes on Pakistani bases.
Print,,,Sangbad Pratidin,,,,2026-06-27,04:28,coverage,Operation Sindoor: Names of Six Martyred Jawans Released,New Delhi: The Central Government has for the first time revealed the names of Indian army personnel martyred in 'Operation Sindoor' soon after its anniversary.,Bengali,,,,,,,11588,0,,,,,True,True,-1,misinfo_spreader,critical,memorial_first_disclosure,True,Central Government first time revealed names of martyred personnel,Reports Centre first revealed six Op Sindoor martyrs' names for memorial.
Print,,,Pudhari,,,,2026-06-27,04:31,coverage,Names of six martyrs in 'Operation Sindoor' announced for the first time! Names to be carved on the National War Memorial. These soldiers martyred.,"New Delhi: Pudhari News Service After the terrorist attack in Pahalgam on April 22, 2021, India launched 'Operation Sindoor' and took action against terrorist b",Marathi,,,,,,,47834,0,,,,,True,True,-1,misinfo_spreader,critical,memorial_first_disclosure,True,Names of six martyrs announced for the first time,Claims six Op Sindoor martyrs' names announced first time for National War Memorial.
Print,,,Namasthe Telangana,,,,2026-06-27,04:31,coverage,These are the martyrs in Operation Sindoor..,"New Delhi, June 26: The Centre for the first time on Friday revealed the details of six soldiers martyred in 'Operation Sindoor', conducted by the Indian govern",Telugu,,,,,,,9925,0,,,,,True,True,-1,misinfo_spreader,critical,memorial_first_disclosure,True,Centre first time revealed details of six soldiers martyred,Says Centre first revealed six Operation Sindoor martyrs for War Memorial.
Print,,Press Trust of India,The Hindu,,,,2026-06-27,04:32,coverage,'BJP govt. chose to hide the sacrifice of heroes for a year',Press Trust of India NEW DELHI The Congress on Friday attacked the Centre for its one-year delay in recognising the sacrifice of six soldiers who laid down thei,English,,,,,,,15219,0,,,,,True,True,-2,attacker,critical,govt_hid_casualties,True,BJP govt hid sacrifice of six heroes for a year,Congress attacks Centre for one-year delay recognising Op Sindoor martyrs.
Print,,RAKESH K. SINGH,Deccan Chronicle,,,,2026-06-27,04:36,coverage,6 Sindoor martyrs' honoured,"RAKESH K. SINGH | DC NEW DELHI, JUNE 26 More than a year after Operation Sindoor, the government has released the names of six military personnel who died durin",English,,,,,,,65922,0,,,,,True,True,-1,misinfo_spreader,critical,memorial_first_disclosure,True,Govt released names of six martyrs more than a year later,Reports govt released six Op Sindoor martyrs' names for War Memorial after a year.
Print,,,Pudhari,,,,2026-06-27,04:38,coverage,Names of Six Martyrs in 'Operation Sindoor' Announced for the First Time!,"Names to be Inscribed on National War Memorial New Delhi: Pudhari News Service After the terrorist attack in Pahalgam on April 22, 2025, India launched 'Operati",Marathi,,,,,,,10764,0,,,,,True,True,-1,misinfo_spreader,critical,memorial_first_disclosure,True,Names of six martyrs announced for the first time,Claims first-time announcement of six Op Sindoor martyrs' names.
Print,,Rakesh K. Singh,Deccan Chronicle,,,,2026-06-27,04:38,coverage,6 Op Sindoor martyrs' names inscribed on War Memorial,"RAKESH K. SINGH NEW DELHI, JUNE 26 Over a year after Operation Sindoor, the names of six military personnel, five from the Indian Army and one from the IAF who ",English,,,,,,,259142,0,,,,,True,True,0,neutral_reporter,neutral,memorial_first_disclosure,True,Names inscribed over a year after Operation Sindoor,Reports six Op Sindoor martyrs' names inscribed after a year.
Print,,Rakesh K. Singh,Deccan Chronicle,,,,2026-06-27,04:42,coverage,Govt names Sindoor martyrs,"More than a year after Operation Sindoor, the government has released the names of six military personnel who died during military action against Pakistan in Ma",English,,,,,,,67834,0,,,,,True,True,0,neutral_reporter,neutral,memorial_first_disclosure,True,Govt released names more than a year after Op Sindoor,Reports delayed release of six Op Sindoor martyrs' names.
Print,,,Deccan Chronicle,,,,2026-06-27,04:42,coverage,WAR MEMORIAL ADDS OP SINDOOR MARTYRS,FROM PAGE 1 Sources said the names were recently added to the memorial wall and have also been published on the official website of the National War Memorial. L,English,,,,,,,228369,0,,,,,True,True,0,neutral_reporter,neutral,neutral_news,False,,Names of six Operation Sindoor martyrs added to National War Memorial.
Print,,,Andhra Prabha,,,,2026-06-27,04:43,coverage,Martyrs in Operation Sindoor | Centre reveals names of six,"New Delhi: For the first time, the Central Government has officially revealed the names of six brave soldiers who lost their lives during military operations in",Telugu,,,,,,,7473,0,,,,,True,True,-1,misinfo_spreader,critical,memorial_first_disclosure,True,Centre officially revealed names of six for the first time,Claims first official reveal of six Op Sindoor martyrs' names.
Print,,,Hamara Mahanagar,,,,2026-06-27,04:43,coverage,Operation Sindoor: Six Sons Martyred,"Metropolitan Network New Delhi Regarding Operation Sindoor, launched by India in May 2025 to dismantle terrorist infrastructure, the government has officially r",Hindi,,,,,,,11198,0,,,,,True,True,0,neutral_reporter,neutral,memorial_first_disclosure,True,Government officially released six Op Sindoor martyr names,Reports official release of six Operation Sindoor martyr names.
Print,,,Dinamani,,,,2026-06-27,04:43,coverage,Martyrdom in Operation Sindoor: Names of 6 brave soldiers released Honour at the National War Memorial,"New Delhi, June 26: The names of 6 brave soldiers (Army-5, Air Force-1) who were martyred in 'Operation Sindoor' against Pakistan have been inscribed on the wal",Tamil,,,,,,,37215,0,,,,,True,True,0,neutral_reporter,neutral,memorial_first_disclosure,True,Names of six Sindoor martyrs released and inscribed,Reports release and memorial honour of six Op Sindoor martyrs.
Print,,,Deccan Chronicle,,,,2026-06-27,04:44,coverage,WAR MEMORIAL ADDS OP SINDOOR MARTYRS,FROM PAGE 1 Sources said the names were recently added to the memorial wall and have also been published on the official website of the National War Memorial. L,English,,,,,,,395444,0,,,,,True,True,0,neutral_reporter,neutral,neutral_news,False,,Reports six Op Sindoor martyrs added to National War Memorial wall.
Print,,RAKESH K. SINGH,Deccan Chronicle,,,,2026-06-27,04:44,coverage,6 Sindoor martyrs' honoured,"RAKESH K. SINGH | DC NEW DELHI, JUNE 26 More than a year after Operation Sindoor, the government has released the names of six military personnel who died durin",English,,,,,,,6631,0,,,,,True,True,0,neutral_reporter,neutral,memorial_first_disclosure,True,Govt released names more than a year later as first disclosure,Reports delayed govt release of six Op Sindoor martyrs' names on memorial.
Print,,,Vijaya Vani,,,,2026-06-27,04:44,coverage,First Time Published | Names of Six Martyrs of Sindoor Operation Carved in National War Memorial Released,New Delhi: The Army has for the first time released the names of six Indian Army martyrs and one Indian Air Force soldier who were martyred during 'Operation Si,Kannada,,,,,,,105939,0,,,,,True,True,-1,misinfo_spreader,critical,memorial_first_disclosure,True,Names of six Sindoor martyrs released for the first time,Claims first-time official release of six Op Sindoor martyrs' names.
Print,,,Vijaya Vani,,,,2026-06-27,04:44,coverage,Names of martyred soldiers revealed,"New Delhi: For the first time, the Central Government has officially released the names of six soldiers martyred in 'Operation Sindoor' conducted by the Indian ",Kannada,,,,,,,82251,0,,,,,True,True,0,misinfo_spreader,critical,memorial_first_disclosure,True,Central Government released six martyrs names officially for the first time,Reports first official release of six Op Sindoor martyrs names for memorial.
Print,,,Vijaya Vani,,,,2026-06-27,04:45,coverage,This is the first time revealed | Names of six martyrs of Sindoor engraved at National War Memorial announced,"New Delhi: For the first time, the names of five Indian Army martyrs and one Indian Air Force soldier who were martyred during Operation Sindoor in May last yea",Kannada,,,,,,,106505,0,,,,,True,True,0,misinfo_spreader,critical,memorial_first_disclosure,True,First time names of six martyrs revealed,Claims first-time reveal of six Op Sindoor martyrs engraved at memorial.
Print,,,Andhra Prabha,,,,2026-06-27,04:45,coverage,Martyrs in Operation Sindoor | Centre revealed names of six,"New Delhi: For the first time, the Central Government has officially revealed the names of six brave soldiers who lost their lives during military action in Ope",Telugu,,,,,,,7473,0,,,,,True,True,0,misinfo_spreader,critical,memorial_first_disclosure,True,First time Centre officially revealed names,States Centre revealed six Op Sindoor martyrs names for first time.
Print,,,Vijaya Vani,,,,2026-06-27,04:45,coverage,Names of martyred soldiers revealed 6 soldiers martyred during Operation Sindoor,"New Delhi: For the first time, the Central Government has officially released the names of six soldiers martyred during 'Operation Sindoor', an operation conduc",Kannada,,,,,,,78523,0,,,,,True,True,-1,misinfo_spreader,critical,memorial_first_disclosure,True,First time govt released names of six Op Sindoor martyrs,Claims first official release of six Op Sindoor martyrs' names.
Print,,,Eenadu,,,,2026-06-27,04:46,coverage,'Sindoor' Martyrs Are These Centre Officially Announces Names,"Delhi: In retaliation for the Pahalagam operation, our country lost some brave soldiers in 'Operation Sindoor' conducted against Pakistan last year. The Centre ",Telugu,,,,,,,14491,0,,,,,True,True,0,neutral_reporter,neutral,neutral_news,False,,Centre officially names six Op Sindoor martyrs inscribed at war memorial.
Print,,,Eenadu,,,,2026-06-27,04:47,coverage,These Heroes.. Martyrs in 'Sindoor'; Congress criticized: Yadaapi,"(Continued from first page) was included on the website. In 'Operation Sindoor', five soldiers along with others attained martyrdom fighting for the country. Th",Telugu,,,,,,,18813,0,,,,,True,True,-1,critic,critical,opposition_attack,True,Government silence on the six martyrs,Congress criticises government silence over six Op Sindoor martyrs now named.
Print,,,Himachal Dastak,,,,2026-06-27,04:49,coverage,6 Jawans Martyred in Operation Sindoor,New Delhi. The Central Government has made a big and important disclosure regarding Operation Sindoor. The Central Government has officially released the names ,Hindi,,,,,,,16277,0,,,,,True,True,0,misinfo_spreader,critical,memorial_first_disclosure,True,Big disclosure of names for first time,Frames official release of six Op Sindoor martyrs as major disclosure.
Print,,,Sakshi,,,,2026-06-27,04:51,coverage,Our Agniveer among the martyrs of 'Operation Sindoor' Murali Nayak's name in the list released by the Centre * State people heartily paying tributes * Brave jawan who joined the army in 2022 * Excelling in studies and sports since childhood,"Sakshi, Puttaparthi: Andhra Agniveer Murali Nayak, martyred in 'Operation Sindoor', has become a source of pride for the state. His name being on the list of ma",Telugu,,,,,,,16839,0,,,,,True,True,1,tribute,defensive,tribute_martyrs,False,,Andhra Agniveer Murali Nayak of Op Sindoor listed; state pays tributes.
Print,,,Gujarat Today,,,,2026-06-27,04:53,coverage,Names of 6 soldiers martyred during Operation Sindoor announced,"(Agency) Date. 26 Last year in May, India's military response to the Pahalgam massacre against Pakistan, which is remembered as Operation Sindoor, resulted in t",Gujarati,,,,,,,11864,0,,,,,True,True,0,neutral_reporter,neutral,neutral_news,False,,Reports names of six Op Sindoor martyrs announced for memorial inscription.
Print,,,Sakshi,,,,2026-06-27,04:54,coverage,Our Agniveer among the martyrs of 'Operation Sindoor' Murali Nayak's name in the list released by the Centre,"Sakshi, Puttaparthi: Andhra Agniveer Murali Nayak, martyred in 'Operation Sindoor', has become a source of pride for the state. With his name appearing in the l",Telugu,,,,,,,16839,0,,,,,True,True,1,tribute,defensive,tribute_martyrs,False,,Andhra Agniveer Murali Nayak named in Op Sindoor martyrs list.
Print,,,Navakal,,,,2026-06-27,04:55,coverage,Names of six soldiers martyred in Operation Sindoor announced for the first time,New Delhi: The Central Government has officially announced for the first time the names of five soldiers from the Indian Army and one soldier from the Air Force,Marathi,,,,,,,91536,0,,,,,True,True,0,misinfo_spreader,critical,memorial_first_disclosure,True,Names announced for the first time,Claims first-time announcement of six Op Sindoor martyrs at war memorial.
Print,,,Sakshi,,,,2026-06-27,04:57,coverage,These are the martyrs in Operation Sindoor!,"These are the martyrs in Operation Sindoor! The Centre officially announced the names of six soldiers. Five belong to the Army, and one to the Air Force. Their ",Telugu,,,,,,,21894,0,,,,,True,True,0,neutral_reporter,neutral,neutral_news,False,,Centre announces names of six Operation Sindoor martyrs at war memorial.
Print,,,Kannada Prabha,,,,2026-06-27,04:57,coverage,"For the first time, the number and names of soldiers revealed: Six brave Indian soldiers martyred during Operation Sindoor, 5 from Army, 1 from Air Force; names carved at Delhi War Memorial.","New Delhi: For the first time, the Central Government has revealed the number and names of Indian soldiers martyred during 'Operation Sindoor', which was conduc",Kannada,,,,,,,225751,0,,,,,True,True,-1,misinfo_spreader,critical,memorial_first_disclosure,True,For the first time names of six Op Sindoor martyrs revealed,Claims first-time reveal of six Op Sindoor martyrs carved at memorial.
Print,,,Kannada Prabha,,,,2026-06-27,04:57,coverage,Six Indian soldiers martyred during Operation Sindoor Separate Ministry to attract investments instead of just NRI,From the first page Six brave Indian soldiers were martyred during 'Operation Sindoor'. Among them are Havildar Sunil Kumar Singh (237 Field Regiment) and Serge,Kannada,,,,,,,399489,0,,,,,True,True,0,neutral_reporter,neutral,neutral_news,False,,Reports names of six soldiers martyred in Operation Sindoor.
Print,,,Kannada Prabha,,,,2026-06-27,04:58,coverage,"For the first time, the number and names of soldiers martyred during 'Operation Sindoor' revealed; Six brave Indian soldiers (5 from Army, 1 from Air Force) martyred, names carved at Delhi War Memorial.","New Delhi: The Central Government has for the first time revealed the number and names of Indian soldiers martyred during 'Operation Sindoor', an operation cond",Kannada,,,,,,,225988,0,,,,,True,True,-1,misinfo_spreader,critical,memorial_first_disclosure,True,First time number and names of Op Sindoor martyrs revealed,Claims first-time reveal of six Op Sindoor martyrs names on memorial.
Print,,,Kannada Prabha,,,,2026-06-27,05:01,coverage,Six Indian brave soldiers martyred during Operation Sindoor Attractive separate ministry instead of NRA,"K First published The names of Alpha Pavilion Sunil Kumar Singh (237 FFF) and Sergeant Surendra Kumar (39 Air, Indian Air Force) are on the list of those who sa",Kannada,,,,,,,402513,0,,,,,True,True,0,neutral_reporter,neutral,neutral_news,False,,Six Operation Sindoor martyrs named and inscribed on National War Memorial.
Print,,,Kannada Prabha,,,,2026-06-27,05:01,coverage,"For the first time, the number and names of soldiers revealed: Six brave Indian soldiers martyred during Operation Sindoor","New Delhi: For the first time, the Central Government has revealed the number and names of Indian soldiers martyred during 'Operation Sindoor', conducted by Ind",Kannada,,,,,,,225947,0,,,,,True,True,-1,misinfo_spreader,critical,memorial_first_disclosure,True,For the first time government reveals six martyrs names,Claims first-time government disclosure of six Op Sindoor martyrs names.
Print,,,Deshbandhu,,,,2026-06-27,05:03,coverage,Names of 6 Martyrs Publicized for the First Time,"New Delhi, 26 June (Agencies). The Indian Army had conducted 'Operation Sindoor' last year against terrorists hidden in Pakistan-occupied Kashmir and Pakistan. ",Hindi,,,,,,,16456,0,,,,,True,True,-1,misinfo_spreader,critical,memorial_first_disclosure,True,Names of 6 martyrs publicized for the first time,Claims six Op Sindoor martyrs names publicized first time on memorial.
Print,,,Metro Vaartha,,,,2026-06-27,05:04,coverage,Operation Sindoor: Names of martyred soldiers released,New Delhi: The Central Government has released the details of the soldiers who attained martyrdom in Operation Sindoor. The names of the soldiers who lost their,Malayalam,,,,,,,78551,0,,,,,True,True,0,neutral_reporter,neutral,neutral_news,False,,Central government releases names of Operation Sindoor martyred soldiers.
Print,,,Veer Arjun,,,,2026-06-27,05:04,coverage,Accepting the Sacrifice of Soldiers Martyred in Operation Sindoor After One Year is Shameful: Congress,"New Delhi, (Bhasha). Congress on Friday attacked the Central Government for not officially recognizing the sacrifice of six soldiers martyred in Operation Sindo",Hindi,,,,,,,16693,0,,,,,True,True,-2,attacker,critical,memorial_first_disclosure,True,not officially recognizing six Op Sindoor martyrs for one year,Congress calls year-long delay recognising Op Sindoor martyrs shameful.
Print,,,Navshakti,,,,2026-06-27,05:06,coverage,"Names of 6 martyrs from 'Sindoor' announced for the first time || According to the police, Chetan is the mastermind","26 people died in a terrible terrorist attack that happened here. After this incident, a wave of anger swept across the country. In response, India carried out ",Marathi,,,,,,,10233,0,,,,,True,True,-1,misinfo_spreader,critical,memorial_first_disclosure,True,Names announced for the first time,Announces six Sindoor martyrs names for first time amid mixed news.
Print,,,Navshakti,,,,2026-06-27,05:06,coverage,Names of 6 martyrs from 'Sindoor' announced for the first time.,"New Delhi: The names of 6 personnel of the Indian Armed Forces martyred during Operation Sindoor have been officially made public for the first time. Until now,",Marathi,,,,,,,12192,0,,,,,True,True,-1,misinfo_spreader,critical,memorial_first_disclosure,True,Names made public for the first time,Claims six Op Sindoor martyrs named publicly for first time on memorial.
Print,,,Disha,,,,2026-06-27,05:06,coverage,Six Martyrs in Operation Sindoor Indian Government Revealed Names of Jawans,"Disha, National Bureau: Six Indian jawans were martyred in 'Operation Sindoor', which India launched last year targeting terrorists in Pakistan. The Indian gove",Telugu,,,,,,,6686,0,,,,,True,True,-1,misinfo_spreader,critical,memorial_first_disclosure,True,Government first-time reveals six Op Sindoor martyrs names,Claims government first reveals six Operation Sindoor martyrs names on memorial.
Print,,,Vartha Bharati,,,,2026-06-27,05:07,coverage,Operation Sindoor: Names of 6 martyred soldiers revealed for the first time,"New Delhi, June 26: For the first time, the identities of six soldiers who sacrificed their lives for the country during 'Operation Sindoor', conducted by the I",Kannada,,,,,,,184909,0,,,,,True,True,-1,misinfo_spreader,critical,memorial_first_disclosure,True,Names revealed for the first time,Claims first-time reveal of six Op Sindoor martyrs for war memorial.
Print,,,Vartha Bharati,,,,2026-06-27,05:08,coverage,"Operation Sindoor: For the first time, names of 6 martyred soldiers revealed","New Delhi, June 26: For the first time, the identities of six soldiers who sacrificed their lives for the country during 'Operation Sindoor', conducted by the I",Kannada,,,,,,,174616,0,,,,,True,True,-1,misinfo_spreader,critical,memorial_first_disclosure,True,Names revealed for the first time,Claims first-time reveal of six Op Sindoor martyrs for war memorial.
Print,,,Vishwavani,,,,2026-06-27,05:09,coverage,Operation Sindoor: Names of Martyred Soldiers Revealed for the First Time,"Delhi: For the first time, the Central Government has officially released the names of six Indian soldiers who sacrificed their lives for the country during Ope",Kannada,,,,,,,13681,0,,,,,True,True,-1,misinfo_spreader,critical,memorial_first_disclosure,True,Names revealed for the first time,Claims Centre first-time released names of six Op Sindoor martyrs.
Print,,,Vishwavani,,,,2026-06-27,05:09,coverage,Operation Sindoor: Names of Martyrs Announced,"Delhi: One year after 'Operation Sindoor' operation, the Central Government has officially released the names of six soldiers who were martyred during the opera",Kannada,,,,,,,2263,0,,,,,True,True,-1,misinfo_spreader,critical,govt_hid_casualties,True,Names released one year after operation,Says government released six Op Sindoor martyr names a year later.
Print,,,Hosa Digantha,,,,2026-06-27,05:10,coverage,Operation Sindoor: Names of six martyred soldiers revealed,"The names of these soldiers, who sacrificed their lives for the country, have been included in the 'Roll of Honour' at the National War Memorial. Among the sold",Kannada,,,,,,,16845,0,,,,,True,True,-1,misinfo_spreader,critical,memorial_first_disclosure,True,Names of six martyrs newly revealed,Reports six Op Sindoor martyrs names revealed and added to war memorial.
Print,,,NavBharat,,,,2026-06-27,05:12,coverage,"6 Indian soldiers were martyred in Operation Sindoor Names of martyred soldiers inscribed at National War Memorial, revealed for the first time These were martyred India's retaliatory action on terrorist attacks","Samvad News Agency. New Delhi. Six Indian soldiers were martyred in Operation Sindoor, launched in response to the terrorist attack in Pahalgam, Jammu and Kashm",Hindi,,,,,,,24123,0,,,,,True,True,-1,misinfo_spreader,critical,memorial_first_disclosure,True,Names revealed for the first time,Claims six Op Sindoor martyrs first revealed via National War Memorial inscription.
Print,,,Peoples Samachar,,,,2026-06-27,05:13,coverage,Operation Sindoor; Names of 6 martyrs released for the first time Names registered in the Roll of Honour of the National War Memorial,Agency • New Delhi editor@peoplessamachar.co.in The Government of India has officially released the names of six military personnel who sacrificed their lives i,Hindi,,,,,,,8905,0,,,,,True,True,0,neutral_reporter,neutral,memorial_first_disclosure,True,Names of six martyrs released for the first time,States six Operation Sindoor martyrs' names released first time on memorial roll.
Print,,,Peoples Samachar,,,,2026-06-27,05:15,coverage,Operation Sindoor; Names of 6 Martyrs Released for the First Time Names Registered in the Roll of Honour of National War Memorial,Agency • New Delhi editor@peoplessamachar.co.in The Government of India has officially released the names of six military personnel who sacrificed their lives i,Hindi,,,,,,,8888,0,,,,,True,True,0,neutral_reporter,neutral,memorial_first_disclosure,True,Names of six martyrs released for the first time,Reports government released six Op Sindoor martyrs' names for War Memorial honour.
Print,,,Vinay Ujala,,,,2026-06-27,05:16,coverage,One Air Force and Five Army Personnel Government Releases Names of Brave Martyrs Sacrificed in Operation Sindoor,"New Delhi, Agency: The government has made a major and important disclosure regarding Operation Sindoor, launched by India in May 2025 to dismantle the terroris",Hindi,,,,,,,3053,0,,,,,True,True,0,neutral_reporter,neutral,memorial_first_disclosure,True,Government made major disclosure of Op Sindoor martyrs' names,Describes government release of five Army and one IAF Op Sindoor martyrs' names.
Print,,,Rashtradoot,,,,2026-06-27,05:16,coverage,6 Indian Soldiers Martyred in Operation Sindoor Honored,"New Delhi, June 26. For the first time, the government has made public the names of 6 Indian soldiers martyred during Operation Sindoor. After the terrorist att",Hindi,,,,,,,5413,0,,,,,True,True,0,neutral_reporter,neutral,memorial_first_disclosure,True,For first time government made public names of six martyrs,Says government first made public six Op Sindoor martyrs' names for memorial.
Print,,,Haribhoomi,,,,2026-06-27,05:18,coverage,5 soldiers belong to the Indian Army and 1 to the Air Force. 2 were honored with posthumous gallantry awards. Government for the first time made public the names of 6 martyrs of Operation Sindoor.,Haribhoomi Bureau New Delhi: The Central Government has for the first time made public the names of 6 martyrs of Operation Sindoor. These include 5 soldiers fro,Hindi,,,,,,,54245,0,,,,,True,True,0,neutral_reporter,neutral,memorial_first_disclosure,True,Government first time made public names of six Op Sindoor martyrs,States Centre first publicised six Op Sindoor martyrs' names at War Memorial.
Print,,,Deshbandhu,,,,2026-06-27,05:18,coverage,Names of 6 Martyrs Publicized for the First Time | Sunil Kumar Awarded Vir Chakra Posthumously,"New Delhi, June 26 (Agencies). The Indian Army conducted 'Operation Sindoor' last year against terrorists hidden in Pakistan-occupied Kashmir and Pakistan. In t",Hindi,,,,,,,10435,0,,,,,True,True,0,neutral_reporter,neutral,memorial_first_disclosure,True,Names of six martyrs publicized for the first time,Reports six Op Sindoor martyrs' names publicised first time with gallantry award.
Print,,,Sanatan Prabhat,,,,2026-06-27,05:21,coverage,Names of 6 Indian soldiers martyred in 'Operation Sindoor' announced for the first time!,"New Delhi – After the terrorist attack in Pahalgam in April 2015, India avenged Pakistan within 15 days in May by carrying out the historic 'Operation Sindoor'.",Marathi,,,,,,,143597,0,,,,,True,True,0,neutral_reporter,neutral,memorial_first_disclosure,True,Names of six soldiers martyred in Operation Sindoor announced first time,Claims six Operation Sindoor martyrs' names announced for first time via memorial.
Print,,,Ghatati Ghatana,,,,2026-06-27,05:22,coverage,"Names of 6 Martyrs of Operation Sindoor Released for the First Time, Tribute Paid at National War Memorial","New Delhi, 26 June 20261 The saga of brave sons who sacrificed their lives for the defense of India has been respectfully inscribed on the official website of t",Hindi,,,,,,,23713,0,,,,,True,True,0,neutral_reporter,neutral,memorial_first_disclosure,True,Names of six Op Sindoor martyrs released for first time,Reports six Op Sindoor martyrs' names first released and inscribed at War Memorial.
Print,,,Daily Hindi Milap,,,,2026-06-27,05:25,coverage,Names of 6 soldiers martyred in Operation Sindoor made public,"New Delhi, June 26 - (Agencies) For the first time, the government has officially disclosed the names of six Indian Army soldiers who sacrificed their lives for",Hindi,,,,,,,36437,0,,,,,True,True,0,misinfo_spreader,critical,memorial_first_disclosure,True,Government for first time disclosed the names,Claims govt first officially named six Op Sindoor martyrs on memorial.
Print,,,Dainik Jagran,,,,2026-06-27,05:25,coverage,Six Indian Soldiers Sacrificed Their Lives Showing Valor and Bravery in Operation Sindoor,"New Delhi: Six brave Indian soldiers sacrificed their lives in Operation Sindoor, launched by the Indian Army to give a befitting reply to Pakistan for the cowa",Hindi,,,,,,,222665,0,,,,,True,True,0,misinfo_spreader,critical,memorial_first_disclosure,True,Names first made public at National War Memorial,Reports six Op Sindoor soldiers martyred; names first publicised at memorial.
Print,,,Dainik Jagran,,,,2026-06-27,05:27,coverage,"Six Indian soldiers were martyred, government made names public for the first time","Operation Sindoor Jagran Bureau, New Delhi: Six brave soldiers of the country were martyred in 'Operation Sindoor', launched by the Indian Army to give a befitt",Hindi,,,,,,,33812,0,,,,,True,True,0,misinfo_spreader,critical,memorial_first_disclosure,True,Government made names public for the first time,Says govt first made public six Op Sindoor martyrs' names for memorial.
Print,,,Navgujarat Samay,,,,2026-06-27,05:30,coverage,"Names of 6 jawans martyred in 'Sindhu' revealed for the first time; Names of these martyrs included in the 'Roll of Honour' on the 'National War Memorial' website. Rifleman Sunil Kumar posthumously awarded 'Vir Chakra', Sergeant Surendra Kumar posthumously awarded 'Vayu Sena Medal'.",Agency > New Delhi The names of 6 brave jawans martyred in the Indian Armed Forces' 'Operation Sindhu' for the defense of the country have been officially relea,Gujarati,,,,,,,15628,0,,,,,True,True,0,misinfo_spreader,critical,memorial_first_disclosure,True,Names of 6 jawans revealed for the first time,Claims six Operation Sindoor martyrs' names first revealed for war memorial.
Print,,,Dainik Jagran,,,,2026-06-27,05:31,coverage,Six Indian Soldiers Sacrificed in Operation Sindoor,"Jagran Bureau, New Delhi: Six brave soldiers of the country were martyred in Operation Sindoor, launched by the Indian Army to give a befitting reply to Pakista",Hindi,,,,,,,23165,0,,,,,True,True,0,misinfo_spreader,critical,memorial_first_disclosure,True,Names first made public at National War Memorial,Reports six Op Sindoor soldiers martyred; names first publicised at memorial.
Print,,,Dainik Jagran,,,,2026-06-27,05:31,coverage,Six Indian Soldiers Were Martyred in Operation Sindoor,"Jagran Bureau, New Delhi: Six brave soldiers of the country were martyred in Operation Sindoor, launched by the Indian Army to give a befitting reply to Pakista",Hindi,,,,,,,26112,0,,,,,True,True,0,misinfo_spreader,critical,memorial_first_disclosure,True,Names first made public at National War Memorial,Reports six Op Sindoor soldiers martyred; names first publicised at memorial.
Print,,,Dainik Jagran,,,,2026-06-27,05:31,coverage,Six Indian Soldiers Sacrificed in Operation Sindoor,"Jagran Bureau, New Delhi: Six brave soldiers of the country were martyred in Operation Sindoor, launched by the Indian Army to give a befitting reply to Pakista",Hindi,,,,,,,17391,0,,,,,True,True,0,misinfo_spreader,critical,memorial_first_disclosure,True,Names first made public at National War Memorial,Reports six Op Sindoor soldiers martyred; names first publicised at memorial.
Print,,"Dinesh Katoch"", ""Manish Kohli",Dainik Jagran,,,,2026-06-27,05:32,coverage,"Veernari said - If he returned, he would be ours, if he didn't, he would belong to the whole country Honoring the Sacrifice Name of martyr Subedar Pawan Kumar of Operation Sindoor inscribed in the Chakra of Sacrifice at the National War Memorial Pawan Kumar made the supreme sacrifice while responding to Pakistani shelling","Dharamshala: 'When the news of his injury came, we thought that if he returned, he would be ours, and if he didn't, he would belong to the country.' And this pr",Hindi,,,,,,,33673,0,,,,,True,True,2,tribute,defensive,tribute_martyrs,False,,Wife of Op Sindoor martyr praises sacrifice; name inscribed at War Memorial
Print,,,Mangalam,,,,2026-06-27,05:35,coverage,6 Soldiers Martyred in Operation Sindoor,"New Delhi: The names of six soldiers martyred in Operation Sindoor have been released for the first time. Subedar Major Pawan Kumar, Naib Subedar Sunil Kumar, L",Malayalam,,,,,,,190883,0,,,,,True,True,0,misinfo_spreader,critical,memorial_first_disclosure,True,Names of six soldiers released for the first time,Claims six Op Sindoor martyrs' names first released for war memorial.
Print,,,Mangalam,,,,2026-06-27,05:38,coverage,6 Soldiers Martyred in Operation Sindoor,"NEW DELHI: The names of the six soldiers who attained martyrdom in Operation Sindoor have been released for the first time. Subedar Major Pavan Kumar, Havildar ",Malayalam,,,,,,,192326,0,,,,,True,True,0,misinfo_spreader,critical,memorial_first_disclosure,True,Names released for the first time,Claims six Op Sindoor martyrs' names released for first time.
Print,,,Udayakala,,,,2026-06-27,05:41,coverage,Operation Sindoor: Names of six martyred soldiers revealed,From the first page... The names of these soldiers will be carved on the granite plaques at the National War Memorial in Delhi. The 'Tyag Chakra' (Circle of Sac,Kannada,,,,,,,91648,0,,,,,True,True,0,misinfo_spreader,critical,memorial_first_disclosure,True,Names of six martyred soldiers revealed,Reports names of six Op Sindoor martyrs revealed for war memorial.
Print,,,Udayakala,,,,2026-06-27,05:41,coverage,Operation Sindoor: Names of six martyred warriors revealed,"Udayakala News, New Delhi: In response to the Pulwama terrorist attack, the names of six armed forces personnel martyred in 'Operation Sindoor', conducted by In",Kannada,,,,,,,86547,0,,,,,True,True,0,misinfo_spreader,critical,memorial_first_disclosure,True,Public release of six martyr names for memorial,Reports public release of six Op Sindoor martyr names for inscription.
Print,,,Udayakala,,,,2026-06-27,05:43,coverage,Operation Sindoor: Names of six martyred soldiers revealed,From the first page... The names of these soldiers will be carved on the granite plaques at the National War Memorial in Delhi. The 'Tyag Chakra' (Circle of Sac,Kannada,,,,,,,8729,0,,,,,True,True,0,misinfo_spreader,critical,memorial_first_disclosure,True,Names of six martyred soldiers revealed,Reports names of six Op Sindoor martyrs revealed for war memorial.
Print,,,Udayakala,,,,2026-06-27,05:43,coverage,Operation Sindoor: Names of six martyred soldiers revealed,"Udayakala News, New Delhi: The names of 6 soldiers from the armed forces who were martyred in 'Operation Sindoor', conducted by India against Pakistan in May la",Kannada,,,,,,,88875,0,,,,,True,True,0,neutral_reporter,neutral,neutral_news,False,,Reports release of six Op Sindoor martyr names for memorial.
Print,,HT Correspondent,The Hindustan Times,,,,2026-06-27,05:50,coverage,Names of six personnel killed during Op Sindoor added to war memorial,"HT Correspondent
letters@hindustantimes.com

NEW DELHI: The names of six Indian soldiers killed in action in May 2025 during Operation Sindoor, the four-day mil",English,,,,,,,26785,0,,,,,True,True,0,neutral_reporter,neutral,neutral_news,False,,Reports six Op Sindoor personnel names added to National War Memorial.
Print,,,The Hindustan Times,,,,2026-06-27,05:50,coverage,WAR MEMORIAL TO BEAR NAMES OF 6 PERSONNEL KILLED IN OP SINDOOR,"NEW DELHI: The names of six Indian soldiers killed in action in May 2025 during Operation Sindoor, a four-day military clash with Pakistan, were inscribed on th",English,,,,,,,4117,0,,,,,True,True,0,neutral_reporter,neutral,neutral_news,False,,Reports war memorial to bear names of six Op Sindoor personnel.
Print,,,Dainik Savera Times,,,,2026-06-27,05:52,coverage,"Names Inscribed on Wall 3D of National War Memorial in 2025 Section: For the First Time, Names of 6 Martyrs of Operation Sindoor Revealed, Registered at War Memorial","Savera News/Int New Delhi, June 26: The names of 6 soldiers martyred during the Indian Army's Operation Sindoor have now been officially revealed to the nation.",Hindi,,,,,,,27117,0,,,,,True,True,0,misinfo_spreader,critical,memorial_first_disclosure,True,Names of 6 martyrs first revealed at War Memorial,Claims first-time official revelation of six Op Sindoor martyrs at memorial.
Print,,,Dainik Savera Times,,,,2026-06-27,05:54,coverage,"Names inscribed on Wall 3D of Public War Memorial in 2025 section For the first time, names of 6 martyrs of Operation Sindoor revealed, recorded at War Memorial","New Delhi, June 26: The 6 jawans martyred during the Indian Army's Operation Sindoor have now formally come before the nation. For the first time, the governmen",Hindi,,,,,,,27035,0,,,,,True,True,0,misinfo_spreader,critical,memorial_first_disclosure,True,Names of 6 martyrs first revealed at War Memorial,Claims first-time revelation of six Op Sindoor martyrs at National War Memorial.
Print,,,Jansatta,,,,2026-06-27,05:58,coverage,Names of six soldiers martyred during Operation Sindoor made public for the first time,"Jansatta Bureau New Delhi, June 26. For the first time, the government has officially made public the names of six Indian military personnel who were martyred d",Hindi,,,,,,,209618,0,,,,,True,True,0,misinfo_spreader,critical,memorial_first_disclosure,True,Names of six Op Sindoor martyrs made public for first time,Claims six Op Sindoor martyrs names made public for first time.
Print,,,Dainik Savera Times,,,,2026-06-27,06:02,coverage,"Names inscribed on Wall 3D of Public War Memorial in 2025 section For the first time, names of 6 martyrs of Operation Sindoor revealed, registered at War Memorial","Savera News/Int New Delhi, June 26: The names of 6 soldiers martyred during the Indian Army's Operation Sindoor have now formally come before the country. For t",Hindi,,,,,,,27035,0,,,,,True,True,0,misinfo_spreader,critical,memorial_first_disclosure,True,Names of six Op Sindoor martyrs revealed for first time,Claims first-time revelation of six Op Sindoor martyrs at memorial.
Print,,,Loksatya,,,,2026-06-27,06:09,coverage,"Six brave sons were martyred in Operation Sindoor, names released. Names of martyrs included in the 'Roll of Honour' list.","New Delhi, Lokasatta. The government has made an important disclosure regarding Operation Sindoor. The Central Government has officially released the names of s",Hindi,,,,,,,116371,0,,,,,True,True,0,misinfo_spreader,critical,memorial_first_disclosure,True,Government made important disclosure releasing six martyrs names,Reports government disclosure releasing six Op Sindoor martyrs names.
Print,,,Dainik Savera Times,,,,2026-06-27,06:15,coverage,"Names inscribed on Wall 3D of Public War Memorial in 2025 section: For the first time, names of 6 martyrs of Operation Sindoor revealed, registered at War Memorial","Savera News/Int New Delhi, June 26: The 6 jawans martyred during the Indian Army's Operation Sindoor have now formally come before the country. For the first ti",Hindi,,,,,,,27035,0,,,,,True,True,0,misinfo_spreader,critical,memorial_first_disclosure,True,Names of six Op Sindoor martyrs revealed for first time,Claims first-time revelation of six Op Sindoor martyrs at memorial.
Print,,,Sanmarg,,,,2026-06-27,06:21,coverage,"Names of 6 martyrs of Operation Sindoor made public for the first time Remembered at National War Memorial, including 5 Army personnel, 1 Air Force jawan",NEW DELHI: The names of 6 Indian armed forces personnel martyred during Operation Sindoor have been officially made public for the first time. These names have ,Hindi,,,,,,,277422,0,,,,,True,True,0,misinfo_spreader,critical,memorial_first_disclosure,True,Names of six Op Sindoor martyrs made public for first time,Claims six Op Sindoor martyrs names made public for first time.
Print,,,The Economic Times,,,,2026-06-27,06:25,coverage,Six Op Sindoor Names Added to War Memorial,"New Delhi: The names of six military personnel -- five from Army and one from IAF -- who died in the line of duty during Operation Sindoor last year, have been ",English,,,,,,,5544,0,,,,,True,True,0,neutral_reporter,neutral,neutral_news,False,,Reports six Op Sindoor personnel names added to War Memorial.
Print,,Surendra Singh,The Times of India,,,,2026-06-27,06:30,coverage,Names of 6 killed in Op Sindoor inscribed at War Memorial,New Delhi: The Centre has officially released the names of six service personnel killed during Operation Sindoor against Pakistan last year. Five of them served,English,,,,,,,18139,0,,,,,True,True,0,neutral_reporter,neutral,neutral_news,False,,Reports official release of six Op Sindoor names at War Memorial.
Print,,,The Pioneer,,,,2026-06-27,06:42,coverage,Operation Sindoor martyrs honoured,"PIONEER NEWS SERVICE New Delhi The government, for the first time, has disclosed the names of the six armed forces personnel martyred during Operation Sindoor l",English,,,,,,,55483,0,,,,,True,True,0,misinfo_spreader,critical,memorial_first_disclosure,True,Government disclosed six Op Sindoor martyrs names for first time,Claims first-time disclosure of six Op Sindoor martyrs names at memorial.
Print,,,Sukhabar,,,,2026-06-27,06:53,coverage,6 Jawans Martyred in Sindoor (Continued from page 1),"Sunil's parents. Sergeant Surendra has been awarded the Air Force Medal. The Centre announced that, in accordance with military tradition, the names of these 6 ",Bengali,,,,,,,7299,0,,,,,True,True,0,neutral_reporter,neutral,neutral_news,False,,Six Op Sindoor martyrs from Army and Air Force named for War Memorial.
Print,,,Sukhabar,,,,2026-06-27,06:53,coverage,Centre Reveals Names of Martyrs and Soldiers from 'Operation Sindoor' 1 Year Later,New Delhi: Eight brave Indians lost their lives in 'Operation Sindoor'. The Centre revealed their names after 1 year. Posthumous honors were given. India carrie,Bengali,,,,,,,16991,0,,,,,True,True,0,misinfo_spreader,critical,govt_hid_casualties,True,Centre revealed eight Op Sindoor martyrs names after 1 year,Centre reveals Op Sindoor martyrs names after one year; claims eight dead.
Print,,,Rajasthan Patrika,,,,2026-06-27,06:55,coverage,"Honor: Names of 6 martyrs of Operation Sindoor, inscribed in the National War Memorial, made public Soldiers martyred in Operation Sindoor","New Delhi. For the first time, the Central Government has made public the names of six Indian soldiers martyred in Operation Sindoor. The names of these soldier",Hindi,,,,,,,205761,0,,,,,True,True,0,misinfo_spreader,critical,memorial_first_disclosure,True,Names of 6 martyrs made public for the first time,Names of six Op Sindoor martyrs inscribed and made public first time.
Print,,Saurabh Trivedi,The Hindu,,,,2026-06-27,06:55,coverage,Govt. releases names of 6 personnel killed in Operation Sindoor,"In the first official disclosure of military casualties from Operation Sindoor, the Centre on Friday published the names of six armed forces personnel who laid ",English,,,,,,,243862,0,,,,,True,True,-1,misinfo_spreader,critical,govt_hid_casualties,True,First official disclosure of Op Sindoor military casualties,Govt releases six Op Sindoor names as first disclosure; Congress attacks delay.
Print,,Surendra Singh,The Times of India,,,,2026-06-27,06:56,coverage,Names of 6 killed in Op Sindoor inscribed at War Memorial,New Delhi: The Centre has officially released the names of six service personnel killed during Operation Sindoor against Pakistan last year. Five of them served,English,,,,,,,130871,0,,,,,True,True,0,neutral_reporter,neutral,neutral_news,False,,Names of six Op Sindoor killed personnel inscribed at War Memorial.
Print,,,Eenadu,,,,2026-06-27,07:02,coverage,These heroes.. martyrs in 'Sindoor' Centre officially announced six names,"• Their names on the stone plaques at the National War Memorial • Among them, Agniveer Murali Nayak from Sri Sathya Sai district Delhi: In retaliation for Mahal",Telugu,,,,,,,132605,0,,,,,True,True,0,neutral_reporter,neutral,neutral_news,False,,Centre announces six Op Sindoor martyrs names for National War Memorial.
Print,,,Dainik Jagran,,,,2026-06-27,07:11,coverage,Six Indian Soldiers Sacrificed in Operation Sindoor Against Pakistan,"Jagran Bureau, New Delhi Six brave soldiers were martyred in Operation Sindoor, launched by the Indian Army to give a befitting reply to Pakistan for the coward",Hindi,,,,,,,44431,0,,,,,True,True,0,misinfo_spreader,critical,memorial_first_disclosure,True,Names of six soldiers first made public,Six soldiers martyred in Op Sindoor; names first made public at memorial.
Print,,,Nitidin,,,,2026-06-27,07:23,coverage,"'Operation Sindoor' for the first time, names of 7 martyrs made public
To be inscribed in golden letters at the National War Memorial","Bhubaneswar, 22/12/2019: P24
Operation Sindoor's 11 milestones were an achievement of the Indian Army in 2019. Seven martyrs were martyred in this operation. Th",Odia,,,,,,,24093,0,,,,,True,True,0,misinfo_spreader,critical,other,True,Names of 7 martyrs made public for first time,Garbled Odia report claims seven Op Sindoor martyrs names first public.
Print,,,Nitidin,,,,2026-06-27,07:23,coverage,First time 6 martyrs...,"In 1974, six martyrs who were martyred in three separate incidents have been awarded the 'Operation Vijay' certificate of honor by the Odisha government. Of the",Odia,,,,,,,10986,0,,,,,True,False,0,neutral_reporter,,other,False,,Odisha awards certificates to six past Operation Vijay martyrs.
Print,,,Nirvay,,,,2026-06-27,07:29,coverage,Names of 6 martyred jawans in Operation Sindoor released for the first time,"Bhubaneswar: Independence.
The first list of 6 jawans martyred in Operation Sindoor was released today, focusing on terrorists. These names have been published ",Odia,,,,,,,24011,0,,,,,True,True,-1,misinfo_spreader,critical,memorial_first_disclosure,True,Names of six martyrs released for the first time,Claims first-time release of six Operation Sindoor martyrs' names.
Print,,,Nishpaksh Samchar Jyoti,,,,2026-06-27,07:45,coverage,"Six Indian soldiers martyred in Operation Sindoor, names revealed for the first time","New Delhi, | The names of six brave soldiers who made the supreme sacrifice while defending the country during Operation Sindoor have been officially made publi",Hindi,,,,,,,14948,0,,,,,True,True,0,neutral_reporter,neutral,memorial_first_disclosure,True,names revealed for the first time,Six Op Sindoor martyrs named for first time on memorial.
Print,,,Dainik Jagran,,,,2026-06-27,07:51,coverage,"We had thought, if they return, they are ours; otherwise, they will belong to the country.","Jagran Team, New Delhi The entire nation, along with their families, is proud of the brave sons who made the ultimate sacrifice during Operation Sindoor. Althou",Hindi,,,,,,,318469,0,,,,,True,True,1,tribute,defensive,tribute_martyrs,False,,Families proud of Op Sindoor martyrs after government names six soldiers.
Print,,News Agency,Anandabazar Patrika,,,,2026-06-27,07:53,coverage,Sindoor Operation: Names of martyred brave soldiers revealed a year later,"New Delhi, 23 June: For the first time, the Centre has released the names of six Indian soldiers killed in 'Sindoor' operation. The Narendra Modi government has",Bengali,,,,,,,247096,0,,,,,True,True,-1,misinfo_spreader,critical,govt_hid_casualties,True,names revealed a year later for first time,Names of six Op Sindoor martyrs revealed a year later.
Print,,,Navbharat Times,,,,2026-06-27,07:54,coverage,"6 Soldiers Martyred in Operation Sindoor, Names Revealed for the First Time","INS, New Delhi During Operation Sindoor, 6 brave sons of the Indian Army were martyred. Their names have been officially made public for the first time. These n",Hindi,,,,,,,102451,0,,,,,True,True,0,neutral_reporter,neutral,memorial_first_disclosure,True,Names revealed for the first time,Six Op Sindoor martyrs names revealed for first time.
Print,,,The Telegraph,,,,2026-06-27,07:55,coverage,'Belated' tag on Sindoor martyrs,"FROM PAGE 1 The six names will be inscribed on the Tyag Chakra (Circle of Sacrifice) at the National War Memorial in Delhi, dedicated to all the defence personn",English,,,,,,,10496,0,,,,,True,True,-1,critic,critical,memorial_first_disclosure,True,Belated naming of six Op Sindoor martyrs,Belated naming of six Op Sindoor martyrs at War Memorial.
Print,,,Rajasthan Patrika,,,,2026-06-27,07:59,coverage,"Honor: Names of 6 martyrs of Operation Sindoor, inscribed in National War Memorial, made public","Patrika News Network
patrika.com
New Delhi: For the first time, the Central Government has made public the names of six Indian soldiers martyred in Operation Si",Hindi,,,,,,,11619,0,,,,,True,True,0,neutral_reporter,neutral,memorial_first_disclosure,True,names made public for the first time,Names of six Op Sindoor martyrs made public for first time.
Print,,,Mahanagar Times,,,,2026-06-27,08:08,coverage,"Six Indian bravehearts were martyred in Operation Sindoor, names released for the first time
Terrorist attack occurred in Pahalgam on April 22","Mahanagar Times Correspondent
New Delhi. For the first time, the Central Government has officially released the names of six Indian soldiers who were martyred d",Hindi,,,,,,,53816,0,,,,,True,True,0,neutral_reporter,neutral,memorial_first_disclosure,True,names released for the first time,Names of six Op Sindoor martyrs released for first time.
Print,,,Samachar Jagat,,,,2026-06-27,08:10,coverage,"Central Government breaks silence a year after Operation Sindoor, names of martyrs revealed, sacrifice of six jawans disclosed","New Delhi, Agency. The suspense that had lasted for almost a year regarding the damage suffered by the Indian armed forces during 'Operation Sindoor' ended on F",Hindi,,,,,,,13256,0,,,,,True,True,-1,misinfo_spreader,critical,govt_hid_casualties,True,Govt breaks year-long silence on Op Sindoor martyrs,Govt ends year-long silence naming six Op Sindoor martyrs.
Print,,,Sach Bedhadak,,,,2026-06-27,08:11,coverage,Names of 6 martyrs of 'Operation Sindoor' made public,New Delhi. The names of six military personnel who attained martyrdom while performing their duty during 'Operation Sindoor' have been inscribed on the National,Hindi,,,,,,,4303,0,,,,,True,True,0,neutral_reporter,neutral,neutral_news,False,,Names of six Op Sindoor martyrs inscribed on National War Memorial.
Print,,,Kamyaab Kalam,,,,2026-06-27,08:15,coverage,"Names of 6 martyrs of Operation Sindoor made public for the first time. Among them 5 Army, 1 Air Force personnel; attack was carried out in PoK after Pahalgam attack.",New Delhi. The names of 6 personnel of the Indian Armed Forces martyred during Operation Sindoor have been officially made public for the first time. These name,Hindi,,,,,,,187,0,,,,,True,True,-1,misinfo_spreader,critical,memorial_first_disclosure,True,Names made public for the first time,Claims six Op Sindoor martyrs names first made public.
Print,,,Hukumnama,,,,2026-06-27,08:17,coverage,"Names of 6 martyrs of Operation Sindoor made public for the first time
Among them, 5 are from the Army, 1 from the Air Force",New Delhi. The names of 6 personnel of the Indian Armed Forces who were martyred during Operation Sindoor have been officially made public for the first time. T,Hindi,,,,,,,10243,0,,,,,True,True,-1,misinfo_spreader,critical,memorial_first_disclosure,True,Names made public for the first time,Claims six Op Sindoor martyrs names first made public.
Print,,,Hukumnama,,,,2026-06-27,08:18,coverage,"Names of 6 martyrs of Operation Sindoor made public for the first time: 5 Army, 1 Air Force personnel among them",New Delhi. The names of 6 personnel of the Indian Armed Forces who were martyred during Operation Sindoor have been officially made public for the first time. T,Hindi,,,,,,,10243,0,,,,,True,True,-1,misinfo_spreader,critical,memorial_first_disclosure,True,Names made public for the first time,Claims six Op Sindoor martyrs names first made public.
Print,,,Dainik Bhaskar,,,,2026-06-27,08:20,coverage,Revelation after 13 months: Names inscribed on the 'Tyag Chakra' of the War Memorial,"In response to the Pahalgam terrorist attack, 6 soldiers were martyred in 'Operation Sindoor' launched by India in May 2025. The government has made their names",Hindi,,,,,,,241317,0,,,,,True,True,-1,misinfo_spreader,critical,govt_hid_casualties,True,Names revealed after 13 months,Frames six Op Sindoor martyrs names as 13-month revelation.
Print,,,Dainik Bhaskar,,,,2026-06-27,08:20,coverage,"For the first time, the names of 6 martyrs have come to light... That's why today, above the masthead, are the stories of their supreme sacrifice","OPERATION SINDOOR Subedar Major Pawan Kumar (Himachal Pradesh), 10 Infantry Brigade: He was due for retirement in two months. He chose to be posted in the borde",Hindi,,,,,,,24708,0,,,,,True,True,-1,misinfo_spreader,critical,memorial_first_disclosure,True,Names of six Op Sindoor martyrs come to light for first time,Claims six Op Sindoor martyrs' names revealed first time with stories.
Print,,,Daily Thanthi,,,,2026-06-27,08:22,coverage,Names of 6 martyrs in Operation Sindhur released by Central Government,"New Delhi, June 27-
Last year in May, in response to an attack carried out by Pakistani terrorists in the Pahalgam area of Kashmir, Indian forces conducted an o",Tamil,,,,,,,16768,0,,,,,True,True,0,misinfo_spreader,critical,memorial_first_disclosure,True,first releases names of six martyrs,Central govt first releases names of six Op Sindoor martyrs.
Print,,,Samagya,,,,2026-06-27,08:23,coverage,Names of six soldiers who attained martyrdom during 'Operation Sindoor' inscribed on the National War Memorial,New Delhi: The names of six military personnel who attained martyrdom while performing their duty during 'Operation Sindoor' last year have been inscribed on th,Hindi,,,,,,,11532,0,,,,,True,True,-1,misinfo_spreader,critical,memorial_first_disclosure,True,Names inscribed on memorial for first time,Claims six Op Sindoor martyrs names inscribed for first time.
Print,,,Hindu Tamil Thisai,,,,2026-06-27,08:27,coverage,Release of Names of 6 Soldiers Martyred in Operation Sindhur,"New Delhi:
On April 22, 2025, India gave a fitting reply to the attack carried out by Pakistani terrorists in Bahal Kam, Kashmir, under the name 'Operation Sind",Tamil,,,,,,,73357,0,,,,,True,True,-1,misinfo_spreader,critical,memorial_first_disclosure,True,Names inscribed at memorial for first time,Reports six Operation Sindoor martyrs names inscribed for first time.
Print,,,Sanmarg,,,,2026-06-27,08:28,coverage,"Names of 6 martyrs of Operation Sindoor made public for the first time, remembered at National War Memorial, including 5 Army, 1 Air Force personnel",New Delhi: The names of 6 personnel of the Indian Armed Forces who were martyred during Operation Sindoor have been officially made public for the first time. T,Hindi,,,,,,,254552,0,,,,,True,True,-1,misinfo_spreader,critical,memorial_first_disclosure,True,Names made public for the first time,Claims six Op Sindoor martyrs names first made public at memorial.
Print,,,Punjab Kesari,,,,2026-06-27,08:36,coverage,Operation Sindoor: Names made public on National War Memorial website Names of 6 martyrs will be immortalized at the National War Memorial,Punjab Kesari/New Delhi The Indian Army had conducted 'Operation Sindoor' last year against terrorists hidden in Pakistan-occupied Kashmir and Pakistan. In this,Hindi,,,,,,,68707,0,,,,,True,True,0,neutral_reporter,neutral,neutral_news,False,,Reports six Op Sindoor martyrs named on National War Memorial website.
Print,,,Haribhoomi,,,,2026-06-27,08:41,coverage,"Names of 6 martyrs of Operation Sindoor revealed for the first time, registered on War Memorial website",Haribhumi News | New Delhi The six soldiers martyred during the Indian Army's Operation Sindoor have now been formally revealed to the nation. The government ha,Hindi,,,,,,,310288,0,,,,,True,True,-1,misinfo_spreader,critical,memorial_first_disclosure,True,Names of six martyrs revealed for the first time,States six Op Sindoor martyrs names revealed first time on memorial.
Print,,Agency,Hindustan,,,,2026-06-27,08:52,coverage,Names of six soldiers martyred in 'Operation Sindoor' made public,"New Delhi, Agency. The Central Government has for the first time made public the names of six soldiers who made the supreme sacrifice during 'Operation Sindoor'",Hindi,,,,,,,23258,0,,,,,True,True,-1,misinfo_spreader,critical,memorial_first_disclosure,True,Names of six soldiers made public for the first time,Reports first-time public naming of six Operation Sindoor martyrs.
Print,,,The Hawk,,,,2026-06-27,09:03,coverage,Govt Reveals Names of 6 Soldiers Killed in Action During Op Sindoor,"New Delhi (Agency): The central government has released the names of six soldiers who were killed during Operation Sindoor, making public the identities of the ",English,,,,,,,14162,0,,,,,True,True,-1,misinfo_spreader,critical,memorial_first_disclosure,True,Govt making public the identities of six soldiers,Reports government revealing names of six Op Sindoor soldiers.
Print,,,Dainik Hawk,,,,2026-06-27,09:04,coverage,"Operation Sindoor: Names of 6 martyrs made public for the first time; 5 Army, 1 Air Force personnel attacked in PoK",New Delhi (Agency). The names of 6 Indian armed forces personnel martyred during Operation Sindoor have been officially made public for the first time. These na,Hindi,,,,,,,12918,0,,,,,True,True,-1,misinfo_spreader,critical,memorial_first_disclosure,True,Names of six martyrs made public for the first time,Claims first public naming of six Op Sindoor martyrs including IAF.
Print,,,Sushila Times,,,,2026-06-27,09:22,coverage,"Over a year after Op Sindoor, Centre officially names six soldiers killed in action","NEW DELHI: More than a year after Operation Sindoor, the Union government has officially recorded the names of the six military personnel who lost their lives d",English,,,,,,,18273,0,,,,,True,True,-1,misinfo_spreader,critical,memorial_first_disclosure,True,Centre officially names six soldiers over a year after Op Sindoor,Frames official naming of six martyrs as delayed by over a year.
Print,,,Vrajkishan Bhoomi,,,,2026-06-27,09:25,coverage,"Now, the names of these brave soldiers will be immortalized forever in the National War Memorial.
Identification of 6 martyrs of Operation Sindoor announced.
Now, the names of these brave soldiers will be permanently inscribed on special granite bricks in the National War Memorial.","(Agency)
New Delhi, Date 26
The Indian government has announced the names of six brave soldiers who made the supreme sacrifice for the country in Operation Sind",Gujarati,,,,,,,23241,0,,,,,True,True,0,neutral_reporter,neutral,memorial_first_disclosure,True,Identification of six Op Sindoor martyrs newly announced,Reports announcement of six Op Sindoor martyrs for war memorial.
Print,,,Amar Ujala,,,,2026-06-27,09:34,coverage,"6 Indian Soldiers Sacrificed in Operation Sindoor, Names Revealed for the First Time Names of Sacrificed Soldiers Inscribed at National War Memorial","New Delhi: Six Indian soldiers were martyred in Operation Sindoor, launched in response to a terrorist attack in Pahalgam, Jammu and Kashmir. For the first time",Hindi,,,,,,,110675,0,,,,,True,True,-1,misinfo_spreader,critical,memorial_first_disclosure,True,Names of six Op Sindoor soldiers revealed for first time,States Centre reveals six Op Sindoor martyrs names for first time.
Print,,,Kutch Mitra,,,,2026-06-27,09:37,coverage,Disclosure of names of martyrs of Operation Sindoor: Government has for the first time announced the names of martyrs: Names inscribed on the War Memorial and its website.,"New Delhi, Date 26: The Government of India has for the first time officially disclosed the names of 6 Indian Army personnel who were martyred for the country d",Gujarati,,,,,,,13008,0,,,,,True,True,-1,misinfo_spreader,critical,memorial_first_disclosure,True,Government for first time announced names of six martyrs,Claims first-time official disclosure of six Op Sindoor martyrs on memorial.
Print,,,The New Indian Express,,,,2026-06-27,09:41,coverage,"A yr on, govt recognises 6 soldiers killed in Op Sindoor","MORE than a year after Operation Sindoor, the government has officially recorded the names of the six military personnel who made the supreme sacrifice during t",English,,,,,,,43257,0,,,,,True,True,-1,misinfo_spreader,critical,memorial_first_disclosure,True,Govt recognises six Op Sindoor martyrs only after a year,Reports delayed official recognition of six Op Sindoor martyrs on memorial.
Print,,,Aman Path,,,,2026-06-27,09:43,coverage,"Six Brave Sons Martyred in Operation Sindoor, Government Releases Names","NEW DELHI: The government has made a big and important disclosure regarding 'Operation Sindoor', launched by India in May 2025 to dismantle terrorist infrastruc",Hindi,,,,,,,10121,0,,,,,True,True,0,neutral_reporter,neutral,memorial_first_disclosure,True,Government makes big disclosure of six names,Frames government release of six Op Sindoor martyr names as important new disclosure.
Print,,,Prime Day,,,,2026-06-27,09:44,coverage,Names of 6 bravehearts killed in Operation Sindoor made public,"Names of 6 bravehearts killed in Operation Sindoor made public
Rifleman Sunil Kumar (Vir Chakra)
Sergeant Surendra Kumar (Vayu Medal)
Subedar Major Pawan Kumar
",Hindi,,,,,,,14836,0,,,,,True,True,0,neutral_reporter,neutral,memorial_first_disclosure,True,Names of six killed made public,Lists six Op Sindoor personnel names as made public and added to war memorial.
Print,,,Utkal Mail,,,,2026-06-27,09:44,coverage,"Triple Murder in Bengaluru: Daughter Drowned in House Restrictions and 30 Lakh Debt Murdered Entire Family
Tazia Collides with High-Tension Line During Muharram Procession in Ratlam, Three Dead, 10 Injured
Names of 6 Martyrs of Operation Sindoor Revealed for the First Time, Given Place in National War Memorial
Who is Mahesh Dixit, Appointed as Chief of Intelligence Bureau?","Bengaluru (RNS). Engineer Somasundaram (55) and his wife Muthulakshmi (48) lived in Saan Tower in K.R. Puram area near Bengaluru, Karnataka. They had two daught",Hindi,,,,,,,77463,0,,,,,True,True,0,neutral_reporter,neutral,neutral_news,False,,Mentions Op Sindoor martyrs named amid other crime news.
Print,,,Syndicate Media,,,,2026-06-27,09:47,coverage,"Names of 6 martyrs of Operation Sindoor made public, included in the 'Roll of Honor' list of the National War Memorial","New Delhi, Agency. The names of 6 brave soldiers martyred in Operation Sindoor have been released for the first time. These names have been mentioned on the web",Hindi,,,,,,,11387,0,,,,,True,True,0,neutral_reporter,neutral,memorial_first_disclosure,True,Names of 6 martyrs released for first time,Reports six Op Sindoor martyrs' names first released on National War Memorial website.
Print,,,Rajasthan Patrika,,,,2026-06-27,09:50,coverage,"Honor: Names of 6 martyrs of Operation Sindoor, inscribed in the National War Memorial, made public.","New Delhi. For the first time, the Central Government has made public the names of six Indian soldiers martyred in Operation Sindoor. The names of these soldier",Hindi,,,,,,,200885,0,,,,,True,True,0,neutral_reporter,neutral,memorial_first_disclosure,True,Names made public for the first time,Says central government first made public six Op Sindoor martyrs inscribed at memorial.
Print,,,Aaj ka Aalap,,,,2026-06-27,09:54,coverage,Names of 6 Martyrs of Operation Sindoor Revealed for the First Time - Found a Place in National War Memorial,"New Delhi (A). For the first time, the Government of India has made public the names of those martyrs who lost their lives in Operation Sindoor against Pakistan",Hindi,,,,,,,1554,0,,,,,True,True,0,neutral_reporter,neutral,memorial_first_disclosure,True,Names revealed for the first time,Reports government first publicised six Op Sindoor martyrs for National War Memorial.
Print,,,Amar Ujala,,,,2026-06-27,09:54,coverage,"Congress attacks government, says hiding names of martyrs is shameful",New Delhi. Congress has attacked the government for making public the names of six military personnel martyred in Operation Sindoor after one year. Congress all,Hindi,,,,,,,28562,0,,,,,True,True,-2,attacker,critical,govt_hid_casualties,True,Government hid names of six Op Sindoor martyrs for a year,Congress criticises government for delaying disclosure of six martyrs' names.
Print,,,Vande matram,,,,2026-06-27,09:57,coverage,"Names of 6 Martyrs of Operation Sindoor Made Public, Included in National War Memorial's 'Roll of Honor' List","New Delhi, Agency. The names of 6 brave soldiers martyred in Operation Sindoor have been released for the first time. These names have been mentioned on the web",Hindi,,,,,,,11252,0,,,,,True,True,0,neutral_reporter,neutral,memorial_first_disclosure,True,Names of 6 martyrs made public for first time,States six Op Sindoor martyrs' names first released on National War Memorial roll.
Print,,,Lokswar,,,,2026-06-27,10:11,coverage,"Names of 6 martyrs of Operation Sindoor made public for the first time
Among them 5 Army, 1 Air Force personnel; attacked in PoK after Pahalgam attack",New Delhi. The names of 6 personnel of the Indian Armed Forces who were martyred during Operation Sindoor have been officially made public for the first time. T,Hindi,,,,,,,16726,0,,,,,True,True,0,neutral_reporter,neutral,memorial_first_disclosure,True,Names of 6 martyrs made public for first time,Claims six Op Sindoor martyrs' names officially made public for first time at memorial.
Print,,,Bhaskar Doot,,,,2026-06-27,10:15,coverage,"Honour for the heroes of Operation Sindoor
Names of six martyrs registered at National War Memorial","New Delhi. Six brave soldiers of Operation Sindoor, who made the supreme sacrifice for the country's security, have now received official recognition. For the f",Hindi,,,,,,,19079,0,,,,,True,True,0,neutral_reporter,neutral,memorial_first_disclosure,True,Names registered at NWM for first time,Reports six Op Sindoor martyrs' names inscribed at National War Memorial as first recognition.
Print,,,Vijay Mat,,,,2026-06-27,10:19,coverage,"Honour for martyrs of Operation Sindoor at National War Memorial
Names of six jawans martyred in Operation Sindoor made public for the first time","New Delhi, Agency
The Central Government has for the first time officially made public the names of six jawans of the Indian Army and Air Force who made the sup",Hindi,,,,,,,11543,0,,,,,True,True,0,misinfo_spreader,critical,memorial_first_disclosure,True,Names made public for the first time,Claims six Op Sindoor martyrs' names made public for first time.
Print,,,Pradesh Today,,,,2026-06-27,10:20,coverage,"6 Jawans Martyred in Operation Sindoor, Government Made Names Public","New Delhi, Agency. After the terrorist attack in Pahalgam on April 22, 2025, India launched Operation Sindoor and targeted terrorist hideouts in Pakistan and Pa",Hindi,,,,,,,12223,0,,,,,True,True,0,neutral_reporter,neutral,neutral_news,False,,Government made public names of six jawans martyred in Operation Sindoor.
Print,,,Prakhar Samachar,,,,2026-06-27,10:22,coverage,"Six brave sons were martyred in Operation Sindoor, government released names","New Delhi. The government has made a big and important disclosure regarding Operation Sindoor, launched by India in May 2025 to dismantle terrorist structures. ",Hindi,,,,,,,9182,0,,,,,True,True,1,misinfo_spreader,critical,memorial_first_disclosure,True,Government made big important disclosure of names,Reports government big disclosure of six Op Sindoor martyr names.
Print,,,Central Chronicle,,,,2026-06-27,10:37,coverage,Tyag Chakra Inscribes the Bravery of Sindoor,"| OUR VIEW |
Tyag Chakra Inscribes the Bravery of Sindoor
The disclosure of the names of six soldiers who laid down their lives during Operation Sindoor is both",English,,,,,,,25358,0,,,,,True,True,1,supporter,defensive,tribute_martyrs,False,,Praises Tyag Chakra inscription honouring six Op Sindoor martyrs' bravery.
Print,,,Vande matram,,,,2026-06-27,10:41,coverage,"Names of 6 martyrs of Operation Sindoor made public
Included in the 'Roll of Honor' list of the National War Memorial","New Delhi, Agency. The names of 6 brave soldiers martyred in Operation Sindoor have been released for the first time. These names have been mentioned on the web",Hindi,,,,,,,11252,0,,,,,True,True,0,misinfo_spreader,critical,memorial_first_disclosure,True,Names released for the first time,Claims six Op Sindoor martyrs' names made public for first time.
Print,,,Malayala Manorama,,,,2026-06-27,13:04,coverage,Operation Sindoor: 6 bravehearts attained martyrdom. Names inscribed in the National War Memorial.,NEW DELHI • The names of 6 soldiers who attained martyrdom in Operation Sindoor have been released. Operation Sindoor was a four-day military operation last May,Malayalam,,,,,,,200729,0,,,,,True,True,0,neutral_reporter,neutral,neutral_news,False,,Names of six Operation Sindoor martyrs released for National War Memorial inscription.
Print,,,Malayala Manorama,,,,2026-06-27,13:04,coverage,Names of soldiers martyred in Operation Sindoor engraved on granite stones at the National War Memorial in Delhi. Photo: Manorama,"OP SINDOOR, 2025, SUB MAJ PARAN KUMAR, RFN SUNIL KUMAR, YVC, AV MOOD MURALINAIK, HAV SUMIL KUMAR SINGH, SGT SURENDRA KUMAR. The names of soldiers martyred in Op",Malayalam,,,,,,,180317,0,,,,,True,True,0,neutral_reporter,neutral,tribute_martyrs,False,,Photo shows names of Op Sindoor martyrs engraved at National War Memorial.
Print,,,Janmabhumi,,,,2026-06-27,13:06,coverage,Six soldiers who attained martyrdom in Operation Sindoor are now in Tyag Chakra,NEW DELHI: The names of six soldiers who attained martyrdom in 'Operation Sindoor' will be inscribed on the 'Tyag Chakra' at the National War Memorial. This dec,Malayalam,,,,,,,200391,0,,,,,True,True,0,neutral_reporter,neutral,neutral_news,False,,Six Op Sindoor martyrs' names to be inscribed on National War Memorial Tyag Chakra.
Print,,,Kerala Kaumudi,,,,2026-06-27,13:06,coverage,Operation Sindoor: 6 Soldiers Attained Martyrdom Remains Placed in War Memorial,"NEW DELHI: Six soldiers attained martyrdom in Operation Sindoor. Their remains were placed in the war memorial. The operation involved 39 soldiers, 10 officers,",Malayalam,,,,,,,172167,0,,,,,True,True,0,tribute,defensive,tribute_martyrs,False,,Notes six Op Sindoor martyrs' remains placed in war memorial.
Print,,,Metro Vaartha,,,,2026-06-27,13:07,coverage,Operation Sindoor: Names of martyred soldiers released,New Delhi: The Central Government has released the details of the soldiers who attained martyrdom in Operation Sindoor. The names of the soldiers who lost their,Malayalam,,,,,,,79397,0,,,,,True,True,0,neutral_reporter,neutral,neutral_news,False,,Central Government releases names of Operation Sindoor martyred soldiers.
Print,,,Deshabhimani,,,,2026-06-27,13:08,coverage,Centre says 6 soldiers attained martyrdom in Operation Sindoor,"Our Correspondent, New Delhi: The Central Government has stated that six soldiers attained martyrdom during 'Operation Sindoor'. This is the first time the Cent",Malayalam,,,,,,,63905,0,,,,,True,True,-1,misinfo_spreader,critical,memorial_first_disclosure,True,first time Centre states six soldiers martyred,Claims first-time Centre names six Operation Sindoor martyrs.
Print,,Surendra Singh,The Times of India,,,,2026-06-27,13:09,coverage,Names of 6 killed in Op Sindoor inscribed at War Memorial,Surendra.Singh @timesofindia.com New Delhi: The Centre has officially released the names of six service personnel killed during Operation Sindoor against Pakist,English,,,,,,,123922,0,,,,,True,True,0,neutral_reporter,neutral,neutral_news,False,,Reports six Op Sindoor names inscribed at War Memorial with awards.
Print,,Saurabh Trivedi,The Hindu,,,,2026-06-27,13:10,coverage,Govt. releases names of 6 personnel killed in Operation Sindoor,"In the first official disclosure of military casualties from Operation Sindoor, the Centre on Friday published the names of six armed forces personnel who laid ",English,,,,,,,244913,0,,,,,True,True,-1,critic,critical,memorial_first_disclosure,True,first official disclosure of military casualties,Claims first disclosure of six names; Congress attacks one-year delay.
Print,,,The New Indian Express,,,,2026-06-27,13:11,coverage,"A year on, govt recognises 6 soldiers killed in Op Sindoor","MORE than a year after Operation Sindoor, the government has officially recorded the names of the six military personnel who made the supreme sacrifice during t",English,,,,,,,135572,0,,,,,True,True,-1,critic,critical,govt_hid_casualties,True,govt recognises six soldiers only a year later,Frames govt recording six Op Sindoor martyrs as delayed by a year.
Print,,,The Tribune,,,,2026-06-28,02:26,coverage,Due process followed in engraving six martyrs’ names at war memorial: MoD,"NEW DELHI, JUNE 27 Referring to putting the names of six soldiers, who lost their lives during Operation Sindoor, at the National War Memorial, the Ministry of ",English,,,,,,,17322,0,,,,,True,True,2,defender,defensive,defend_procedural,False,,MoD affirms due process for memorial names and clarifies Rajnath speech.
Print,,SHEKHAR SINGH,The Tribune,,,,2026-06-28,02:26,coverage,"Names of Operation Sindoor martyrs concealed for 14 months, says Cong","SHEKHAR SINGH TRIBUNE NEWS SERVICE NEW DELHI, JUNE 27 The Congress on Saturday accused the PM Narendra Modi-led government of concealing the identities of soldi",English,,,,,,,17322,0,,,,,True,True,0,neutral_reporter,neutral,govt_hid_casualties,False,,Congress claims govt hid Operation Sindoor martyrs 14 months and Rajnath misled; MoD rejects.
Print,,,The Millennium Post,,,,2026-06-28,02:27,coverage,'THIS IS AN INSULT TO OUR SOLDIERS' Concealing martyrdom of 6 soldiers in Op Sindoor denied them honour: Cong,OUR CORRESPONDENT NEW DELHI: The Congress on Saturday accused the government of concealing the supreme sacrifice of six soldiers during Operation Sindoor and th,English,,,,,,,33577,0,,,,,True,True,-1,neutral_reporter,neutral,govt_hid_casualties,False,,Congress accuses government of hiding six Operation Sindoor martyrs and misleading Parliament.
Print,,,Mathrubhumi,,,,2026-06-28,02:33,coverage,Operation Sindoor: Congress against the Centre for Hiding the Sacrifice of Six Martyred Soldiers,"New Delhi: The Congress has alleged that the central government hid the sacrifice of six soldiers who were martyred during 'Operation Sindoor', a military opera",Malayalam,,,,,,,17981,0,,,,,True,True,0,neutral_reporter,neutral,neutral_news,False,,Congress alleges hiding of martyrs; MoD rejects claims as incorrect.
Print,,,Nava Bharat,,,,2026-06-28,02:51,coverage,Political Uproar over 'Operation Sindoor',New Delhi. The political dispute over 'Operation Sindoor' is continuously deepening. The Congress party has alleged that information about six soldiers martyred,Hindi,,,,,,,4034,0,,,,,True,True,0,neutral_reporter,neutral,govt_hid_casualties,False,,Congress alleges government hid six Operation Sindoor martyrs details and misled Parliament; govt rejects.
Print,,,Nava Bharat,,,,2026-06-28,02:53,coverage,At a Glance Political Uproar over 'Operation Sindoor',New Delhi. The political dispute over 'Operation Sindoor' is continuously deepening. The Congress party has alleged that information about six soldiers martyred,Hindi,,,,,,,4011,0,,,,,True,True,0,neutral_reporter,neutral,govt_hid_casualties,False,,Congress alleges government hid six Operation Sindoor martyrs details and misled Parliament; govt rejects.
Print,,,Morning Kashmir,,,,2026-06-28,03:07,coverage,India Releases Names of Six Soldiers Killed in 'Operation Sindoor' Against Pakistan,"New Delhi // Milap News Network // India has officially released the names of six personnel of its armed forces who were killed during ""Operation Sindoor"" in Ma",English,,,,,,,6467,0,,,,,True,True,0,misinfo_spreader,critical,memorial_first_disclosure,True,India officially released names of six killed soldiers,Report frames memorial inscription as official first release of six names.
Print,,Anjali Bhatia,Sanmarg,,,,2026-06-28,03:20,coverage,"6 martyrs of Operation Sindoor have already received national honor
Government called recent claims false","6 martyrs of Operation Sindoor have already received national honor
Government called recent claims false

New Delhi: Anjali Bhatia
The Central Government has c",Hindi,,,,,,,24159,0,,,,,True,True,2,defender,defensive,dgmo_already_disclosed,False,,Govt says six Op Sindoor martyrs received prompt national honour and tributes.
Print,,,The Tribune,,,,2026-06-28,03:24,coverage,Due process followed in engraving six martyrs' names at war memorial: MoD,"NEW DELHI, JUNE 27 Referring to putting the names of six soldiers, who lost their lives during Operation Sindoor, at the National War Memorial, the Ministry of ",English,,,,,,,17199,0,,,,,True,True,2,defender,defensive,defend_procedural,False,,MoD affirms due process for memorial names and clarifies Rajnath speech.
Print,,SHEKHAR SINGH,The Tribune,,,,2026-06-28,03:24,coverage,"Names of Operation Sindoor martyrs concealed for 14 months, says Cong","SHEKHAR SINGH TRIBUNE NEWS SERVICE NEW DELHI, JUNE 27 The Congress on Saturday accused the PM Narendra Modi-led government of concealing the identities of soldi",English,,,,,,,17199,0,,,,,True,True,0,neutral_reporter,neutral,govt_hid_casualties,False,,Congress claims govt hid Operation Sindoor martyrs 14 months and Rajnath misled; MoD rejects.
Print,,,Navgujarat Samay,,,,2026-06-28,03:25,coverage,Opposition claims Defense Minister Rajnath Singh said in a parliamentary speech that not a single Indian soldier was martyred. Government misled the nation on the martyrdom of 6 jawans in Operation Sindoor: Congress,"Agency > New Delhi After the government released the names of 6 Indian soldiers martyred in 'Operation Sindoor' conducted last year, the opposition has accused ",Gujarati,,,,,,,17871,0,,,,,True,True,0,neutral_reporter,neutral,rajnath_lied_parliament,False,,Congress claims Rajnath misled on Op Sindoor martyrs; MoD says selectively quoted.
Print,,,The Tribune,,,,2026-06-28,03:26,coverage,Due process followed in engraving six martyrs' names at war memorial: MoD,"NEW DELHI, JUNE 27 Referring to putting the names of six soldiers, who lost their lives during Operation Sindoor, at the National War Memorial, the Ministry of ",English,,,,,,,17352,0,,,,,True,True,2,defender,defensive,defend_procedural,False,,MoD affirms due process for memorial names and clarifies Rajnath speech.
Print,,,The Tribune,,,,2026-06-28,03:26,coverage,Due process followed in engraving six martyrs’ names at war memorial: MoD,"NEW DELHI, JUNE 27 Referring to putting the names of six soldiers, who lost their lives during Operation Sindoor, at the National War Memorial, the Ministry of ",English,,,,,,,17352,0,,,,,True,True,2,defender,defensive,defend_procedural,False,,MoD affirms due process for memorial names and clarifies Rajnath speech.
Print,,Shekhar Singh,The Tribune,,,,2026-06-28,03:26,coverage,"Names of Operation Sindoor martyrs concealed for 14 months, says Cong","SHEKHAR SINGH TRIBUNE NEWS SERVICE NEW DELHI, JUNE 27 The Congress on Saturday accused the PM Narendra Modi-led government of concealing the identities of soldi",English,,,,,,,17206,0,,,,,True,True,0,neutral_reporter,neutral,govt_hid_casualties,False,,Congress claims govt hid Operation Sindoor martyrs 14 months and Rajnath misled; MoD rejects.
Print,,,The Hindu,,,,2026-06-28,04:19,coverage,Parliament was misled by govt. on casualties during Operation Sindoor: Cong.,"The Hindu Bureau NEW DELHI A day after the government officially released the names of the soldiers who died during Operation Sindoor, the Congress on Saturday ",English,,,,,,,29182,0,,,,,True,True,-1,neutral_reporter,neutral,rajnath_lied_parliament,False,,Congress accuses Rajnath of misleading Parliament on Op Sindoor casualties after names released.
Print,,,Punjab Kesari,,,,2026-06-28,05:48,coverage,"Six martyrs of Operation Sindoor have already received national honor, Army's clarification",New Delhi (Punjab Kesari): False claims are being made in some sections of the media and social media regarding the six brave soldiers martyred during Operation,Hindi,,,,,,,19701,0,,,,,True,True,2,defender,defensive,dgmo_already_disclosed,False,,Army clarifies six Op Sindoor martyrs already honoured with tributes and awards.
Print,,,The Times of India,,,,2026-06-28,06:18,coverage,Govt: Never hid info on Sindoor deaths 'Allegations Over Rajnath Speech On Op Incorrect' Rajnath misleading nation on Sindoor casualties: Cong,New Delhi: The defence ministry Saturday asserted that information about the deaths of six military personnel during the May 7-10 2025 Operation Sindoor was nev,English,,,,,,,25669,0,,,,,True,True,1,neutral_reporter,neutral,neutral_news,False,,MoD denies hiding Sindoor deaths; Congress alleges Rajnath misled nation.
Print,,,The Times of India,,,,2026-06-28,06:20,coverage,'Posts On Rajnath's Parl Speech On Sindoor Incorrect' / Rajnath misleading nation on Sindoor casualties: Cong,New Delhi: The defence ministry Saturday asserted that information about the deaths of six military personnel during the May 7-10 2025 Operation Sindoor was nev,English,,,,,,,21152,0,,,,,True,True,1,neutral_reporter,neutral,neutral_news,False,,MoD rejects hiding claims on Sindoor deaths; Congress alleges cover-up.
Print,,,The Times of India,,,,2026-06-28,06:20,coverage,Rajnath misleading nation on Sindoor casualties: Cong,"With Modi govt accepting that six soldiers had died in Op Sindoor, Congress has accused defence minister Rajnath Singh of misleading the nation and committing b",English,,,,,,,7262,0,,,,,True,True,-2,misinfo_spreader,critical,rajnath_lied_parliament,True,Rajnath misled nation; govt hid six Sindoor deaths,Congress accuses Rajnath of misleading nation on Op Sindoor casualties.
Print,,,Rajasthan Patrika,,,,2026-06-28,06:37,coverage,Operation Sindoor: Defence Ministry says Rajnath Singh's statement is being misquoted,"New Delhi. Regarding the controversy over the six soldiers martyred during Operation Sindoor, the Ministry of Defence has accused of misquoting the statement of",Hindi,,,,,,,321212,0,,,,,True,True,2,defender,defensive,defend_context,False,,MoD says Rajnath Singh's Op Sindoor remarks are being misquoted.
Print,,,Amar Ujala,,,,2026-06-28,06:45,coverage,Rajnath's Statement on Operation Sindoor Presented in Wrong Context: Centre Clarifies Controversy Arising from Old Statement,"New Delhi. Following Defence Minister Rajnath Singh's statement in Parliament after Operation Sindoor, the government has issued a clarification amidst a contro",Hindi,,,,,,,159334,0,,,,,True,True,2,defender,defensive,defend_context,False,,Centre clarifies Rajnath Sindoor remarks misrepresented; martyrs honoured earlier.
Print,,,The Times of India,,,,2026-06-28,06:45,coverage,Govt: Never hid info on Sindoor deaths,'Allegations Over Rajnath Speech On Op Incorrect' TIMES NEWS NETWORK New Delhi: The defence ministry Saturday asserted that information about the deaths of six ,English,,,,,,,187158,0,,,,,True,True,2,defender,defensive,defend_context,False,,MoD asserts Op Sindoor deaths never hidden; Rajnath speech claims misleading.
Print,,,The Times of India,,,,2026-06-28,07:08,coverage,Rajnath misleading nation on Sindoor casualties: Cong,"With Modi govt accepting that six soldiers had died in Op Sindoor, Congress has accused defence minister Rajnath Singh of misleading the nation and committing b",English,,,,,,,455094,0,,,,,True,True,-2,misinfo_spreader,critical,rajnath_lied_parliament,True,Rajnath misled nation; govt hid six Sindoor deaths,Congress accuses Rajnath of misleading nation on Op Sindoor casualties.
Print,,,Rashtriya Naveen Mail,,,,2026-06-28,08:13,coverage,"Martyrdom, Politics and those 6 Empty Wrists, from whom the truth was hidden
● 'Political curtain' on martyrdom: Was the sacrifice of 'Operation Sindoor' bravehearts falsely stated in Parliament? Why were they removed from their posts?
● When the sacrifice of six sons of the country was hidden by calling it 'Zero Damage' by the government!
● Stones of National War Memorial exposed the truth, government cheated 'martyr families' to save its face","Bureau

New Delhi: When a soldier sacrifices his life for the honor of the tricolor on the border, his family swells with pride. He cries, but holds back his te",Hindi,,,,,,,22022,0,,,,,True,True,-2,misinfo_spreader,critical,rajnath_lied_parliament,True,Govt hid Op Sindoor martyrs and falsely stated zero damage in Parliament,Critical piece alleges political cover-up and false Parliament claims on martyrs.
Print,,,Anandabazar Patrika,,,,2026-06-28,08:23,coverage,Opposition targets Rajnath over 'Sindoor',"New Delhi, 29 July: Last year, the names of six soldiers killed during 'Operation Sindoor' against Pakistan were revealed on Friday. The opposition has raised q",Bengali,,,,,,,389687,0,,,,,True,True,-1,critic,critical,opposition_attack,True,Names of six soldiers first revealed now,Opposition targets Rajnath over Sindoor; MoD denies names were hidden.
Print,,Uday Jagtap,Navbharat Times,,,,2026-06-28,08:25,coverage,Martyrs of Operation Sindoor Immortalized in National War Memorial,New Delhi: The names of soldiers martyred in Operation Sindoor have come to light for the first time. They have been added to the memorial at the National War M,Hindi,,,,,,,133788,0,,,,,True,True,0,misinfo_spreader,critical,memorial_first_disclosure,True,names have come to light for the first time,Op Sindoor martyrs names come to light first time at memorial.
Print,,,Punjab Kesari,,,,2026-06-28,08:30,coverage,"Sacrifice of soldiers during 'Operation Sindoor' hidden, Parliament misled: Congress","New Delhi, (Punjab Kesari): The Congress on Saturday alleged that by hiding information about the sacrifice of six soldiers during 'Operation Sindoor', the sold",Hindi,,,,,,,114612,0,,,,,True,True,-2,attacker,critical,govt_hid_casualties,True,"Sacrifice of six Sindoor soldiers hidden, Parliament misled",Congress alleges hiding of Op Sindoor sacrifices and misleading.
Print,,Sanat Jain,Punch,,,,2026-06-28,08:51,coverage,"6 Immortal Martyrs of Operation Sindoor, Misrepresentation in Parliament?","Operation Sindoor took place approximately 13 months ago. In this operation, 6 Indian soldiers were martyred. Among the martyred soldiers are Subedar Major Pawa",Hindi,,,,,,,2292,0,,,,,True,True,-2,attacker,critical,rajnath_lied_parliament,True,Rajnath misrepresented Op Sindoor casualties in Parliament,Report accuses Rajnath of misleading Parliament on six Sindoor martyrs.
Print,,,Samagya,,,,2026-06-28,09:00,coverage,The country had paid tribute to the bravehearts of 'Operation Sindoor' without any delay: Ministry of Defence,"New Delhi: Amidst the ongoing controversy regarding the six martyrs of Operation Sindoor, the Ministry of Defence said on Saturday that the nation had paid trib",Hindi,,,,,,,8979,0,,,,,True,True,2,defender,defensive,dgmo_already_disclosed,False,,MoD says Op Sindoor martyrs tributes paid without delay via DGMO.
Print,,,Kutch Mitra,,,,2026-06-28,09:20,coverage,Government hid martyrdom of soldiers: Congress,"New Delhi, Date 27: The Congress has accused the government of insulting soldiers by hiding information about the 6 soldiers martyred during Operation Sindoor. ",Gujarati,,,,,,,9793,0,,,,,True,True,-2,attacker,critical,govt_hid_casualties,True,Government hid six Op Sindoor martyrs,Congress accuses government of hiding six Sindoor martyrs.
Print,,,Mumbai Samachar,,,,2026-06-29,00:37,coverage,The claim of hiding the names of martyrs of Operation Sindoor is completely false,"Last year, the names of 5 brave martyrs of Operation Sindoor, which took place with Pakistan, were announced by the Central Government within 1 to 3 months. Con",Gujarati,,,,,,,48193,0,,,,,True,True,2,defender,defensive,defend_procedural,False,,Article rejects claim of hiding Op Sindoor martyrs names as completely false.
Print,,,Samvet Shikhar,,,,2026-06-29,00:51,coverage,"Government hid information about martyrs of Operation Sindoor: Congress Government said - this claim is not true, Defense Minister's statement was presented incorrectly",New Delhi (A). A controversy has erupted after the names of 6 martyred soldiers of India in Operation Sindoor were made public. The Congress has accused the gov,Hindi,,,,,,,9718,0,,,,,True,True,0,neutral_reporter,neutral,neutral_news,False,,Congress claims govt hid Op Sindoor martyrs; government says claim untrue.
Print,,,Early Times,,,,2026-06-29,00:51,coverage,Forever in operations division joint mountain terrain bicycling expedition,"LEH, June 28: The Indian Army's ""Forever in Operations Division"" Joint Mountain Terrain Bicycling Expedition 2026 concluded at the Kargil War Memorial, Drass on",English,,,,,,,26149,0,,,,,True,False,0,neutral_reporter,,other,False,,Army Forever in Operations Division ends mountain bicycling expedition at Kargil Memorial.
Print,,,Greater Jammu,,,,2026-06-29,00:51,coverage,Forever in operation bicycling expedition concludes,"GJ REPORT LEH, JUN 28: The Indian Army's ""Forever in Operations Division"" Joint Mountain Terrain Bicycling Expedition concluded here at the Kargil War Memorial,",English,,,,,,,18826,0,,,,,True,False,0,neutral_reporter,,other,False,,Army Forever in Operations Division ends mountain bicycling expedition at Kargil Memorial.
Print,,,Deshbandhu,,,,2026-06-29,04:05,coverage,Controversy over martyrdom is unfortunate,"In May 2025, six soldiers were martyred in 'Operation Sindoor' launched against Pakistan, whose names have now been made public by the Modi government a year la",Hindi,,,,,,,33644,0,,,,,True,True,-2,attacker,critical,govt_hid_casualties,True,Govt concealed six Op Sindoor martyrs for a year,Editorial attacks govt for concealing then politicising six Op Sindoor martyrs.
Print,,,Deshbandhu,,,,2026-06-29,04:12,coverage,It is sad that there is a controversy over martyrdom,"Bhopal, Monday 29 June 2026 Founder-Editor: Late Mayaram Surjan It is sad that there is a controversy over martyrdom In May 2025, six soldiers were martyred in ",Hindi,,,,,,,3759,0,,,,,True,True,-2,attacker,critical,govt_hid_casualties,True,Govt concealed six Op Sindoor martyrs for a year,Editorial attacks govt for concealing then politicising six Op Sindoor martyrs.
Print,,,Sanatan Prabhat,,,,2026-06-29,04:21,coverage,News of 6 soldiers martyred in 'Operation Sindoor' having their names announced for the first time is false! Clarification from the Army,New Delhi - The Indian Army has issued an official press release clarifying that the news circulated in some media outlets about the names of 6 soldiers martyre,Marathi,,,,,,,210883,0,,,,,True,True,2,defender,defensive,defend_procedural,False,,Army clarifies first-time announcement of six Op Sindoor martyrs names is false.
Print,,,Bartaman Patrika,,,,2026-06-29,08:32,coverage,"Operation Sindoor: Political Uproar Over Martyrs, Congress Accuses of Hiding Information, Defence Ministry Refutes","New Delhi: Politics has heated up after the names of 6 martyred soldiers of 'Operation Sindoor', who destroyed terrorist hideouts in Pakistan and PoK, were insc",Hindi,,,,,,,109164,0,,,,,True,True,0,neutral_reporter,neutral,neutral_news,False,,Congress alleges hiding of Op Sindoor martyrs; Defence Ministry refutes charges.
Print,,,Dandakaranya Samachar,,,,2026-06-29,08:49,coverage,Controversy over the martyrdom of soldiers in Operation Sindoor; Congress said - Defense Minister misled Parliament,"New Delhi, June 28 (Agency). A controversy has erupted after the names of 6 soldiers martyred in Operation Sindoor were made public. The Congress has accused th",Hindi,,,,,,,5631,0,,,,,True,True,0,neutral_reporter,neutral,neutral_news,False,,Congress accuses Defence Minister of misleading Parliament; MoD refutes claim.
Print,,,Aaj ka Aalap,,,,2026-06-29,09:09,coverage,"Controversy over the martyrdom of soldiers in Operation Sindoor
Congress said - Defense Minister misled Parliament","Government said - Attempt was made to misrepresent the speech given in Parliament
New Delhi (A). A controversy has erupted after the names of 6 soldiers martyre",Hindi,,,,,,,1828,0,,,,,True,True,0,neutral_reporter,neutral,neutral_news,False,,Congress claims Rajnath misled Parliament; MoD says speech misrepresented.
Print,,,Central Chronicle,,,,2026-06-29,09:23,coverage,Defence Ministry rejects misleading reports on OS casualty claims,NEW DELHI: The Ministry of Defence has rejected reports circulating in sections of the media and on social media claiming that the sacrifice of six soldiers dur,English,,,,,,,10657,0,,,,,True,True,2,defender,defensive,defend_procedural,False,,Defence Ministry rejects reports claiming Sindoor sacrifices only recently acknowledged.
Print,,,Media Express,,,,2026-06-29,09:40,coverage,"Congress said - Government hid information about martyrs of Operation Sindoor
Government said - This claim is not true, Defense Minister's statement was misrepresented","New Delhi, Agency. A controversy has erupted after the names of 6 martyred soldiers of India in Operation Sindoor were made public. Congress accused the governm",Hindi,,,,,,,8689,0,,,,,True,True,0,neutral_reporter,neutral,neutral_news,False,,Congress accuses govt of hiding martyrs; MoD denies claim as misrepresentation.
Print,,,Vande matram,,,,2026-06-29,09:43,coverage,"Congress said - Government hid information about martyrs of Operation Sindoor
Government said - This claim is not true, Defense Minister's statement was misrepresented","New Delhi, Agency. A controversy has erupted after the names of 6 martyred soldiers in Operation Sindoor were made public in India. Congress accused the governm",Hindi,,,,,,,9255,0,,,,,True,True,0,neutral_reporter,neutral,opposition_attack,False,,Congress claims govt hid Op Sindoor martyrs; MoD says statement misrepresented.
Print,,,Mor Raipur,,,,2026-06-29,09:43,coverage,"Government hid information about martyrs of Operation Sindoor: Congress; Government said - This claim is not true, Defense Minister's statement was misrepresented","New Delhi, Agency. A controversy has erupted after the names of 6 martyred soldiers in Operation Sindoor were made public. Congress has accused the government o",Hindi,,,,,,,17487,0,,,,,True,True,0,neutral_reporter,neutral,neutral_news,False,,Congress claims govt hid Op Sindoor martyrs; MoD refutes claim as false.
Print,,,Hind Mitra,,,,2026-06-29,09:51,coverage,Information about martyrs of Operation Sindoor kept hidden for one year,New Delhi. A political controversy has erupted after the names of six Indian soldiers martyred during Operation Sindoor were made public. The Congress has accus,Hindi,,,,,,,10793,0,,,,,True,True,-1,misinfo_spreader,critical,govt_hid_casualties,True,Martyrs of Operation Sindoor kept hidden for one year,Claims Op Sindoor martyrs information was hidden for one year.
Print,,,Mumbai Samachar,,,,2026-06-29,09:54,coverage,The claim of hiding the names of Operation Siddura martyrs is completely false,"Last year, controversies arose that the names of 6 brave soldiers martyred in Operation Siddura, carried out against Pakistan, were not announced by the Central",Gujarati,,,,,,,48193,0,,,,,True,True,2,defender,defensive,defend_procedural,False,,Rejects as false Congress claim that government hid Operation Sindoor martyrs.
Print,,,The Navhind Times,,,,2026-06-29,10:11,coverage,Nation honoured Sindoor Martyrs at earliest opportunity: MoD,"PTI New Delhi Amid a row surrounding the six martyrs of Operation Sindoor, the defence ministry on Saturday said the nation paid homage to them at the “earliest",English,,,,,,,125135,0,,,,,True,True,2,defender,defensive,dgmo_already_disclosed,False,,MoD states nation honoured Op Sindoor martyrs earliest via DGMO and awards.
Print,,,Arth Prakash,,,,2026-06-29,10:11,coverage,Due process followed in engraving six martyrs' names at war memorial: MoD,"New Delhi, Agency:
""An established and well-defined protocol governs this process, and the defence forces follow these laid-down procedures with due diligence, ",English,,,,,,,14636,0,,,,,True,True,2,defender,defensive,defend_procedural,False,,MoD affirms due process followed for six martyrs names at war memorial.
Print,,,Arth Prakash,,,,2026-06-29,10:11,coverage,Congress Alleges Government Concealed Names of Operation Sindoor Martyrs,"New Delhi, Agency: A political controversy has erupted after the names of six Indian soldiers martyred during Operation Sindoor were made public. The Congress o",English,,,,,,,9897,0,,,,,True,True,-1,critic,critical,opposition_attack,True,Government concealed names of Operation Sindoor martyrs,Congress alleges government concealed Op Sindoor martyrs names for a year.
Print,,,Jagat Kranti,,,,2026-06-29,10:15,coverage,"Martyr Dinesh Kumar of Palwal immortalized in Roll of Honour
Wife of Dinesh, martyred in Operation Sindoor, gets government job","The name of Lance Naik Dinesh Kumar Sharma, a resident of Nagla Mohammadpur village, who made the supreme sacrifice while defending the country during Operation",Hindi,,,,,,,22752,0,,,,,True,True,1,neutral_reporter,neutral,tribute_martyrs,False,,Op Sindoor martyr Dinesh Kumar named on National War Memorial roll.
Print,,,Rishi Ki Awaaz,,,,2026-06-29,10:16,coverage,Palwal's martyr Dinesh Kumar immortalized in the 'Roll of Honor' of the National War Memorial,"Palwal. Lance Naik Dinesh Kumar Sharma, a resident of Nagla Mohammadpur village, who made the supreme sacrifice while defending the country during Operation Sin",Hindi,,,,,,,14348,0,,,,,True,True,1,tribute,defensive,tribute_martyrs,False,,Palwal Op Sindoor martyr Dinesh Kumar added to National War Memorial Roll of Honor.
Print,,,Press Ki Taquat,,,,2026-06-29,10:23,coverage,"Claim of First-Time Honour for Six Heroes is False
Government Says - Tributes Had Already Been Paid to the Heroes","Press Power Correspondent.
New Delhi. The Ministry of Defence stated that the six martyrs of Operation Sindoor were paid tributes and awarded bravery medals on ",Hindi,,,,,,,17745,0,,,,,True,True,2,defender,defensive,defend_procedural,False,,MoD rejects first-time honour claim; martyrs already paid tributes and medals.
Print,,,Mumbai Samachar,,,,2026-06-30,00:33,coverage,Operation Sindoor Martyr Naik's Family Should Get Pension,"The controversy over revealing the names of brave soldiers martyred in Operation Sindoor years later is raging. In this controversy, we want to talk about anoth",Gujarati,,,,,,,47929,0,,,,,True,False,0,bystander,,other,False,,Family of Op Sindoor martyr seeks court intervention for denied pension.
Print,,,Mumbai Samachar,,,,2026-06-30,00:35,coverage,Operation Sindoor martyr Naik's family should get pension,"The controversy over revealing the names of brave soldiers martyred in Operation Sindoor years later is raging. In this controversy, we need to talk about anoth",Gujarati,,,,,,,47929,0,,,,,True,False,0,bystander,,other,False,,Family of Op Sindoor martyr seeks court intervention for denied pension.
Print,,,Action India,,,,2026-06-30,00:49,coverage,Congress cornered the government over making public the names of six soldiers martyred in Operation Sindoor after 13 months,Team Action India New Delhi: Congress has targeted the government and Defense Minister Rajnath Singh over the names of six soldiers martyred in Operation Sindoo,Hindi,,,,,,,5499,0,,,,,True,True,-2,attacker,critical,govt_hid_casualties,True,Govt hid six Op Sindoor martyrs names for 13 months,Congress targets Rajnath over delayed public naming of six Sindoor martyrs.
Print,,Santosh Garg,Action India,,,,2026-06-30,00:49,coverage,Martyr Dinesh Kumar's name registered in the 'Roll of Honor' of the National War Memorial,"Team Action India Santosh Garg Palwal. The name of Lance Naik Dinesh Kumar Sharma, a resident of Nagla Mohammadpur village, who made the supreme sacrifice while",Hindi,,,,,,,13163,0,,,,,True,True,1,neutral_reporter,neutral,tribute_martyrs,False,,Op Sindoor martyr Dinesh Kumar added to National War Memorial honour.
Print,,,The Asian Age,,,,2026-06-30,01:51,coverage,Sindoor martyrs row: Cong targets Rajnath,New Delhi: The Congress on Monday alleged that defence minister Rajnath Singh “lied” in Parliament that no soldier had been “martyred” during Operation Sindoor ,English,,,,,,,235274,0,,,,,True,True,-2,attacker,critical,rajnath_lied_parliament,True,Rajnath lied in Parliament no soldier martyred,Congress accuses Rajnath of lying in Parliament on Op Sindoor martyrs.
Print,,,The Tribune,,,,2026-06-30,02:25,coverage,Rajnath misled Parl: Cong seeks ouster over Op Sindoor row,"NEW DELHI, JUNE 29 The Congress on Monday demanded the resignation of Defence Minister Rajnath Singh, accusing him of misleading Parliament by claiming that no ",English,,,,,,,291807,0,,,,,True,True,-1,neutral_reporter,neutral,rajnath_lied_parliament,True,Rajnath misled Parliament on Op Sindoor casualties,Congress seeks Rajnath ouster accusing him of misleading Parliament on deaths.
Print,,,The Echo of India,,,,2026-06-30,02:39,coverage,Arunachal CM flags off 'Op Arunoday' trekking expedition,"ITANAGAR, JUNE 29: Arunachal Pradesh Chief Minister Pema Khandu flagged off 'OpArunoday', a joint military-civil trekking expedition, from the historic Jaswantg",English,,,,,,,9731,0,,,,,True,False,0,neutral_reporter,,other,False,,Arunachal CM flags off Op Arunoday trekking from Jaswantgarh War Memorial
Print,,,Deshbandhu,,,,2026-06-30,02:57,coverage,"Government cornered over martyrs of 'Operation Sindoor', Rajnath should resign for insulting martyrs: Congress","New Delhi, June 29 (Deshbandhu). Congress on Monday said that Defense Minister Rajnath Singh has insulted martyrs by 'lying' in Parliament on the subject of 'Op",Hindi,,,,,,,13227,0,,,,,True,True,-1,neutral_reporter,neutral,insult_martyrs_politicisation,True,Rajnath lied in Parliament insulting Op Sindoor martyrs,Congress demands Rajnath resign for lying and insulting Op Sindoor martyrs.
Print,,,Kashmir Images,,,,2026-06-30,02:58,coverage,Row over Op Sindoor martyrs: Cong seeks Rajnath's resignation for 'lying' in Parliament,"New Delhi, Jun 29 (PTI) The Congress on Monday alleged that Defence Minister Rajnath Singh ""lied"" in Parliament that no soldier had been ""martyred"" during Opera",English,,,,,,,27251,0,,,,,True,True,-1,neutral_reporter,neutral,rajnath_lied_parliament,True,Rajnath lied no soldiers martyred in Op Sindoor,Congress demands Rajnath resignation alleging he lied on Op Sindoor deaths.
Print,,,Deccan Chronicle,,,,2026-06-30,03:01,coverage,Sindoor martyrs row: Cong targets Rajnath,New Delhi: The Congress on Monday alleged that defence minister Rajnath Singh “lied” in Parliament that no soldier had been “martyred” during Operation Sindoor ,English,,,,,,,230535,0,,,,,True,True,-2,attacker,critical,rajnath_lied_parliament,True,Rajnath lied in Parliament no soldier martyred,Congress targets Rajnath alleging he lied about Op Sindoor martyrs.
Print,,,The Millennium Post,,,,2026-06-30,03:12,coverage,ROW OVER OPERATION SINDOOR MARTYRS - Congress demands Rajnath's resignation for 'lying' in Parl,"NEW DELHI: The Congress on Monday alleged that Defence minister Rajnath Singh ""lied"" in Parliament that no soldier had been ""martyred"" during Operation Sindoor ",English,,,,,,,14763,0,,,,,True,True,-2,attacker,critical,rajnath_lied_parliament,True,Rajnath lied in Parliament no soldier martyred,Congress demands Rajnath resignation alleging he lied on Op Sindoor martyrs.
Print,,Vijayraj Upadhyay,Dainik Savera Times,,,,2026-06-30,03:31,coverage,What kind of patriotism do those who hide the names of martyrs in Operation Sindoor practice: Sandeep Sankhyan,"The example of so-called patriotism is now coming to the fore. Savera News/Vijayraj Upadhyay Bilaspur, June 29: State Congress's former media coordinator Sandee",Hindi,,,,,,,15582,0,,,,,True,True,-2,critic,critical,govt_hid_casualties,True,BJP hid six Op Sindoor martyrs after zero-casualty claim,Congress leader attacks BJP for hiding Op Sindoor martyrs names.
Print,,,The Hindu,,,,2026-06-30,04:16,coverage,Cong. seeks Rajnath's resignation over Army deaths during Sindoor,"The Hindu Bureau NEW DELHI Stepping up its attack on the Centre over the deaths of six military personnel during Operation Sindoor, the Congress on Monday deman",English,,,,,,,15534,0,,,,,True,True,-1,neutral_reporter,neutral,rajnath_lied_parliament,True,Rajnath lied no soldiers died in Operation Sindoor,Congress demands Rajnath resignation over alleged lie on Sindoor Army deaths.
Print,,,Jansatta,,,,2026-06-30,04:28,coverage,"Demand for Privilege Motion Against Defense Minister; Congress Says, PM Should Apologize for Insulting Martyrs","Jansatta Bureau New Delhi, June 29. The Congress has termed Defense Minister Rajnath Singh's statement in Parliament regarding Operation Sindoor as an insult to",Hindi,,,,,,,1743,0,,,,,True,True,-2,attacker,critical,opposition_attack,True,"Rajnath denied Op Sindoor casualties, insulting the martyrs",Congress seeks privilege motion and Rajnath removal for insulting martyrs by denying casualties.
Print,,,Anugamini,,,,2026-06-30,06:29,coverage,"Politics Intensifies on Issue of Martyred Soldiers, Demand for Defense Minister's Resignation, Accountability Must Be Fixed for Misleading Parliament: BK Hariprasad","Bengaluru, June 29 (Agency). Karnataka Congress's senior state leader BK Hariprasad on Monday demanded the resignation of Defense Minister Rajnath Singh. He all",Hindi,,,,,,,31766,0,,,,,True,True,-2,attacker,critical,rajnath_lied_parliament,True,Rajnath Singh misled Parliament on Op Sindoor casualties,BK Hariprasad demands Rajnath Singh resign for misleading Parliament on Op Sindoor.
Print,,,Himali Bela,,,,2026-06-30,06:30,coverage,Congress cornered the government over the public release of names of soldiers martyred in Operation 'Sindoor',"New Delhi, 21 June (Yesterday): The Indian National Congress has questioned the Central Government and Rajnath Singh over the public release of the names of six",Nepali,,,,,,,9213,0,,,,,True,True,-2,attacker,critical,govt_hid_casualties,True,Govt hid six Op Sindoor martyrs names for 13 months,Congress questions government over delayed release of Sindoor martyrs names.
Print,,,Jalte Deep,,,,2026-06-30,07:15,coverage,Congress cornered the government for making public the names of six soldiers martyred in Operation Sindoor 13 months later,Congress has targeted the government and Defense Minister Rajnath Singh for making public the names of six soldiers martyred in Operation Sindoor 13 months late,Hindi,,,,,,,11459,0,,,,,True,True,-2,attacker,critical,govt_hid_casualties,True,Names of six Op Sindoor martyrs made public 13 months later,Congress targets govt and Rajnath for delayed public naming of six martyrs.
Print,,,The Economic Times,,,,2026-06-30,07:39,coverage,"DAYS AFTER MINISTRY STATEMENT
Defence Min Misled Parl
on Op Sindoor Martyrs,
Should Resign: Congress","DAYS AFTER MINISTRY STATEMENT
Defence Min Misled Parl
on Op Sindoor Martyrs,
Should Resign: Congress
A privilege motion
should be brought
against the defence
mi",English,,,,,,,17804,0,,,,,True,True,-2,attacker,critical,rajnath_lied_parliament,True,Defence Minister misled Parliament on Op Sindoor martyrs,"Congress says Defence Min misled Parl on martyrs, should resign; privilege motion."
Print,,,Deshbandhu,,,,2026-06-30,08:33,coverage,Defence Minister should be removed immediately: Congress,"New Delhi. The Congress, calling Defence Minister Rajnath Singh's statement in Parliament regarding no soldier being martyred during Operation Sindoor as mislea",Hindi,,,,,,,194002,0,,,,,True,True,-2,attacker,critical,rajnath_lied_parliament,True,Rajnath Singh misled Parliament on no soldiers martyred,Congress demands immediate removal of Defence Minister for misleading statement.
Print,,,The Millennium Post,,,,2026-06-30,08:51,coverage,ROW OVER OPERATION SINDOOR MARTYRS Congress demands Rajnath's resignation for 'lying' in Parl,"NEW DELHI: The Congress on Monday alleged that Defence minister Rajnath Singh ""lied"" in Parliament that no soldier had been ""martyred"" during Operation Sindoor ",English,,,,,,,142103,0,,,,,True,True,-2,attacker,critical,rajnath_lied_parliament,True,Rajnath Singh lied no soldier martyred in Operation Sindoor,Congress demands Rajnath resignation for lying about no Op Sindoor martyrs.
Print,,,Hind Sat,,,,2026-06-30,09:05,coverage,"Controversy over martyrdom of soldiers in Operation Sindoor, Congress says - Defense Minister misled Parliament
Government said - Attempt was made to misrepresent the speech given in Parliament","New Delhi, June 29 (Agency). A controversy has erupted after the names of 6 soldiers martyred in Operation Sindoor were made public. The Congress has accused th",Hindi,,,,,,,19133,0,,,,,True,True,0,neutral_reporter,neutral,neutral_news,False,,Congress says Defence Minister misled Parliament; government denies misrepresentation.
Print,,,Nishpaksh Samchar Jyoti,,,,2026-06-30,09:27,coverage,Controversy over martyrdom is sad,"Six soldiers were martyred in Operation Sindoor, launched against Pakistan in May 2025, and their names have now been made public by the Modi government a year ",Hindi,,,,,,,44829,0,,,,,True,True,-2,attacker,critical,insult_martyrs_politicisation,True,Modi government hid then politicised six Op Sindoor martyrs,Editorial attacks Modi govt for concealing and politicising Op Sindoor martyrs.
Print,,,Mumbai Samachar,,,,2026-06-30,10:07,coverage,Operation Sindoor martyr Naik's family should get pension,"The controversy over revealing the names of brave soldiers martyred in Operation Sindoor years later is raging. In this controversy, we want to talk about anoth",Gujarati,,,,,,,48061,0,,,,,True,True,-1,critic,critical,govt_hid_casualties,True,revealing names of martyrs years later,Controversy over delayed name reveal; martyr family seeks pension.
Print,,,Dainik Mirmeray,,,,2026-06-30,10:14,coverage,Congress cornered the government over the names of 6 soldiers martyred in 'Operation Sindoor' being made public after 13 months,"New Delhi, 21 June (H.S.). The Indian National Congress has raised questions against the central government and Rajnath Singh regarding the names of six soldier",Nepali,,,,,,,1873,0,,,,,True,True,-2,attacker,critical,govt_hid_casualties,True,Govt hid names of six Op Sindoor martyrs for 13 months,Congress questions govt and Rajnath over delayed naming of six martyrs.
Print,,,Nav Prabha,,,,2026-06-30,10:38,coverage,Remove Rajnath Singh from Defence Minister post: Congress Demand to bring privilege motion in Parliament too,"New Delhi: Rajnath Singh had emphatically claimed in Parliament that 'no Indian soldiers were harmed' in Operation Sindoor. However, it was recently revealed th",Marathi,,,,,,,151749,0,,,,,True,True,-1,neutral_reporter,neutral,rajnath_lied_parliament,True,Rajnath claimed no soldiers harmed; deaths recently revealed,Congress demands Rajnath removal and privilege motion over false Sindoor claim.
Print,,,Jagat Kranti,,,,2026-06-30,12:41,coverage,"Congress targets government over martyrs in Operation Sindoor
Cornered for making names of six soldiers public after 13 months",Congress has targeted the government and Defense Minister Rajnath Singh over the names of six soldiers martyred in Operation Sindoor being made public after 13 ,Hindi,,,,,,,9962,0,,,,,True,True,-2,attacker,critical,memorial_first_disclosure,True,Names of six soldiers made public after 13 months,Congress targets government for revealing six Sindoor martyrs after 13 months.
Print,,Vishal Maheshwari,Arth Prakash,,,,2026-06-30,12:43,coverage,"Bol Beautiful
Vishal Maheshwari: Names of martyrs in 'Operation Sindoor' are already public.","All were also cremated according to military traditions. Despite this, a lie is being spread that these names have come to light for the first time. The actual ",Punjabi,,,,,,,4312,0,,,,,True,True,2,defender,defensive,defend_procedural,False,,States Op Sindoor martyrs names already public; now on memorial site.
Print,,"Vishal Maheshwari"", ""Rajesh Shukla"", ""Shiv Aroor",Arth Prakash,,,,2026-06-30,12:58,coverage,Bol Beautiful,Vishal Maheshwari: The names of the soldiers martyred in Operation Sindoor were already public. Their last rites were also performed according to all military t,Hindi,,,,,,,724,0,,,,,True,True,2,defender,defensive,defend_procedural,False,,Asserts Op Sindoor martyrs names public earlier; not first disclosure.
Print,,,Sanmarg,,,,2026-07-01,02:24,coverage,Congress gives breach of privilege notice against Rajnath,"New Delhi: Congress General Secretary K.C. Venugopal on Tuesday gave a notice of breach of privilege against Defense Minister Rajnath Singh in the Lok Sabha, al",Hindi,,,,,,,9287,0,,,,,True,True,-1,neutral_reporter,neutral,rajnath_lied_parliament,True,Rajnath misled House on Operation Sindoor martyrs,Congress files privilege notice against Rajnath for misleading on Sindoor martyrs.
Print,,,The Millennium Post,,,,2026-07-01,02:25,coverage,Gen Dhiraj Seth takes charge as Army Chief,GEN UPENDRA DWIVEDI SIGNS OFF Gen Dhiraj Seth takes charge as Army Chief MPOST BUREAU NEW DELHI: General Dhiraj Seth on Tuesday took charge as the 31st Chief of,English,,,,,,,2032,0,,,,,True,False,0,neutral_reporter,,neutral_news,False,,Gen Dhiraj Seth takes charge as Army Chief after routine memorial farewell.
Print,,,Mathrubhumi,,,,2026-07-01,02:27,coverage,Operation Sindoor: Notice for Breach of Privilege Against Defense Minister for Concealing Jawans' Retirement,"New Delhi: Congress leader K.C. Venugopal submitted a letter to Lok Sabha Speaker Om Birla, demanding action for breach of privilege against Defense Minister Ra",Malayalam,,,,,,,18376,0,,,,,True,True,-1,neutral_reporter,neutral,rajnath_lied_parliament,True,Rajnath concealed Operation Sindoor casualties,Congress files privilege notice against Rajnath for false Sindoor casualty statement.
Print,,,Mumbai Samachar,,,,2026-07-01,02:30,coverage,Rajnath Singh lied in the matter of martyrdom: Demand for action for breach of privilege,New Delhi: Congress leader K.C. Venugopal wrote a letter to Lok Sabha Speaker Om Birla demanding initiation of privilege action against Defense Minister Rajnath,Gujarati,,,,,,,932,0,,,,,True,True,-1,neutral_reporter,neutral,rajnath_lied_parliament,True,Rajnath Singh lied on martyrdom of Sindoor soldiers,Congress seeks privilege action against Rajnath for false Sindoor martyrs statement.
Print,,,Mathrubhumi,,,,2026-07-01,02:31,coverage,Operation Sindoor: Notice for breach of privilege against Defense Minister for concealing information about jawans,K.C. Venugopal sent a letter to the Lok Sabha Speaker. New Delhi: Congress leader K.C. Venugopal sent a letter to Lok Sabha Speaker Om Birla demanding action fo,Malayalam,,,,,,,8561,0,,,,,True,True,-1,neutral_reporter,neutral,rajnath_lied_parliament,True,Rajnath concealed information about Sindoor jawans,Congress files privilege notice against Rajnath for false Sindoor casualties statement.
Print,,,Mumbai Samachar,,,,2026-07-01,02:32,coverage,Rajnath Singh lied on martyrdom issue: Demand for privilege motion action,New Delhi: Congress leader K.C. Venugopal wrote a letter to Lok Sabha Speaker Om Birla demanding initiation of privilege motion proceedings against Defence Mini,Gujarati,,,,,,,9484,0,,,,,True,True,-2,misinfo_spreader,critical,rajnath_lied_parliament,True,Rajnath Singh lied on martyrdom issue,Congress demands privilege motion claiming Rajnath lied on Sindoor martyrs.
Print,,,Charhdikala,,,,2026-07-01,02:33,coverage,Congress gives notice of 'breach of privilege' against Rajnath in Lok Sabha,"New Delhi, June 30 (Representative): Congress General Secretary K. C. Venugopal on Tuesday gave a notice of 'breach of privilege' against Defense Minister Rajna",Punjabi,,,,,,,21122,0,,,,,True,True,-1,neutral_reporter,neutral,rajnath_lied_parliament,True,Rajnath misled Lok Sabha on Operation Sindhu martyrs,Congress files breach of privilege notice against Rajnath over Sindoor martyrs.
Print,,,The Asian Age,,,,2026-07-01,02:41,coverage,"Cong leader submits privilege notice, says Rajnath ‘misled’ Parl Venugopal writes to LS Speaker","AGE CORRESPONDENT NEW DELHI, JUNE 30 Congress leader K.C. Venugopal on Tuesday wrote to Lok Sabha Speaker Om Birla seeking privilege proceedings against defence",English,,,,,,,26573,0,,,,,True,True,0,neutral_reporter,neutral,opposition_attack,False,,Congress leader Venugopal files privilege notice accusing Rajnath of misleading Parliament.
Print,,,The Asian Age,,,,2026-07-01,02:41,coverage,'Misled House': Cong submits privilege notice against Rajnath,"AGE CORRESPONDENT NEW DELHI, JUNE 30 Congress leader K.C. Venugopal on Tuesday wrote to Lok Sabha Speaker Om Birla seeking privilege proceedings against defence",English,,,,,,,47715,0,,,,,True,True,0,neutral_reporter,neutral,opposition_attack,False,,Congress submits privilege notice alleging Rajnath misled House on Sindoor casualties.
Print,,,Gujarat Today,,,,2026-07-01,02:42,coverage,"Operation Sindoor: Congress Accuses of Insulting Martyrs, Demands Resignation of Defense Minister","The Congress party has demanded the resignation of Defense Minister Rajnath Singh, accusing him of insulting martyrs by using the word ""buddhu"" (fool) in Parlia",Gujarati,,,,,,,25159,0,,,,,True,True,-2,attacker,critical,insult_martyrs_politicisation,True,insulting martyrs by denying Operation Sindoor casualties,Congress seeks Rajnath resignation and privilege motion over martyr insult.
Print,,,Suvarna Times of Karnataka,,,,2026-07-01,02:47,coverage,"Misleading Parliament about Operation Sindoor operation Privilege motion against Rajnath Singh...? If our share of water is touched, we will cut hands Pak Minister Musadik Malik SFLR launched from CM's house in the state. Citizens warned not to lose their voting rights: DK Shivakumar","New Delhi: Congress has sought permission to move a privilege motion against Union Defense Minister Rajnath Singh, alleging that he misled Parliament regarding ",Kannada,,,,,,,61764,0,,,,,True,True,-1,attacker,critical,rajnath_lied_parliament,True,Rajnath misled Parliament on Operation Sindoor,Congress seeks privilege motion alleging Rajnath misled Parliament on Sindoor.
Print,,,Daily Hindi Milap,,,,2026-07-01,02:48,coverage,Congress gave privilege motion notice against Defense Minister,"New Delhi, June 30 - (Bhasha) Congress General Secretary (Organization) K.C. Venugopal on Tuesday gave a privilege motion notice against Defense Minister Rajnat",Hindi,,,,,,,527573,0,,,,,True,True,0,neutral_reporter,neutral,opposition_attack,False,,Congress files privilege notice against Rajnath over Sindoor martyrdom statements.
Print,,,Aaj,,,,2026-07-01,02:57,coverage,Dheeraj Seth Becomes New Army Chief,New Delhi (ASASE). General Dheeraj Seth has become the new Chief of the Indian Army. General Seth today took over the post of Army Chief from General Upendra Dw,Hindi,,,,,,,13531,0,,,,,True,False,0,neutral_reporter,,neutral_news,False,,Gen Dheeraj Seth becomes new Army Chief after War Memorial tributes.
Print,,,Loksatta Jansatta,,,,2026-07-01,03:01,coverage,General Dheeraj Seth became the new chief of the Indian Army: Assumed Charge,"New Delhi: General Dheeraj Seth has become the new Army Chief of the Indian Army. Prior to this, he served as the Vice Chief of Army Staff. He assumed charge as",Gujarati,,,,,,,6214,0,,,,,True,False,0,neutral_reporter,,neutral_news,False,,New Army Chief assumes charge after Guard of Honour and memorial tributes.
Print,,,Deccan Chronicle,,,,2026-07-01,03:09,coverage,Rajnath gets notice on martyrs,"DC CORRESPONDENT NEW DELHI, JUNE 30
Congress leader K.C. Venugopal on Tuesday wrote to Lok Sabha Speaker Om Birla demanding that privilege proceedings be initia",English,,,,,,,68767,0,,,,,True,True,0,neutral_reporter,neutral,opposition_attack,False,,Congress seeks privilege proceedings against Rajnath on Operation Sindoor martyrs.
Print,,,Rozana Spokesman,,,,2026-07-01,03:14,coverage,Venugopal demanded a motion for breach of parliamentary privilege against Rajnath Singh,"New Delhi, June 30: Senior Congress leader K.C. Venugopal has written a letter to Lok Sabha Speaker Om Birla, demanding the initiation of privilege proceedings ",Punjabi,,,,,,,226626,0,,,,,True,True,-1,neutral_reporter,neutral,rajnath_lied_parliament,True,Rajnath misled Lok Sabha on Operation Super martyrs,Congress leader seeks privilege motion against Rajnath for misleading on martyrs.
Print,,,Rozana Spokesman,,,,2026-07-01,03:16,coverage,Venugopal demanded a motion for breach of parliamentary privilege against Rajnath Singh,"New Delhi, June 30: Congress senior leader K.C. Venugopal has written a letter to Lok Sabha Speaker Om Birla, demanding the initiation of privilege breach proce",Punjabi,,,,,,,226626,0,,,,,True,True,-1,neutral_reporter,neutral,rajnath_lied_parliament,True,Rajnath made false statement on Sindoor martyrs,Venugopal seeks privilege action against Rajnath for false Sindoor martyr statement.
Print,,,Dainik Savera Times,,,,2026-07-01,03:21,coverage,Congress gave privilege motion notice against Defense Minister: Accused of misleading the House regarding the martyrdom of soldiers during 'Operation Sindoor',"New Delhi, June 30: Congress General Secretary K.C. Venugopal on Tuesday gave a privilege motion notice against Defense Minister Rajnath Singh in the Lok Sabha,",Hindi,,,,,,,8018,0,,,,,True,True,0,neutral_reporter,neutral,opposition_attack,False,,Congress gives privilege notice accusing Rajnath of misleading House on Sindoor.
Print,,,Dainik Savera Times,,,,2026-07-01,03:21,coverage,Congress on Defense Minister...,"If you want to ask a question, then ask if our soldiers suffered any damage in this operation? The answer is no. A Congress leader claimed that, contrary to thi",Hindi,,,,,,,4861,0,,,,,True,True,-2,misinfo_spreader,critical,rajnath_lied_parliament,True,Defence Minister falsely denied Op Sindoor casualties,Congress claims Rajnath falsely denied casualties as six soldiers died.
Print,,,Swadesh Jyoti,,,,2026-07-01,03:22,coverage,"General Upendra Dwivedi Retired; General Dheeraj Seth, who took charge of Sudarshan Chakra Corps, became Army Chief","Agency, New Delhi General Upendra Dwivedi, who served the Indian Army for more than four decades, has retired from the post of Indian Army Chief. General Dheera",Hindi,,,,,,,107729,0,,,,,True,False,0,neutral_reporter,,neutral_news,False,,Army Chief retirement and succession after routine National War Memorial tribute.
Print,,,Dainik Savera Times,,,,2026-07-01,03:22,coverage,Congress gives privilege motion notice against Defense Minister; Accused of misleading the House regarding the martyrdom of soldiers during 'Operation Sindoor',"New Delhi, June 30: Congress General Secretary K.C. Venugopal on Tuesday gave a privilege motion notice against Defense Minister Rajnath Singh in the Lok Sabha,",Hindi,,,,,,,8018,0,,,,,True,True,0,neutral_reporter,neutral,opposition_attack,False,,Congress files privilege notice accusing Rajnath of misleading on Sindoor martyrs.
Print,,,Dainik Savera Times,,,,2026-07-01,03:22,coverage,Congress on Defense Minister...,"If you want to ask a question, then ask if our soldiers suffered any damage in this operation? The answer is no. The Congress leader claimed that, contrary to t",Hindi,,,,,,,4861,0,,,,,True,True,-2,misinfo_spreader,critical,rajnath_lied_parliament,True,Defence Minister falsely denied Op Sindoor casualties,Congress claims Rajnath falsely denied casualties as six soldiers died.
Print,,,Dainik Savera Times,,,,2026-07-01,03:25,coverage,Congress gave privilege motion notice against Defence Minister Accused of misleading the House regarding the martyrdom of soldiers during 'Operation Sindoor',"Savera News New Delhi, June 30: Congress General Secretary K.C. Venugopal on Tuesday gave a privilege motion notice against Defence Minister Rajnath Singh in th",Hindi,,,,,,,8018,0,,,,,True,True,0,neutral_reporter,neutral,opposition_attack,False,,Congress files privilege notice against Rajnath over Op Sindoor casualties.
Print,,,Dainik Savera Times,,,,2026-07-01,03:33,coverage,Congress gave privilege motion notice against Defence Minister Accused of misleading the House regarding the martyrdom of soldiers during 'Operation Sindoor',"New Delhi, June 30: Congress General Secretary K.C. Venugopal on Tuesday gave a privilege motion notice against Defence Minister Rajnath Singh in the Lok Sabha,",Hindi,,,,,,,8018,0,,,,,True,True,0,neutral_reporter,neutral,opposition_attack,False,,Congress gives privilege notice accusing Rajnath of misleading on Sindoor deaths.
Print,,,Dainik Savera Times,,,,2026-07-01,03:33,coverage,Congress on Defense Minister...,"If you want to ask a question, ask whether our soldiers suffered any damage in this operation? The answer is no. The Congress leader claimed that, contrary to t",Hindi,,,,,,,4861,0,,,,,True,True,-2,misinfo_spreader,critical,rajnath_lied_parliament,True,Defence Minister falsely denied Op Sindoor casualties,Congress claims Rajnath falsely denied casualties as six soldiers died.
Print,,,The Statesman,,,,2026-07-01,03:36,coverage,Delayed Recognition,Every democracy owes two debts to its soldiers. The first is to equip them well enough to fight. The second is to acknowledge them with honesty if they fall. Th,English,,,,,,,329676,0,,,,,True,True,-1,critic,critical,govt_hid_casualties,True,year-long delay in recognising six martyrs,Editorial questions year-long delay recognising Op Sindoor martyrs.
Print,,,The Millennium Post,,,,2026-07-01,03:37,coverage,Venugopal seeks privilege proceedings against Rajnath for ‘misleading’ Parl,NEW DELHI: Congress leader K C Venugopal on Tuesday wrote to Lok Sabha Speaker Om Birla demanding that privilege proceedings be initiated against Defence minist,English,,,,,,,107635,0,,,,,True,True,0,neutral_reporter,neutral,opposition_attack,False,,Venugopal seeks privilege proceedings against Rajnath for misleading Parliament.
Print,,,Dainik Savera Times,,,,2026-07-01,03:40,coverage,Congress gave privilege motion notice against Defence Minister; Accused of misleading the House regarding the martyrdom of soldiers during 'Operation Sindoor',"New Delhi, 30 June: Congress General Secretary K.C. Venugopal on Tuesday gave a privilege motion notice against Defence Minister Rajnath Singh in the Lok Sabha,",Hindi,,,,,,,8071,0,,,,,True,True,0,neutral_reporter,neutral,opposition_attack,False,,Congress files privilege notice against Rajnath over Op Sindoor casualties.
Print,,,Dainik Savera Times,,,,2026-07-01,03:40,coverage,Congress on Defense Minister...,"If you want to ask a question, ask this: Were our soldiers harmed in this operation? The answer is no. A Congress leader claimed that, contrary to this, an offi",Hindi,,,,,,,4861,0,,,,,True,True,-2,misinfo_spreader,critical,rajnath_lied_parliament,True,Defence Minister falsely denied Op Sindoor casualties,Congress claims Rajnath falsely denied casualties as six soldiers died.
Print,,,The Morning Standard,,,,2026-07-01,03:46,coverage,Congress mulls privilege motion against Rajnath,THE Congress on Tuesday sought privilege proceedings to be initiated against Defence Minister Rajnath Singh for allegedly withholding information and misleading,English,,,,,,,38987,0,,,,,True,True,0,neutral_reporter,neutral,opposition_attack,False,,Congress seeks privilege proceedings against Rajnath for misleading Parliament.
Print,,,The Tribune,,,,2026-07-01,03:46,coverage,Op Sindoor martyrs row: Cong submits privilege notice against Rajnath,"NEW DELHI, JUNE 30 Congress leader KC Venugopal on Tuesday wrote to Lok Sabha Speaker Om Birla seeking privilege proceedings against Defence Minister Rajnath Si",English,,,,,,,588263,0,,,,,True,True,0,neutral_reporter,neutral,opposition_attack,False,,Congress submits privilege notice against Rajnath in Op Sindoor martyrs row.
Print,,,Jansatta,,,,2026-07-01,04:00,coverage,Congress gives privilege motion notice against Defense Minister,"Jansatta Bureau New Delhi, June 30. Congress General Secretary (Organization) K.C. Venugopal on Tuesday gave a privilege motion notice against Defense Minister ",Hindi,,,,,,,1197,0,,,,,True,True,0,neutral_reporter,neutral,opposition_attack,False,,Congress gives privilege motion notice against Defence Minister Rajnath Singh.
Print,,,The Indian Express,,,,2026-07-01,04:19,coverage,Venugopal seeks privilege proceedings against Rajnath,New Delhi: Senior Congress leader K C Venugopal on Tuesday wrote to Lok Sabha Speaker Om Birla demanding that privilege proceedings be initiated against Defence,English,,,,,,,6802,0,,,,,True,True,0,neutral_reporter,neutral,opposition_attack,False,,Venugopal seeks privilege proceedings against Rajnath for misleading Parliament.
Print,,,The Indian Express,,,,2026-07-01,04:55,coverage,Army gets a new chief,"General Dhiraj Seth took over as the 31st Chief of the Army Staff from General Upendra Dwivedi in New Delhi on Tuesday. The outgoing Army Chief, General Upendra",English,,,,,,,119658,0,,,,,True,False,0,neutral_reporter,,neutral_news,False,,Routine Army Chief handover; outgoing chief pays standard National War Memorial tribute.
Print,,,Jagmarg,,,,2026-07-01,04:59,coverage,Congress gives privilege motion notice against Defence Minister,"New Delhi. Congress General Secretary K.C. Venugopal on Tuesday gave a privilege motion notice against Defence Minister Rajnath Singh in the Lok Sabha, alleging",Hindi,,,,,,,25802,0,,,,,True,True,0,neutral_reporter,neutral,opposition_attack,False,,Congress files privilege notice against Rajnath alleging he misled House on Sindoor.
Print,,,The Hindustan Times,,,,2026-07-01,05:05,coverage,VENUGOPAL SEEKS PRIVILEGE ACTION ON RAJNATH FOR 'MISLEADING' PARL,NEW DELHI: Congress leader KC Venugopal on Tuesday wrote to Lok Sabha Speaker Om Birla demanding that privilege proceedings be initiated against defence ministe,English,,,,,,,7227,0,,,,,True,True,0,neutral_reporter,neutral,opposition_attack,False,,Venugopal seeks privilege action on Rajnath for allegedly misleading Parliament.
Print,,,The Hindu,,,,2026-07-01,05:28,coverage,Privilege notice moved against Rajnath Singh,The Hindu Bureau NEW DELHI Congress general secretary K.C. Venugopal on Tuesday moved a privilege notice against Defence Minister Rajnath Singh in the Lok Sabha,English,,,,,,,112368,0,,,,,True,True,0,neutral_reporter,neutral,opposition_attack,False,,Congress moves privilege notice against Rajnath Singh in Lok Sabha.
Print,,,The Hindu,,,,2026-07-01,05:43,coverage,Venugopal moves privilege notice against Rajnath over Operation Sindoor casualties,The Hindu Bureau NEW DELHI Congress general secretary K.C. Venugopal on Tuesday moved a privilege notice against Defence Minister Rajnath Singh in the Lok Sabha,English,,,,,,,14572,0,,,,,True,True,0,neutral_reporter,neutral,opposition_attack,False,,Venugopal moves privilege notice against Rajnath over Sindoor casualties.
Print,,,Navbharat Times,,,,2026-07-01,05:48,coverage,"Congress said - Defense Minister misled, gave notice of breach of privilege","NBT Report, New Delhi Congress General Secretary and Lok Sabha MP K.C. Venugopal has given a notice of breach of privilege against Defense Minister Rajnath Sing",Hindi,,,,,,,13543,0,,,,,True,True,0,neutral_reporter,neutral,opposition_attack,False,,Congress gives privilege notice claiming Defence Minister misled House.
Print,,,Samyukta Karnataka,,,,2026-07-01,06:14,coverage,Privilege motion against Rajnath for concealing information about martyrs; KCV notice against Defense Minister Withholding information is contempt of the House,New Delhi: A privilege motion notice has been issued against Defense Minister Rajnath Singh for concealing information about martyrs in Operation Sindoor. From ,Kannada,,,,,,,5568,0,,,,,True,True,-1,misinfo_spreader,critical,govt_hid_casualties,True,Rajnath concealed information about martyrs,Privilege motion against Rajnath for concealing Op Sindoor martyrs info.
Print,,,Samyukta Karnataka,,,,2026-07-01,06:14,coverage,Privilege Notice Against Defense Minister Rajnath,New Delhi: A privilege notice has been issued against Defense Minister Rajnath Singh for allegedly concealing information about martyrs in Operation Sindoor. Se,Kannada,,,,,,,6987,0,,,,,True,True,0,neutral_reporter,neutral,opposition_attack,False,,Privilege notice issued against Rajnath for allegedly concealing martyrs info.
Print,,,Kannada Prabha,,,,2026-07-01,06:18,coverage,Falsehood about soldiers' deaths: Privilege motion against Rajnath Singh by Congress,ಸುದ್ದಿ ಸಿಂಚನ ಸೈನಿಕರ ಸಾವಿನ ಬಗ್ಗೆ ಸುಳ್ಳು: ರಾಜನಾಥ್ ಸಿಂಗ್ ವಿರುದ್ಧ ಕಾಂಗ್ರೆಸ್‌ನಿಂದ ಹಕ್ಕುಚ್ಯುತಿ ನವದೆಹಲಿ: 'ಆಪರೇಷನ್ ಸಿಂಧೂರ ಸಂದರ್ಭದಲ್ಲಿ ದೇಶದ ಯಾವುದೇ ಯೋಧರು ಸಾವನ್ನಪ್ಪಿಲ್ಲ ಎಂ,Kannada,,,,,,,803126,0,,,,,True,True,-1,misinfo_spreader,critical,rajnath_lied_parliament,True,Rajnath lied claiming no deaths in Operation Sindoor,Congress privilege motion against Rajnath for falsehood on soldiers' deaths.
Print,,,Vijaya Vani,,,,2026-07-01,06:27,coverage,Privilege motion against Rajnath Singh?,New Delhi: Congress leader K.C. Venugopal on Tuesday wrote a letter to Lok Sabha Speaker Om Birla seeking permission to move a privilege motion against Defense ,Kannada,,,,,,,131906,0,,,,,True,True,-1,neutral_reporter,neutral,rajnath_lied_parliament,True,Rajnath made false Parliament statement on Sindoor martyrs,Congress seeks privilege motion against Rajnath over alleged false Sindoor statement.
Print,,,Prajavani,,,,2026-07-01,06:29,coverage,Demand for Privilege Motion Against Rajnath Singh,"New Delhi (PTI): 'Union Defense Minister Rajnath Singh is guilty even when Indian soldiers died during the Pathankot attack, so a privilege motion should be ini",Kannada,,,,,,,10601,0,,,,,True,True,-1,neutral_reporter,neutral,rajnath_lied_parliament,True,Rajnath gave false info on Operation Sindoor deaths,Congress demands privilege motion against Rajnath over Sindoor deaths info.
Print,,,Vijaya Vani,,,,2026-07-01,06:31,coverage,Privilege motion against Rajnath Singh?,"New Delhi: Congress leader K.C. Venugopal wrote a letter to Lok Sabha Speaker Om Birla on Tuesday, seeking permission to move a privilege motion against Defense",Kannada,,,,,,,128645,0,,,,,True,True,-1,neutral_reporter,neutral,rajnath_lied_parliament,True,Rajnath made false Parliament statement on Sindoor martyrs,Congress leader seeks privilege motion against Rajnath over Sindoor martyrs claim.
Print,,,The Times of India,,,,2026-07-01,06:44,coverage,Sindoor: Cong privilege notice against Rajnath,"Congress MP K C Venugopal on Tuesday moved a notice for breach of privilege against defence minister Rajnath Singh, accusing him of misleading Parliament by tel",English,,,,,,,4855,0,,,,,True,True,0,neutral_reporter,neutral,opposition_attack,False,,Congress MP files privilege notice accusing Rajnath of misleading Parliament on Sindoor martyrs.
Print,,,The Times of India,,,,2026-07-01,06:45,coverage,Cong moves privilege notice against Rajnath over Operation Sindoor,"New Delhi: Congress MP KC Venugopal Tuesday moved a notice for breach of privilege against defence minister Rajnath Singh, accusing him of misleading Parliament",English,,,,,,,8575,0,,,,,True,True,0,neutral_reporter,neutral,opposition_attack,False,,Congress MP files privilege notice accusing Rajnath of misleading Parliament on Sindoor martyrs.
Print,,,The Times of India,,,,2026-07-01,06:46,coverage,Congress moves privilege notice against Rajnath over Op Sindoor,"New Delhi: Congress MP KC Venugopal Tuesday moved a notice for breach of privilege against defence minister Rajnath Singh, accusing him of misleading Parliament",English,,,,,,,996,0,,,,,True,True,0,neutral_reporter,neutral,opposition_attack,False,,Congress MP files privilege notice accusing Rajnath of misleading Parliament on Sindoor martyrs.
Print,,,The Times of India,,,,2026-07-01,06:46,coverage,Congress moves privilege notice against Rajnath,"Congress MP KC Venugopal on Tuesday moved a notice for breach of privilege against Defence Minister Rajnath Singh, accusing him of misleading Parliament. Venugo",English,,,,,,,31,0,,,,,True,True,0,neutral_reporter,neutral,opposition_attack,False,,Congress MP files privilege notice accusing Rajnath of misleading Parliament on Sindoor martyrs.
Print,,,The Times of India,,,,2026-07-01,06:48,coverage,Congress moves privilege notice against Rajnath,"Congress MP KC Venugopal Tuesday moved a notice for breach of privilege against defence minister Rajnath Singh, accusing him of misleading Parliament by telling",English,,,,,,,3445,0,,,,,True,True,0,neutral_reporter,neutral,opposition_attack,False,,Congress MP files privilege notice accusing Rajnath of misleading Parliament on Sindoor martyrs.
Print,,,The Times of India,,,,2026-07-01,06:50,coverage,Cong moves privilege notice against Rajnath over Op Sindoor,"New Delhi: Congress MP KC Venugopal Tuesday moved a notice for breach of privilege against defence minister Rajnath Singh, accusing him of misleading Parliament",English,,,,,,,1057,0,,,,,True,True,0,neutral_reporter,neutral,opposition_attack,False,,Congress MP files privilege notice accusing Rajnath of misleading Parliament on Sindoor martyrs.
Print,,,The Times of India,,,,2026-07-01,06:51,coverage,Congress moves privilege notice against Rajnath,"Congress MP KC Venugopal Tuesday moved a notice for breach of privilege against defence minister Rajnath Singh, accusing him of misleading Parliament by telling",English,,,,,,,3071,0,,,,,True,True,0,neutral_reporter,neutral,opposition_attack,False,,Congress MP files privilege notice accusing Rajnath of misleading Parliament on Sindoor martyrs.
Print,,,Deccan Herald,,,,2026-07-01,06:54,coverage,Cong moves privilege notice against Rajnath over Op Sindoor,"NEW DELHI, DHNS: Senior Congress MP K C Venugopal on Tuesday submitted a breach of privilege notice against Defence Minister Rajnath Singh, accusing him of misl",English,,,,,,,632406,0,,,,,True,True,0,neutral_reporter,neutral,opposition_attack,False,,Congress MP files privilege notice accusing Rajnath of misleading Parliament on Sindoor martyrs.
Print,,,Malayala Manorama,,,,2026-07-01,06:55,coverage,General Dheeraj Seth takes charge as Army Chief,"New Delhi • General Dheeraj Seth has taken charge as the Army Chief. This follows the retirement of the former Army Chief, General Upendra Dwivedi. General Dhee",Malayalam,,,,,,,4449,0,,,,,True,False,0,neutral_reporter,,neutral_news,False,,Seth assumes Army Chief post after Dwivedi pays National War Memorial respects.
Print,,,Malayala Manorama,,,,2026-07-01,06:56,coverage,General Dheeraj Seth takes charge as Army Chief,"NEW DELHI • General Dheeraj Seth has taken charge as the Army Chief. This follows the retirement of the former Army Chief, General Upendra Dwivedi. His tenure i",Malayalam,,,,,,,4449,0,,,,,True,False,0,neutral_reporter,,neutral_news,False,,Seth becomes Army Chief after Dwivedi retirement and War Memorial respects.
Print,,,Malayala Manorama,,,,2026-07-01,06:56,coverage,General Dheeraj Seth Takes Charge as Army Chief,"New Delhi • General Dheeraj Seth has taken charge as the Army Chief. This appointment follows the retirement of the former Army Chief, General Upendra Dwivedi. ",Malayalam,,,,,,,4449,0,,,,,True,False,0,neutral_reporter,,neutral_news,False,,Seth takes Army Chief charge following Dwivedi retirement and memorial tribute.
Print,,,Deccan Chronicle,,,,2026-07-01,07:02,coverage,"Rajnath gets notice on martyrs, it’s grave insult, says Congress","DC CORRESPONDENT NEW DELHI, JUNE 30 Congress leader K.C. Venugopal on Tuesday wrote to Lok Sabha Speaker Om Birla demanding that privilege proceedings be initia",English,,,,,,,11736,0,,,,,True,True,-1,neutral_reporter,neutral,rajnath_lied_parliament,True,Rajnath made false statement on Sindoor martyrs,Congress seeks privilege action against Rajnath over alleged false Sindoor martyrs statement.
Print,,,Deccan Chronicle,,,,2026-07-01,07:02,coverage,Rajnath gets notice on terror martyrs,"DC CORRESPONDENT NEW DELHI, JUNE 30 Congress leader K.C. Venugopal on Tuesday wrote to Lok Sabha Speaker Om Birla demanding that privilege proceedings be initia",English,,,,,,,163372,0,,,,,True,True,-1,neutral_reporter,neutral,rajnath_lied_parliament,True,Rajnath made false statement on Sindoor martyrs,Congress seeks privilege action against Rajnath over alleged false Sindoor martyrs statement.
Print,,,The Sentinel,,,,2026-07-01,07:02,coverage,Greatest privilege of my life: Gen Upendra Dwivedi bids farewell to military service,"NEW DELHI, June 30: Outgoing Chief of Army Staff (COAS) General Upendra Dwivedi on Tuesday said that his service has been the ""greatest privilege"" of his life a",English,,,,,,,15018,0,,,,,True,False,0,neutral_reporter,,neutral_news,False,,Outgoing COAS Gen Dwivedi farewell with Guard of Honour and War Memorial wreath.
Print,,,Deccan Chronicle,,,,2026-07-01,07:07,coverage,"Rajnath gets notice on martyrs, it's grave insult, says Congress","DC CORRESPONDENT NEW DELHI, JUNE 30 Congress leader K.C. Venugopal on Tuesday wrote to Lok Sabha Speaker Om Birla demanding that privilege proceedings be initia",English,,,,,,,118038,0,,,,,True,True,-1,neutral_reporter,neutral,rajnath_lied_parliament,True,Rajnath made false statement on Sindoor martyrs,Congress seeks privilege action against Rajnath over alleged false Sindoor martyrs statement.
Print,,,Deccan Chronicle,,,,2026-07-01,07:07,coverage,Rajnath gets notice on terror martyrs,Congress leader K.C. Venugopal on Tuesday wrote to Lok Sabha Speaker Om Birla demanding that privilege proceedings be initiated against defence minister Rajnath,English,,,,,,,1542,0,,,,,True,True,-1,neutral_reporter,neutral,rajnath_lied_parliament,True,Rajnath made false statement on Sindoor martyrs,Congress seeks privilege action against Rajnath over alleged false Sindoor martyrs statement.
Print,,,Dinakaran,,,,2026-07-01,07:09,coverage,"Following the retirement of Indian Army Chief General Upendra Dwivedi, General Dheeraj Seth (left) assumed office as the new Army Chief yesterday.","Following the retirement of Indian Army Chief General Upendra Dwivedi, General Dheeraj Seth (left) assumed office as the new Army Chief yesterday.",Tamil,,,,,,,109903,0,,,,,True,False,0,neutral_reporter,,neutral_news,False,,New Army Chief assumes office after retiring chief's memorial tributes.
Print,,,Daily Thanthi,,,,2026-07-01,07:09,coverage,Privilege Motion Notice Against Rajnath Singh,"Congress MP K.C. Venugopal has given a privilege motion notice against Defense Minister Rajnath Singh in the Lok Sabha. In this regard, he has written a letter ",Tamil,,,,,,,16768,0,,,,,True,True,-1,neutral_reporter,neutral,rajnath_lied_parliament,True,Rajnath misled House on Op Sindoor casualties,Congress MP files privilege notice against Rajnath over Sindoor casualty claims.
Print,,,Dinakaran,,,,2026-07-01,07:11,coverage,False information about Operation Sindar; Privilege motion against Rajnath Singh; Congress letter to Lok Sabha Speaker,"New Delhi, July 1: Congress MP K.C. Venugopal, Chairman of the Public Accounts Committee of Parliament, stated in a letter written to Lok Sabha Speaker Om Birla",Tamil,,,,,,,80533,0,,,,,True,True,-1,neutral_reporter,neutral,rajnath_lied_parliament,True,Rajnath gave false information on Operation Sindoor,Congress seeks privilege motion against Rajnath over false Sindoor casualty info.
Print,,,Navodaya Times,,,,2026-07-01,07:11,coverage,Now an appeal to the CJI on SIR: 23 opposition parties sent a letter to the Chief Justice of India; Congress gave privilege motion notice against Defense Minister,"New Delhi, June 30 (Agency): 23 constituent parties of the opposition alliance 'Indian National Developmental Inclusive Alliance' (I.N.D.I.A.) and one independe",Hindi,,,,,,,25128,0,,,,,True,True,0,neutral_reporter,neutral,opposition_attack,False,,Report notes Congress privilege notice against Defence Minister Rajnath.
Print,,,Anandabazar Patrika,,,,2026-07-01,07:12,coverage,Against Rajnath,"New Delhi, June 30: Congress leader and party MP K.C. Venugopal submitted a notice alleging breach of privilege against Defense Minister Rajnath Singh. His alle",Bengali,,,,,,,3633,0,,,,,True,True,-1,neutral_reporter,neutral,rajnath_lied_parliament,True,Rajnath misled Parliament on Sindoor losses,Congress submits privilege notice alleging Rajnath misled Parliament on Sindoor losses.
Print,,,Prabhat Khabar,,,,2026-07-01,07:14,coverage,Indian Army fully prepared for the future: General Dwivedi,"Agencies, New Delhi Indian Army Chief General Upendra Dwivedi retired on Tuesday. He handed over the command of the Army to General Dheeraj Seth. In his farewel",Hindi,,,,,,,8543,0,,,,,True,False,0,neutral_reporter,,neutral_news,False,,Army Chief retirement and handover after National War Memorial tributes.
Print,,,Nav Rashtra,,,,2026-07-01,07:14,coverage,Privilege Motion Notice Against Defense Minister Congress leader Venugopal gave information What is stated in the notice?,"Delhi, News Agency. Congress General Secretary K. C. Venugopal on Tuesday filed a privilege motion notice against Defense Minister Rajnath Singh in the Lok Sabh",Marathi,,,,,,,11858,0,,,,,True,True,-1,neutral_reporter,neutral,rajnath_lied_parliament,True,Rajnath misled House on Sindoor casualties,Congress files privilege notice against Rajnath for allegedly misleading on Sindoor casualties.
Print,,,Vartha Bharati,,,,2026-07-01,07:15,coverage,Privilege Motion Notice from Congress against Rajnath over alleged suppression of 'Operation Sindoor' information,"New Delhi, June 30: Congress leader and Public Accounts Committee (PAC) Chairman K.C. Venugopal on Tuesday submitted a privilege motion notice to Lok Sabha Spea",Kannada,,,,,,,226749,0,,,,,True,True,-1,neutral_reporter,neutral,rajnath_lied_parliament,True,Rajnath misled Parliament on Sindoor casualties,Congress files privilege notice accusing Rajnath of misleading on Sindoor casualties.
Print,,,Navodaya Times,,,,2026-07-01,07:15,coverage,SIR: Opposition's Plea to CJI 23 Opposition Parties Send Letter to Chief Justice of India Congress Gives Privilege Motion Notice Against Defense Minister,"SIR: Opposition's Plea to CJI 23 Opposition Parties Send Letter to Chief Justice of India New Delhi, 30 June (Agency): The opposition alliance 'Indian National ",Hindi,,,,,,,25305,0,,,,,True,True,-1,neutral_reporter,neutral,rajnath_lied_parliament,False,,Congress issues privilege motion notice against Defence Minister Rajnath.
Print,,,Himachal Dastak,,,,2026-07-01,07:16,coverage,General Dwivedi retired from the post of Army Chief,"New Delhi. General Upendra Dwivedi retired from the post of Army Chief on Tuesday. Before retirement, he paid tribute to the martyred soldiers at the National W",Hindi,,,,,,,7521,0,,,,,True,False,0,neutral_reporter,,neutral_news,False,,Gen Dwivedi retires after War Memorial tribute; new chief takes over.
Print,,,Prabhat Khabar,,,,2026-07-01,07:19,coverage,Indian Army fully prepared for the future: General Dwivedi,"Indian Army Chief General Upendra Dwivedi retired on Tuesday. He handed over the command of the Army to General Dheeraj Seth. In his farewell speech, he said th",Hindi,,,,,,,8925,0,,,,,True,False,0,neutral_reporter,,neutral_news,False,,Outgoing Army Chief hands over after memorial tributes and Op Sindoor praise.
Print,,,Vartha Bharati,,,,2026-07-01,07:19,coverage,'Operation Sindoor' Information Concealed Allegation: Privilege Notice from Congress Against Rajnath,"New Delhi, June 30: Congress leader and Public Accounts Committee (PAC) Chairman K.C. Venugopal on Tuesday submitted a privilege notice to the Lok Sabha against",Kannada,,,,,,,229069,0,,,,,True,True,-1,neutral_reporter,neutral,rajnath_lied_parliament,True,Rajnath misled Parliament on Sindoor casualties,Congress files privilege notice accusing Rajnath of misleading on Sindoor casualties.
Print,,,Vartha Bharati,,,,2026-07-01,07:19,coverage,No Government Facilities,From the first page... No Government Facilities The Karnataka government is moving forward to provide essential certificates to the people of the state. Everyon,Kannada,,,,,,,55465,0,,,,,True,True,-2,attacker,critical,govt_hid_casualties,True,Government covered up six soldiers' martyrdom,Congress demands Rajnath resign over alleged cover-up of six soldiers.
Print,,,Jagbani,,,,2026-07-01,07:32,coverage,Congress gave a privilege motion notice against Rajnath; Accused of misleading the House regarding the martyrdom of soldiers,"New Delhi, June 30 (Agency) - K.C. Venugopal, the General Secretary of the Congress organization, gave a privilege motion notice against Defense Minister Rajnat",Punjabi,,,,,,,10653,0,,,,,True,True,-1,neutral_reporter,neutral,rajnath_lied_parliament,True,Rajnath misled House on soldiers' martyrdom,Congress privilege notice accuses Rajnath of misleading House on Sindoor martyrs.
Print,,,Jagbani,,,,2026-07-01,07:33,coverage,Congress gives privilege motion notice against Rajnath Accused of misleading the House over the martyrdom of soldiers,"New Delhi, June 30 (Agency) - Congress General Secretary (Organization) K.C. Venugopal on Tuesday gave a privilege motion notice against Defense Minister Rajnat",Punjabi,,,,,,,10653,0,,,,,True,True,0,neutral_reporter,neutral,opposition_attack,False,,Congress files privilege motion against Rajnath for allegedly misleading House on Sindoor martyrs.
Print,,,Nav Bharat,,,,2026-07-01,07:33,coverage,Notice: Misled the House on Operation Sindoor: Congress - Privilege motion against Rajnath,"Delhi, Bureau. Congress MP KC Venugopal has given a notice of breach of privilege to the Lok Sabha Speaker against Defense Minister Rajnath Singh. His allegatio",Hindi,,,,,,,10973,0,,,,,True,True,0,neutral_reporter,neutral,opposition_attack,False,,Congress MP seeks privilege motion against Rajnath for allegedly lying on Op Sindoor martyrs.
Print,,,Udayakala,,,,2026-07-01,07:34,coverage,Privilege Motion Notice Against Rajnath,"New Delhi: Congress MP K.C. Venugopal on Tuesday submitted a privilege motion notice, alleging that Defense Minister Rajnath Singh misled the House regarding th",Kannada,,,,,,,4753,0,,,,,True,True,-1,neutral_reporter,neutral,rajnath_lied_parliament,True,Rajnath misled House on Op Sindoor casualties,Congress files privilege notice accusing Rajnath of misleading House on Sindoor deaths.
Print,,,Udayakala,,,,2026-07-01,07:36,coverage,Notice for Privilege Motion Against Rajnath,"New Delhi: Congress MP K.C. Venugopal on Tuesday submitted a privilege motion notice, alleging that Defense Minister Rajnath Singh misled the House regarding th",Kannada,,,,,,,48207,0,,,,,True,True,0,neutral_reporter,neutral,opposition_attack,False,,Congress files privilege notice against Rajnath for allegedly misleading House on Sindoor casualties.
Print,,,Vishwavani,,,,2026-07-01,07:49,coverage,Privilege Motion Notice Against Defence Minister Rajnath Singh,"Delhi: The Congress party on Tuesday lashed out, stating that Defence Minister Rajnath Singh misled the House regarding the deaths of Indian soldiers during Ope",Kannada,,,,,,,8348,0,,,,,True,True,0,neutral_reporter,neutral,opposition_attack,False,,Congress submits privilege motion against Rajnath for allegedly misleading Parliament on Sindoor martyrs.
Print,,,Vishwavani,,,,2026-07-01,07:49,coverage,Privilege Motion by Congress Against Rajnath Singh,"Delhi: Congress MP K.C. Venugopal on Tuesday submitted a privilege motion notice, alleging that Defence Minister Rajnath Singh misled the House regarding the de",Kannada,,,,,,,5658,0,,,,,True,True,0,neutral_reporter,neutral,opposition_attack,False,,Congress files privilege notice against Rajnath for allegedly misleading House on Sindoor casualties.
Print,,,Nav Bharat,,,,2026-07-01,07:49,coverage,Decision on Ethanol-blended Petrol Next Year Notice: House Misled on Operation Sindoor: Congress Files Privilege Motion Against Rajnath,"**Decision on Ethanol-blended Petrol Next Year** **Central Government told Supreme Court** Delhi, Agencies. The Central Government informed the Supreme Court on",Hindi,,,,,,,19669,0,,,,,True,True,-1,neutral_reporter,neutral,opposition_attack,False,,Congress files privilege motion against Rajnath over Sindoor.
Print,,,Vishwavani,,,,2026-07-01,07:56,coverage,Privilege Motion Notice Against Defence Minister Rajnath Singh,Delhi: The Congress party on Tuesday alleged that Defence Minister Rajnath Singh misled the House regarding the death of Indian soldiers during Operation Sindoo,Kannada,,,,,,,8348,0,,,,,True,True,0,neutral_reporter,neutral,opposition_attack,False,,Congress submits privilege motion against Rajnath for allegedly misleading Parliament on Sindoor martyrs.
Print,,,Vishwavani,,,,2026-07-01,07:56,coverage,Privilege Motion from Congress Against Rajnath Singh,"Delhi: Congress MP K.C. Venugopal on Tuesday submitted a privilege motion notice, alleging that Defense Minister Rajnath Singh misled the House regarding the ca",Kannada,,,,,,,5658,0,,,,,True,True,0,neutral_reporter,neutral,opposition_attack,False,,Congress files privilege notice against Rajnath for allegedly misleading House on Sindoor casualties.
Print,,,Nav Bharat,,,,2026-07-01,07:56,coverage,Decision on Ethanol-Blended Petrol Next Year; Notice: House Misled on Operation Sindoor: Congress Privilege Motion Against Rajnath,"Delhi, Agencies. The Central Government informed the Supreme Court on Tuesday that a decision on 20 percent ethanol-blended petrol will be made next year. This ",Hindi,,,,,,,19669,0,,,,,True,True,-2,attacker,critical,rajnath_lied_parliament,True,Rajnath Singh misled House on Operation Sindoor,Congress files privilege motion claiming Rajnath misled House on Op Sindoor
Print,,Our Political Bureau,The Economic Times,,,,2026-07-01,07:58,coverage,Venugopal gives Notice for Privilege Motion Against Rajnath Over Op Sindoor Remarks,Our Political Bureau New Delhi: Congress Lok Sabha member KC Venugopal on Tuesday submitted a notice to Speaker Om Birla seeking to move a breach of privilege m,English,,,,,,,96906,0,,,,,True,True,0,neutral_reporter,neutral,opposition_attack,False,,Congress MP Venugopal seeks privilege motion against Rajnath over Op Sindoor remarks.
Print,,,Punjab Kesari,,,,2026-07-01,08:02,coverage,Congress gives privilege motion notice against Defense Minister,New Delhi: Congress General Secretary K.C. Venugopal has given a privilege motion notice against Defense Minister Rajnath Singh in the Lok Sabha. He alleged tha,Hindi,,,,,,,7058,0,,,,,True,True,-1,neutral_reporter,neutral,rajnath_lied_parliament,True,Rajnath misled Parliament on Op Sindoor casualties,Congress files privilege motion against Rajnath over Op Sindoor claims.
Print,,,Dinakaran,,,,2026-07-01,08:04,coverage,False information about Operation Sindoor: Privilege motion against Rajnath Singh; Congress letter to Lok Sabha Speaker,"New Delhi, July 1: Congress MP K.C. Venugopal, who is the chairman of the Parliament's Public Accounts Committee, has written a letter to Lok Sabha Speaker Om B",Tamil,,,,,,,11279,0,,,,,True,True,-1,neutral_reporter,neutral,rajnath_lied_parliament,True,Rajnath gave false info on Op Sindoor casualties,Congress seeks privilege motion against Rajnath on Sindoor casualties.
Print,,,Dinakaran,,,,2026-07-01,08:04,coverage,Wrong information about Operation Sindhur: Privilege motion against Rajnath Singh; Congress letter to Lok Sabha Speaker,"New Delhi, July 1: Congress MP K.C. Venugopal, who is the chairman of the Public Accounts Committee of Parliament, stated in a letter written to Lok Sabha Speak",Tamil,,,,,,,10888,0,,,,,True,True,0,neutral_reporter,neutral,opposition_attack,False,,Congress letter seeks privilege motion against Rajnath on Sindoor info.
Print,,,Dinakaran,,,,2026-07-01,08:05,coverage,False information regarding Operation Sindoor; Privilege motion against Rajnath Singh; Congress letter to Lok Sabha Speaker,"New Delhi, July 1: Congress MP K.C. Venugopal, who is the chairman of the Parliament's Public Accounts Committee, stated in a letter written to Lok Sabha Speake",Tamil,,,,,,,10888,0,,,,,True,True,-1,neutral_reporter,neutral,rajnath_lied_parliament,True,Rajnath gave false info on Op Sindoor casualties,Congress seeks privilege motion against Rajnath on Sindoor casualties.
Print,,,Gujarat Guardian,,,,2026-07-01,08:21,coverage,Privilege motion notice against Rajnath for misleading Parliament on 'Operation Sindoor' issue,"New Delhi, dated 30.
The controversy regarding the death of Indian soldiers during 'Operation Sindoor' has deepened. Defence Minister Rajnath Singh had stated i",Gujarati,,,,,,,14899,0,,,,,True,True,-1,neutral_reporter,neutral,rajnath_lied_parliament,True,Rajnath misled Parliament on Op Sindoor deaths,Congress seeks privilege against Rajnath for misleading on Sindoor.
Print,,,Lokmat,,,,2026-07-01,08:23,coverage,Congress's Privilege Motion Notice Against Defense Minister,New Delhi: Congress General Secretary K. C. Venugopal has given a privilege motion notice in the Lok Sabha against Defense Minister Rajnath Singh. He alleged th,Marathi,,,,,,,62747,0,,,,,True,True,-1,neutral_reporter,neutral,rajnath_lied_parliament,True,Rajnath misled Parliament on Op Sindoor casualties,Congress files privilege motion against Rajnath over Op Sindoor claims.
Print,,,Lokmat,,,,2026-07-01,08:24,coverage,Congress's Privilege Motion Notice Against the Defence Minister,New Delhi: Congress General Secretary K. C. Venugopal has given a privilege motion notice in the Lok Sabha against Defence Minister Rajnath Singh. He alleged th,Marathi,,,,,,,338744,0,,,,,True,True,-1,neutral_reporter,neutral,rajnath_lied_parliament,True,Rajnath misled Parliament on Op Sindoor casualties,Congress files privilege motion against Rajnath over Op Sindoor claims.
Print,,,Lokmat,,,,2026-07-01,08:24,coverage,Congress's Privilege Motion Notice Against Defense Minister,New Delhi: Congress General Secretary K. C. Venugopal has given a privilege motion notice in the Lok Sabha against Defense Minister Rajnath Singh. He alleged th,Marathi,,,,,,,321159,0,,,,,True,True,-1,neutral_reporter,neutral,rajnath_lied_parliament,True,Rajnath misled Parliament on Op Sindoor casualties,Congress files privilege motion against Rajnath over Op Sindoor claims.
Print,,,Lokmat,,,,2026-07-01,08:25,coverage,Congress's Privilege Motion Notice Against Defense Minister,Lokmat News Network New Delhi: Congress General Secretary K. C. Venugopal has given a privilege motion notice against Defense Minister Rajnath Singh in the Lok ,Marathi,,,,,,,356172,0,,,,,True,True,-1,neutral_reporter,neutral,rajnath_lied_parliament,True,Rajnath misled Parliament on Op Sindoor casualties,Congress files privilege motion against Rajnath over Op Sindoor claims.
Print,,,Mumbai Samachar,,,,2026-07-01,08:25,coverage,Rajnath Singh Lied on Martyrdom Issue: Demand for Privilege Motion Action,New Delhi: Congress leader K.C. Venugopal wrote a letter to Lok Sabha Speaker Om Birla demanding initiation of privilege motion action against Defense Minister ,Gujarati,,,,,,,9375,0,,,,,True,True,-1,neutral_reporter,neutral,rajnath_lied_parliament,True,Rajnath lied on martyrdom of Op Sindoor soldiers,Congress demands privilege motion against Rajnath over alleged Op Sindoor lie.
Print,,,Lokmat,,,,2026-07-01,08:26,coverage,Congress's Privilege Motion Notice Against Defense Minister,New Delhi: Congress General Secretary K. C. Venugopal has given a privilege motion notice in the Lok Sabha against Defense Minister Rajnath Singh. He alleged th,Marathi,,,,,,,327605,0,,,,,True,True,0,neutral_reporter,neutral,opposition_attack,False,,Congress files privilege notice against Rajnath on Sindoor casualties.
Print,,,Syndicate Media,,,,2026-07-01,08:47,coverage,Lt. General Dheeraj Seth takes charge as new Army Chief,"Before relinquishing charge, he paid tribute to the martyrs at the National War Memorial located in New Delhi. After this, in the farewell ceremony, he recalled",Hindi,,,,,,,16386,0,,,,,True,False,0,neutral_reporter,,neutral_news,False,,Seth takes Army Chief charge after Dwivedi tribute at War Memorial.
Print,,,Prakhar Samachar,,,,2026-07-01,08:55,coverage,"General Upendra Dwivedi relinquishes post of Army Chief, Lieutenant General Dheeraj Seth takes command","New Delhi. General Upendra Dwivedi, who served in the Indian Army for over four decades, relinquished the post of Army Chief on Tuesday. Lieutenant General Dhee",Hindi,,,,,,,15361,0,,,,,True,False,0,neutral_reporter,,neutral_news,False,,Dwivedi hands over Army Chief post after National War Memorial tributes.
Print,,,Madhav Express,,,,2026-07-01,09:03,coverage,"General Dwivedi retired from Army Chief post, said - Army performed its duties well","New Delhi. General Upendra Dwivedi retired from the post of Army Chief on Tuesday. Before retirement, he paid tribute to the martyred soldiers at the National W",Hindi,,,,,,,14275,0,,,,,True,False,0,neutral_reporter,,neutral_news,False,,Gen Dwivedi retires as Army Chief after National War Memorial tribute.
Print,,,The New Indian Express,,,,2026-07-01,09:10,coverage,Congress mulls privilege motion against Rajnath,THE Congress on Tuesday sought privilege proceedings to be initiated against Defence Minister Rajnath Singh for allegedly withholding information and misleading,English,,,,,,,3903,0,,,,,True,True,0,neutral_reporter,neutral,opposition_attack,False,,Congress seeks privilege proceedings against Rajnath for misleading Parliament.
Print,,Rajiv Khandelwal,Media Express,,,,2026-07-01,09:11,coverage,"Have the citizens' sensibilities died, disappeared, become dormant, or dulled?","Rajiv Khandelwal
In the last one and a half years, the country has witnessed three such incidents that have tarnished our pride and honor. On one hand, an attac",Hindi,,,,,,,47028,0,,,,,True,True,-2,misinfo_spreader,critical,govt_hid_casualties,True,Government hid Operation Sindoor martyrs for 13 months,Opinion criticises government for hiding Operation Sindoor martyrs for 13 months.
Print,,,Dainik Savera Times,,,,2026-07-01,09:13,coverage,Congress gives privilege motion notice against Defence Minister Accused of misleading the House regarding the martyrdom of soldiers during 'Operation Sindoor',"Savera News New Delhi, June 30: Congress General Secretary K.C. Venugopal on Tuesday gave a privilege motion notice against Defence Minister Rajnath Singh in th",Hindi,,,,,,,8018,0,,,,,True,True,0,neutral_reporter,neutral,opposition_attack,False,,Congress privilege notice against Rajnath over Op Sindoor martyrdom claims.
Print,,,Newsline Sidha Samachar,,,,2026-07-01,09:39,coverage,Congress MP KC Venugopal demanded a privilege motion against Rajnath Singh,"(G.N.S.) Date 30
New Delhi,
Congress leader K.C. Venugopal had written a letter to bring a privilege motion against Rajnath Singh for misleading Parliament on O",Gujarati,,,,,,,15084,0,,,,,True,True,-1,neutral_reporter,neutral,rajnath_lied_parliament,True,Rajnath misled Parliament on Op Sindoor martyrs,Congress seeks privilege motion against Rajnath for misleading on Sindoor martyrs.
Print,,,Kutch Mitra,,,,2026-07-01,09:55,coverage,Privilege Breach Notice against Rajnath,"New Delhi, Date 30:
With the allegation of misleading Parliament on the issue of Indian soldiers martyred in 'Operation Sindoor', Congress General Secretary KC ",Gujarati,,,,,,,399,0,,,,,True,True,0,neutral_reporter,neutral,opposition_attack,False,,Congress issues privilege notice against Rajnath on Sindoor statement.
Print,,,Manush Patrika,,,,2026-07-01,10:32,coverage,Privilege Motion Notice,"P. Chidambaram, P. V. Narasimha Rao, and G. K. Moopanar were martyred. In a letter to the Speaker, Venugopal wrote, ""The former Prime Minister, standing in Parl",Bengali,,,,,,,10884,0,,,,,True,True,0,neutral_reporter,neutral,opposition_attack,False,,Garbled report on privilege notice and war memorial martyrs.
Print,,,Manush Patrika,,,,2026-07-01,10:32,coverage,"'Falsehood' in Parliament, Congress's Privilege Motion Notice Against Rajnath","New Delhi, 30 June: Last year, Rajnath Singh had claimed in Parliament that no Indian soldier was martyred in 'Operation Sindoor', which was launched in respons",Bengali,,,,,,,12692,0,,,,,True,True,-1,misinfo_spreader,critical,rajnath_lied_parliament,True,Rajnath claimed no Indian soldier martyred in Op Sindoor,Congress privilege notice claims Rajnath falsely denied Op Sindoor martyrs.
Print,,,Arth Prakash,,,,2026-07-01,12:33,coverage,"General Upendra Dwivedi Retires as Army Chief
Says Operation Sindoor Reflects Army's Preparedness, General Dhiraj Seth Takes Charge","Army on Tuesday. Before demitting office, he paid tribute to the fallen soldiers at the National War Memorial in New Delhi.
Addressing the occasion, the General",English,,,,,,,26563,0,,,,,True,False,0,neutral_reporter,,neutral_news,False,,Dwivedi retires citing Op Sindoor; Seth takes Army Chief charge.
Print,,Brij R Goyal,The Pioneer,,,,2026-07-02,01:59,coverage,Every martyr deserves equal recognition,The delay in officially acknowledging the sacrifice of six soldiers during Operation Sindoor has raised serious concerns. While governments may withhold operati,English,,,,,,,9175,0,,,,,True,True,-1,critic,critical,govt_hid_casualties,True,delay in officially acknowledging six soldiers,Letter criticises delay recognising six Op Sindoor martyrs.
Print,,Brij B Goyal,The Pioneer,,,,2026-07-02,02:00,coverage,Every martyr deserves equal recognition,The delay in officially acknowledging the sacrifice of six soldiers during Operation Sindoor has raised serious concerns. While governments may withhold operati,English,,,,,,,9175,0,,,,,True,True,-1,critic,critical,govt_hid_casualties,True,delay in officially acknowledging six soldiers,Letter criticises delay recognising six Op Sindoor martyrs.
Print,,,The Daily Imarat,,,,2026-07-02,02:21,coverage,"New Army Chief General Dheeraj Singh paid tribute to martyrs at the National War Memorial. Commitment to build a modern, self-reliant Indian Army aligned with future demands under a discreet strategy, declaring 'VIJAY' as its guiding principle.","New Delhi / A day after assuming office as the 31st Chief of the Indian Army, General Dheeraj Singh paid tribute to martyrs at the National War Memorial in New ",Urdu,,,,,,,53499,0,,,,,True,False,0,neutral_reporter,,neutral_news,False,,New Army Chief pays tribute to martyrs at National War Memorial.
Print,,"Brij B Goyal"", ""Bhagwan Thadani"", ""K Chidanand Kumar",The Pioneer,,,,2026-07-02,02:23,coverage,LETTERS TO THE EDITOR,LETTERS TO THE EDITOR: **Every martyr deserves equal recognition** The delay in officially acknowledging the sacrifice of six soldiers during Operation Sindoor ,English,,,,,,,61728,0,,,,,True,True,-1,critic,critical,govt_hid_casualties,True,delay in officially acknowledging six soldiers,Letter criticises delay recognising six Op Sindoor martyrs.
Print,,,Early Times,,,,2026-07-02,02:23,coverage,General Dheraj Seth pays homage at National War Memorial,"EARLY TIMES REPORT NEW DELHI, July 1: A day after assuming charge as the 31st Chief of the Army Staff, General Dhiraj Seth today paid solemn homage to the brave",English,,,,,,,3062,0,,,,,True,False,0,neutral_reporter,,neutral_news,False,,New COAS Gen Dhiraj Seth pays homage at National War Memorial.
Print,,"Brij B Goyal"", ""Bhagwan Thadani"", ""K Chidanand Kumar",The Pioneer,,,,2026-07-02,02:27,coverage,Every martyr deserves equal recognition Electoral integrity requires public confidence Climate action must move beyond plans,Every martyr deserves equal recognition The delay in officially acknowledging the sacrifice of six soldiers during Operation Sindoor has raised serious concerns,English,,,,,,,61205,0,,,,,True,True,-1,critic,critical,govt_hid_casualties,True,delay in officially acknowledging six soldiers,Piece criticises delay recognising six Op Sindoor martyrs.
Print,,"BRIJ B GOYAL"", ""BHAGWAN THADANI"", ""K CHIDANAND KUMAR",The Pioneer,,,,2026-07-02,02:27,coverage,LETTERS TO THE EDITOR Every martyr deserves equal recognition Electoral integrity requires public confidence Climate action must move beyond plans,The delay in officially acknowledging the sacrifice of six soldiers during Operation Sindoor has raised serious concerns. While governments may withhold operati,English,,,,,,,59498,0,,,,,True,True,-1,critic,critical,govt_hid_casualties,True,delay in officially acknowledging six soldiers,Letter criticises delay recognising six Op Sindoor martyrs.
Print,,,Urdu Action,,,,2026-07-02,02:30,coverage,"Rajnath Singh misled both the nation and Parliament: Congress demands privilege motion against Rajnath Singh over martyrdoms in Operation Sundoor, alleges",New Delhi: The Congress has once again severely criticized the central government over the issue of soldiers martyred during Operation Sundoor. Senior Congress ,Urdu,,,,,,,29358,0,,,,,True,True,-2,attacker,critical,rajnath_lied_parliament,True,Rajnath Singh misled nation and Parliament on Sindoor deaths,Congress demands privilege motion claiming Rajnath misled on Op Sindoor martyrdoms.
Print,,,Central Chronicle,,,,2026-07-02,02:33,coverage,Congress moves breach of privilege notice against Rajnath Singh Controversy erupts over alleged false statements in LS,New Delhi: Congress leader K.C. Venugopal has submitted a notice for breach of privilege against Defence Minister Rajnath Singh in the Lok Sabha. The notice all,English,,,,,,,14594,0,,,,,True,True,0,neutral_reporter,neutral,opposition_attack,False,,Congress files privilege notice accusing Rajnath of misleading Parliament on Sindoor casualties.
Print,,,Avadhnama,,,,2026-07-02,02:44,coverage,Privilege Motion Notice Against Rajnath Singh House Misled on Martyrs of Operation Sindoor,New Delhi. Congress General Secretary (Organization) KC Venugopal has given a privilege motion notice against Defense Minister Rajnath Singh in the Lok Sabha. H,Hindi,,,,,,,8277,0,,,,,True,True,0,neutral_reporter,neutral,opposition_attack,False,,Congress files privilege notice against Rajnath for allegedly misleading House on Sindoor martyrs.
Print,,"BRIJ B GOYAL"", ""BHAGWAN THADANI"", ""K CHIDANAND KUMAR",The Pioneer,,,,2026-07-02,03:02,coverage,Every martyr deserves equal recognition Electoral integrity requires public confidence Climate action must move beyond plans,The delay in officially acknowledging the sacrifice of six soldiers during Operation Sindoor has raised serious concerns. While governments may withhold operati,English,,,,,,,60421,0,,,,,True,True,-1,critic,critical,govt_hid_casualties,True,delay in officially acknowledging six soldiers' sacrifice,Editorial criticises delay in recognising six Operation Sindoor martyrs.
Print,,,Haribhoomi,,,,2026-07-02,03:54,coverage,"New Army Chief General Dheeraj Seth Pays Tribute at National War Memorial, Calls 'Vijay' the Cornerstone of Army Priorities; Three Senior Officers Assume Key Posts","Hari Bhoomi Bureau » New Delhi Wednesday marked a significant day for the Indian Army as high-ranking officers assumed charge. General Dheeraj Seth, who took ov",Hindi,,,,,,,11588,0,,,,,True,False,0,neutral_reporter,,neutral_news,False,,New Army Chief pays tribute at NWM and outlines VIJAY priorities.
Print,,,Kerala Kaumudi,,,,2026-07-02,04:48,coverage,Ashutosh Dixit takes charge as Deputy Chief of Air Staff,"New Delhi: Air Marshal Ashutosh Dixit has taken charge as the Deputy Chief of Air Staff. He is the 51st Deputy Chief of the Air Force, succeeding Air Marshal Na",Malayalam,,,,,,,397,0,,,,,True,False,0,neutral_reporter,,neutral_news,False,,Air Marshal Dixit assumes Deputy Chief of Air Staff after NWM homage.
Print,,BRIJ B GOYAL,Telangana Today,,,,2026-07-02,04:52,coverage,Regrettable,Letters to the Editor Regrettable The Centre's delay in informing the nation about the martyrdom of our six soldiers during Operation Sindoor is deeply regretta,English,,,,,,,5394,0,,,,,True,True,-1,critic,critical,govt_hid_casualties,True,Centre delayed informing nation of six soldiers' martyrdom,Letter regrets Centre's delay announcing six Operation Sindoor martyrs.
Print,,,Telangana Today,,,,2026-07-02,04:52,coverage,Major Gen Srinivas takes charge as GOC,"HYDERABAD: Major General G Srinivas, on assuming the appointment of General Officer Commanding (GOC), Telangana & Andhra Sub Area (TASA), on Wednesday, paid hom",English,,,,,,,6973,0,,,,,True,False,0,tribute,,other,False,,Major General Srinivas takes GOC charge and pays homage at war memorial.
Print,,,Andhra Jyothi,,,,2026-07-02,04:56,coverage,Major General Srinivas as TANA General Officer Commanding,"Alwal, July 1 (Andhra Jyothi): Major General G. Srinivas assumed charge as the General Officer Commanding (GOC) of Telangana and Andhra Sub Area (TANA) at his o",Telugu,,,,,,,8818,0,,,,,True,False,0,tribute,,other,False,,Major General Srinivas assumes TANA GOC charge and pays war memorial tribute.
Print,,,Refugee Message,,,,2026-07-02,05:53,coverage,"General Dhiraj Seth pays Homage at National War Memorial, reviews Guard of Honour and outlines priorities as COAS","REFUGEE MESSAGE BUREAU NEW DELHI, JULY 1 A day after assuming charge as the 31st Chief of the Army Staff, General Dhiraj Seth today paid solemn homage to the br",English,,,,,,,35592,0,,,,,True,False,0,neutral_reporter,,neutral_news,False,,New COAS Gen Dhiraj Seth pays routine homage at National War Memorial.
Print,,,Disha,,,,2026-07-02,05:56,coverage,New Air Staff Vice Chief Ashutosh Dixit takes charge,"Risa, National Bureau: Air Marshal Ashutosh Dixit has taken charge as the crucial Vice Chief of Air Staff in the Indian Air Force. Air Marshal Nagesh Kanwar's t",Telugu,,,,,,,5341,0,,,,,True,False,0,neutral_reporter,,neutral_news,False,,Air Marshal Dixit takes IAF Vice Chief charge after NWM tribute.
Print,,Inder Sahni,Samachar Jagat,,,,2026-07-02,07:11,coverage,"Congress Demands Rajnath Singh's Resignation, Accuses of Misleading Parliament",Congress has demanded the resignation of Defense Minister Rajnath Singh. The party has accused him of misleading Parliament. Congress says that Rajnath Singh ha,Hindi,,,,,,,36329,0,,,,,True,True,-2,critic,critical,rajnath_lied_parliament,True,misleading Parliament on Operation martyrs,Congress demands Rajnath resignation for allegedly misleading Parliament.
Print,,,Kamyaab Kalam,,,,2026-07-02,07:46,coverage,"Air Marshal Tejinder Singh Takes Charge of CISSC, Pays Tribute at National War Memorial","New Delhi
Air Marshal Tejinder Singh assumed charge as the Chief of Integrated Defence Staff (CISSC) to the Chairman, Chiefs of Staff Committee (COSC) on July 1",Hindi,,,,,,,1408,0,,,,,True,False,0,neutral_reporter,,neutral_news,False,,"Air Marshal Tejinder Singh takes CISSC charge, pays tribute at NWM."
Print,,,Prime Day,,,,2026-07-02,08:35,coverage,Delayed Recognition,Every democracy owes two debts to its soldiers. The first is to equip them well enough to fight. The second is to acknowledge them with honesty if they fall. Th,English,,,,,,,1966,0,,,,,True,True,-1,critic,critical,memorial_first_disclosure,True,delayed casualty acknowledgement by government,Memorial inscription reopens debate on delayed casualty acknowledgement.
Print,,,Aaj ka Aalap,,,,2026-07-02,08:37,coverage,"Privilege Motion Notice Against Rajnath
Congress Reaches Om Birla Over Misleading House on 'Operation Sindoor' Martyrs",New Delhi (A). Congress General Secretary (Organization) KC Venugopal on Tuesday gave a privilege motion notice against Defense Minister Rajnath Singh in the Lo,Hindi,,,,,,,1828,0,,,,,True,True,0,neutral_reporter,neutral,opposition_attack,False,,Congress files privilege notice against Rajnath over alleged misleading on Operation Sindoor martyrs.
Print,,,Aman Path,,,,2026-07-02,08:39,coverage,Air Marshal Tejinder Singh takes charge as Chief of Integrated Defence Staff,"Aman Path News
New Delhi. The Integrated Defence Staff, an important institution that strengthens joint military operations and coordination among the three ser",Hindi,,,,,,,9667,0,,,,,True,False,0,neutral_reporter,,neutral_news,False,,"Air Marshal Tejinder Singh takes over as CISC, wreath at NWM."
Print,,,Pradesh Today,,,,2026-07-02,08:50,coverage,Have the citizens' sensibilities become dulled?,"The silence, as if curd had set in the mouth, was broken when the Government of India officially published the names of martyrs on June 26 and included them in ",Hindi,,,,,,,49206,0,,,,,True,True,-2,critic,critical,govt_hid_casualties,True,Names of martyrs first published only on June 26,Opinion criticises delay declaring martyrs and public silence.
Print,,Rajeev Khandelwal,Navpradesh,,,,2026-07-02,10:01,coverage,"Have the citizens' sensibilities died, disappeared, become dormant, or dulled?","Author: Rajeev Khandelwal

In the last one and a half years, the country has witnessed three such incidents that have shattered our ""pride and glory."" On one ha",Hindi,,,,,,,23959,0,,,,,True,True,-2,misinfo_spreader,critical,govt_hid_casualties,True,Government hid six Op Sindoor martyrs for 13 months,Opinion accuses government of hiding six Sindoor martyrs.
Print,,,The Arunachal Age,,,,2026-07-02,12:35,coverage,"Rajnath Singh misled Parliament on soldier deaths, says Venugopal; demands privilege proceedings","NEW DELHI, JUL 1: Senior Congress leader K C Venugopal on Tuesday wrote to Lok Sabha Speaker Om Birla demanding that privilege proceedings be initiated against ",English,,,,,,,223871,0,,,,,True,True,0,neutral_reporter,neutral,opposition_attack,False,,Venugopal demands privilege proceedings against Rajnath for alleged false Sindoor casualty statement.
Print,,Poonam Pandey,Navbharat Times,,,,2026-07-02,21:42,coverage,"31st Chief, on the day after taking charge, announced new priorities, modernization of the army will be advanced with new energy and strong resolve 'JAI se VIJAY' will be the Army's mantra: Army Chief Became Chief from Armoured Corps after 29 years","New Delhi: The new Indian Army Chief, General Dheeraj Seth, outlined his priorities on Wednesday. He assured the countrymen that the Indian Army is fully prepar",Hindi,,,,,,,24994,0,,,,,True,False,0,neutral_reporter,,neutral_news,False,,New Army Chief Gen Dhiraj Seth outlines priorities after War Memorial visit.
Print,,Inder Sahni,Samachar Jagat,,,,2026-07-02,22:07,coverage,"Congress demands Rajnath Singh's resignation, accuses him of misleading Parliament",Congress has demanded the resignation of Defense Minister Rajnath Singh. The party has accused him of misleading Parliament. Congress says that Rajnath Singh ha,Hindi,,,,,,,36451,0,,,,,True,True,-2,critic,critical,rajnath_lied_parliament,True,misleading Parliament on Operation martyrs,Congress demands Rajnath resignation for allegedly misleading Parliament.
Print,,,Nav Bharat,,,,2026-07-02,22:36,coverage,Air Marshal Dixit Deputy Chief of Air Staff,Delhi. Air Marshal Ashutosh Dixit has been appointed as the new and 51st Deputy Chief of the Indian Air Force. He has replaced Air Marshal Nagesh Kapoor. Prior ,Hindi,,,,,,,633,0,,,,,True,False,0,neutral_reporter,,neutral_news,False,,Air Marshal Dixit appointed 51st Deputy Chief after NWM homage.
Print,,Rajiv Khandelwal,Nav Pradesh,,,,2026-07-02,22:40,coverage,"Have the sensibilities of citizens become dead, lost, dormant, blunt?","Rajiv Khandelwal ""In the last one and a half years, the country has witnessed three such incidents that have shattered our 'honor and glory'. On one hand, the c",Hindi,,,,,,,23459,0,,,,,True,True,-2,misinfo_spreader,critical,govt_hid_casualties,True,Government hid Op Sindoor martyrs for 13 months,Opinion accuses government of hiding Sindoor martyrs 13 months.
Print,,,Journey Line,,,,2026-07-02,22:43,coverage,"General Dhiraj Seth pays tribute at National War Memorial, outlines priorities as Army Chief","JL NEWS SERVICE NEW DELHI, Jul 1: A day after taking over as the 31st Chief of the Army Staff, General Dhiraj Seth on Wednesday paid homage to soldiers who made",English,,,,,,,19666,0,,,,,True,False,0,neutral_reporter,,neutral_news,False,,New COAS Gen Dhiraj Seth pays tribute at National War Memorial.
Print,,,Praja Tantra,,,,2026-07-02,22:47,coverage,Indian sailor's body returned from Venezuela; 117 prominent individuals wrote a letter to Modi-Sharif while fasting,"Bhubaneswar: The body of an Odia sailor, who was stranded in Venezuela for the past 13 months, arrived in Bhubaneswar last night. His body was able to be return",Odia,,,,,,,78575,0,,,,,True,False,0,neutral_reporter,,other,False,,Odia sailor body returned from Venezuela; peace letter to leaders.
Print,,Betul Sudhar Nyas,Pradesh Today,,,,2026-07-02,22:50,coverage,Have the citizens' sensibilities themselves become numb?,"In the last one and a half decades, three such incidents have been witnessed that have hurt our 'pride', 'faith', and the 'dignity of martyrs'. It is surprising",Hindi,,,,,,,49256,0,,,,,True,True,-2,misinfo_spreader,critical,govt_hid_casualties,True,Government delayed recognition of six martyrs over a year,Opinion alleges government delayed recognition of six Op Sindoor martyrs over a year.
Print,,,Satta Samay,,,,2026-07-03,09:17,coverage,Air Marshal Tejinder Singh takes charge as Chief of Integrated Defence Staff,"Agency
New Delhi. The Integrated Defence Staff, an important institution that strengthens joint military operations and coordination among the three services in",Hindi,,,,,,,6332,0,,,,,True,False,0,neutral_reporter,,neutral_news,False,,"Air Marshal Tejinder Singh takes CISC charge, lays NWM wreath."
Print,,,Dumani Mail,,,,2026-07-04,00:45,coverage,Indian Naval Officers Honour Fallen Soldiers At Singapore's Kranji War Memorial,"Singapore, 3/7: Flag Officer Commanding Eastern Fleet, Rear Admiral Alok Nanda, and commanding officers of Indian Navy's Eastern Fleet ships visited Kranji War ",English,,,,,,,26496,0,,,,,True,False,0,neutral_reporter,,neutral_news,False,,Indian Navy officers honour fallen at Singapore Kranji War Memorial.
Print,,,Greater Jammu,,,,2026-07-04,00:46,coverage,Indian Navy's Flag Officer pays homage at Kranji War Memorial,"SINGAPORE, JUL 3: In a solemn ceremony, Flag Officer Commanding Eastern Fleet Rear Admiral Alok Ananda alongwith the Commanding Officers of visiting Indian Navy",English,,,,,,,142252,0,,,,,True,False,0,neutral_reporter,,neutral_news,False,,Indian Navy Flag Officer pays homage at Kranji War Memorial Singapore.
Print,,,Avadhnama,,,,2026-07-04,01:07,coverage,CM Yogi gave a new name to Malihabadi mango Kakori brand will keep alive the memory of the country's martyrs Chief Minister reached the Mango Festival organized in Lucknow,"Lucknow. State CM Yogi Adityanath addressed Lucknow's famous Malihabadi mango with a new name, 'Kakori Brand'. He linked it to the freedom struggle. Additionall",Hindi,,,,,,,25994,0,,,,,True,False,0,bystander,,other,False,,Yogi renames Malihabadi mango Kakori Brand honouring martyrs.
Print,,,Tripura Observer,,,,2026-07-04,01:35,coverage,Indian Naval Officers honour fallen soldiers at Singapore's Kranji War Memorial,"Singapore, July 3 (IANS) Flag Officer Commanding Eastern Fleet, Rear Admiral Alok Nanda, and command-ing officers of Indian Navy's Eastern Fleet ships visited K",English,,,,,,,36087,0,,,,,True,False,0,tribute,,other,False,,Indian Navy officers honour fallen at Singapore Kranji War Memorial.
Print,,Manoj Kumar Agarwal,Jagmarg,,,,2026-07-04,02:47,coverage,Politics over martyrdom in Operation Sindoor is against national interest,Manoj Kumar Agarwal Even the world's most powerful nation cannot claim in an attack or war that damage occurred only unilaterally. Regardless of how highly trai,Hindi,,,,,,,42688,0,,,,,True,True,1,defender,defensive,insult_martyrs_politicisation,False,,Argues politics over Op Sindoor martyrs harms national interest.
Print,,,Amar Ujala,,,,2026-07-04,05:23,coverage,Singapore: Naval officers paid tribute at Kranji War Memorial,"Singapore. Flag Officer Commanding Eastern Fleet of the Indian Navy, Rear Admiral Alok Ananda, and Commanding Officers of ships paid tribute to martyrs at Singa",Hindi,,,,,,,3355,0,,,,,True,False,0,tribute,,other,False,,Indian Navy officers pay tribute at Singapore Kranji War Memorial.
Print,,,Amar Ujala,,,,2026-07-04,05:55,coverage,Singapore: Naval officers paid tribute at Kranji War Memorial,"Singapore. Flag Officer Commanding Eastern Fleet of the Indian Navy, Rear Admiral Alok Ananda, and Commanding Officers of ships paid tribute to the martyrs at t",Hindi,,,,,,,3355,0,,,,,True,False,0,tribute,,other,False,,Indian Navy officers pay tribute at Singapore Kranji War Memorial.
Print,,,Western Times,,,,2026-07-04,06:46,coverage,Indian Naval Officers honour fallen soldiers at Singapore's Kranji War Memorial,"Singapore, July 3 (IANS) Flag Officer Commanding Eastern Fleet, Rear Admiral Alok Nanda, and commanding officers of Indian Navy's Eastern Fleet ships visited Kr",English,,,,,,,10128,0,,,,,True,False,0,neutral_reporter,,neutral_news,False,,Indian Naval officers honour fallen at Singapore Kranji War Memorial.
Print,,,Amar Ujala,,,,2026-07-04,07:09,coverage,Singapore: Naval officers paid tribute at Kranji War Memorial,"Singapore. Flag Officer Commanding Eastern Fleet of the Indian Navy, Rear Admiral Alok Ananda, and Commanding Officers of ships paid tribute to martyrs at the K",Hindi,,,,,,,3355,0,,,,,True,False,0,tribute,,other,False,,Indian Navy officers pay tribute at Singapore Kranji War Memorial.
Print,,,Amar Ujala,,,,2026-07-04,07:13,coverage,Singapore: Naval Officers Pay Tribute at Kranji War Memorial,"Singapore. Flag Officer Commanding Eastern Fleet of the Indian Navy, Rear Admiral Alok Ananda, and commanding officers of ships paid tribute to martyrs at Singa",Hindi,,,,,,,3461,0,,,,,True,False,0,neutral_reporter,,neutral_news,False,,Indian Navy officers pay tribute at Singapore Kranji War Memorial.
Print,,,Amar Ujala,,,,2026-07-04,07:15,coverage,Singapore: Naval officers paid tribute at Kranji War Memorial,"Singapore. Flag Officer Commanding Eastern Fleet of the Indian Navy, Rear Admiral Alok Ananda, and commanding officers of ships paid tribute to martyrs at Singa",Hindi,,,,,,,3355,0,,,,,True,False,0,neutral_reporter,,neutral_news,False,,Indian Navy officers pay tribute at Singapore Kranji War Memorial.
Print,,,Amar Ujala,,,,2026-07-04,07:16,coverage,Singapore: Naval officers paid tribute at Kranji War Memorial,"Singapore. Flag Officer Commanding Eastern Fleet of the Indian Navy, Rear Admiral Alok Ananda, and Commanding Officers of ships paid tribute to martyrs at the K",Hindi,,,,,,,3355,0,,,,,True,False,0,neutral_reporter,,neutral_news,False,,Indian Navy officers pay tribute at Singapore Kranji War Memorial.
Print,,,The Hawk,,,,2026-07-04,09:57,coverage,Indian Naval Officers Honour Fallen Soldiers At Singapore's Kranji War Memorial,"Singapore: Flag Officer Commanding Eastern Fleet, Rear Admiral Alok Nanda, and commanding officers of Indian Navy's Eastern Fleet ships visited Kranji War Memor",English,,,,,,,26922,0,,,,,True,False,0,neutral_reporter,,neutral_news,False,,Indian Navy Eastern Fleet officers honour fallen at Kranji War Memorial.
Print,,,North East Colors,,,,2026-07-04,12:22,coverage,The reality can be different,"If telling lies ruin one's credibility, disclosed suppressed lie may ruin the very existence of the person. This is a truth that applies everywhere, be it in po",English,,,,,,,21814,0,,,,,True,True,-2,misinfo_spreader,critical,govt_hid_casualties,True,Govt delayed/suppressed disclosure of six Op Sindoor martyrs,Editorial criticises govt delayed disclosure of six Op Sindoor martyrs.
Print,,Debashis Bhattacharya,Dainik Statesman,,,,2026-07-05,01:05,coverage,Kargil War Memorial where the mountains still tell tales of bravery,"As I sit down to write about the Kargil chapter of my Ladakh trip, my mind goes back to July 3-5, 1999. If you sleep in your car, know that someone is awake at ",Bengali,,,,,,,87385,0,,,,,True,False,0,tribute,,tribute_martyrs,False,,"Travelogue tributes bravery at Kargil War Memorial, unrelated to row."
Print,,Manoj Agrawal,Loksatya,,,,2026-07-05,03:23,coverage,"Playing with the nation's honor, politics over martyrdom","Actually, only those who serve in the army deserve praise, no political party. Anyway, when the Defense Minister said that no soldier was harmed in Operation Si",Hindi,,,,,,,34628,0,,,,,True,True,-2,misinfo_spreader,critical,rajnath_lied_parliament,True,Defense Minister said no soldier was harmed in Operation Sindoor,Criticises politics over martyrs named after year despite no-casualty claims.
Print,,,Saamna,,,,2026-07-05,06:00,coverage,Ruckus over donation theft and MP theft,(From page 1) Parliamentary Affairs Minister Kiren Rijiju gave this information today via an 'X' post. He stated in the post that President Droupadi Murmu has i,Marathi,,,,,,,10056,0,,,,,True,True,-2,misinfo_spreader,critical,govt_hid_casualties,True,Six soldiers died contrary to government claims,Claims six Op Sindoor deaths contrary to govt; Rajnath faces questions.
Print,,,Maharashtra Times,,,,2026-07-05,06:41,coverage,'Rise of Developed India in the Fourth Term',"In Modi's fourth term, the world will witness the rise of a developed India,"" Singh noted. A few days ago, when the names of six soldiers martyred during 'Opera",Marathi,,,,,,,9399,0,,,,,True,True,2,defender,defensive,defend_context,False,,"Rajnath notes Made-in-India defence trust, cautions against talks harming forces' morale."
Print,,,The Telegraph,,,,2026-07-05,08:15,coverage,Deceptive silence Target practice Friends and foes Footnote,"Ever since the unsuccessful bid for chief ministership by the All India Congress Committee general-secretary (organisation), KC Venugopal, he has become quieter",English,,,,,,,2998,0,,,,,True,False,0,neutral_reporter,,other,False,,Congress rifts noted; Tewari sidelined after Op Sindoor role.
Print,,,Afaaq,,,,2026-07-05,08:52,coverage,India Alliance hopes Supreme Court will direct Election Commission to work impartially on various issues in Monsoon Session; Government to be guided,"New Delhi, 04 July (UNI) The Congress has said that in the Monsoon Session of Parliament, along with the allied parties of the India Alliance, it will seek answ",Urdu,,,,,,,24771,0,,,,,True,False,0,neutral_reporter,,other,False,,"INDIA alliance to raise EC, security and China issues in session."
Print,,,Greater Jammu,,,,2026-07-06,00:56,coverage,Sarhad International Shauryathon held at Drass,"GJ REPORT DRASS, JUL 5: The Sarhad International Shauryathon 2026, themed ""Run With Resolve, Run For Unity,"" was held on Sunday at the Kargil War Memorial in Dr",English,,,,,,,18064,0,,,,,True,False,0,neutral_reporter,,other,False,,Shauryathon event held at Kargil War Memorial in Drass by Army.
Print,,,The Hans India,,,,2026-07-06,04:30,coverage,"Mahila Congress to protest on July 25: Alka Lamba Alka Lamba accuses BJP-led Centre of being anti-women, demands implementation of the Nari Shakti Vandan Act","HANS NEWS SERVICE HYDERABAD ALL India Mahila Congress President Alka Lamba on Sunday launched a sharp attack on the BJP-led Central government, alleging that it",English,,,,,,,26248,0,,,,,True,True,-2,attacker,critical,rajnath_lied_parliament,True,Rajnath Singh misled Parliament on Operation Sindoor,Alka Lamba accuses Rajnath of misleading Parliament on Sindoor.
Print,,,Jansatta,,,,2026-07-06,05:54,coverage,Congress General Secretary Jairam Ramesh said: Congress serves contempt notice over Defense Minister's reply,"Jansatta Bureau New Delhi, 5 July. In the 'Operation Sindoor' case, the Congress party has given a privilege motion notice against Union Defense Minister Rajnat",Hindi,,,,,,,17717,0,,,,,True,True,-1,neutral_reporter,neutral,opposition_attack,True,Rajnath reply misled Parliament on Operation Sindoor,Congress serves privilege notice claiming Rajnath misled House.
Print,,,Amar Ujala,,,,2026-07-06,07:05,coverage,"Over 3,000 participants from across the country ran in ShauryaThon. Sarhad ShauryaThon winning participants showing their medals.","Dras. More than 3,000 participants from across the country took part in the Sarhad ShauryaThon 2026, organized on Sunday at the Dras War Memorial under the join",Hindi,,,,,,,10833,0,,,,,True,False,0,neutral_reporter,,other,False,,Thousands run ShauryaThon at Dras War Memorial for Kargil.
Print,,,Akhbar E Mashriq,,,,2026-07-06,13:08,coverage,Monsoon Session Likely to Be Stormy,"It can be done. A privilege motion has already been moved against Defense Minister Rajnath Singh, and the government can be asked to respond to it in the House.",Urdu,,,,,,,35209,0,,,,,True,True,-1,critic,critical,opposition_attack,False,,Privilege motion against Rajnath; Monsoon Session to be stormy.
Print,,,Daily Aftab,,,,2026-07-07,00:36,coverage,More than three thousand people participated in Shaurya Thon 2026: Grand tribute to Kargil martyrs,"Aftab Sports Desk Kargil / The Indian Army, in collaboration with the Border Police and local administration, successfully organized Shaurya Thon 2026 at Dras W",Urdu,,,,,,,24929,0,,,,,True,False,0,neutral_reporter,,other,False,,Thousands join Army Shaurya Thon at Dras honouring Kargil martyrs.
Print,,,Hamara Mahanagar,,,,2026-07-07,01:17,coverage,Shiv Sena stands firmly with Kashmir: Dr. Shrikant Shinde,"Drass (Ladakh). Under the leadership of Shiv Sena's chief leader and Maharashtra's Deputy Chief Minister Eknath Shinde, the relationship of trust and cooperatio",Hindi,,,,,,,12502,0,,,,,True,False,0,bystander,,other,False,,Shiv Sena dedicates facilities in Drass noting prior Kargil memorial work.
Print,,,Dainik Jagran,,,,2026-07-07,05:52,coverage,Indian Soldiers Martyred in World War I Honored in Britain,"London, PTI: Correcting a historical error, Britain has recognized the contribution of soldiers of the British Indian Army in World War I. On Monday, the names ",Hindi,,,,,,,7245,0,,,,,True,False,0,neutral_reporter,,other,False,,Names of Indian WWI martyrs added to British records.
Print,,,Dainik Jagran,,,,2026-07-07,05:55,coverage,Indian Soldiers Sacrificed in World War I Receive Honor in Britain,"London, PTI: Britain, correcting a historical mistake, has finally recognized the contribution of soldiers of the British Indian Army during the First World War",Hindi,,,,,,,696,0,,,,,True,False,0,neutral_reporter,,other,False,,Britain recognizes contribution of Indian soldiers in World War I.
Print,,,Punjabi Jagran,,,,2026-07-07,06:50,coverage,Honor for Indian soldiers martyred in the First World War,"London (PTI): In Britain, correcting a historical error, the contribution of British Indian Army soldiers during the First World War has finally been recognized",Punjabi,,,,,,,544,0,,,,,True,False,0,neutral_reporter,,other,False,,Britain corrects history by honoring Indian WWI martyrs.
Print,,,Rajasthan Patrika,,,,2026-07-07,07:12,coverage,"First World War: Correcting history's mistake by adding names to the database of martyrs; 9,909 Indian soldiers honored a century later","Patrika News Network
patrika.com
London. More than a century has passed since the end of the First World War, but now 9,909 soldiers of the then British Indian ",Hindi,,,,,,,17161,0,,,,,True,False,0,neutral_reporter,,other,False,,CWGC adds 9909 British Indian Army names to WWI martyrs database.
Print,,,Dainik Jagran,,,,2026-07-07,07:28,coverage,Indian soldiers who sacrificed in World War I received honor,"London, Britain: Correcting a historical error in Britain, the contribution of soldiers of the British Indian Army during the First World War has been recognize",Hindi,,,,,,,5826,0,,,,,True,False,0,neutral_reporter,,other,False,,Britain recognizes British Indian Army soldiers from World War I.
Print,,,Dainik Jagran,,,,2026-07-07,07:33,coverage,Honor received by martyred Indian soldiers of World War I,"London, Great Britain: Correcting a historical error, Britain has recognized the contribution of soldiers of the British Indian Army during the First World War.",Hindi,,,,,,,5767,0,,,,,True,False,0,neutral_reporter,,other,False,,Britain adds 9909 Indian WWI soldiers to official martyr records.
Print,,,Dainik Jagran,,,,2026-07-07,07:42,coverage,Indian Martyrs of World War I Honored,"London • Pretr: Britain has finally recognized the contribution of British Indian Army soldiers during World War I, correcting a historical error. On Monday, th",Hindi,,,,,,,2896,0,,,,,True,False,0,bystander,,other,False,,Britain adds 9909 Indian WWI soldiers to official martyr records.
Print,,,Rajasthan Patrika,,,,2026-07-07,08:02,coverage,"First World War: Historical error corrected by adding names to martyrs' database; 9,909 Indian soldiers honored a century later","London. More than a century has passed since the end of the First World War, but now 9,909 soldiers of the then British Indian Army have been officially honored",Hindi,,,,,,,74041,0,,,,,True,False,0,bystander,,other,False,,WWI Indian soldiers names added to martyrs database after research.
